date,route_title,route_url,substantial_weather_flag,rain_between_9pm_midnight,downtown_daily_rain,rain_category,daily_rain_category,window_precip_inches,max_hourly_precip_inches,rain_hours,daily_precip_inches,temp_mean_f,temp_min_f,temp_max_f,temp_category,dew_point_mean_f,relative_humidity_mean_pct,wind_speed_mean_mph,wind_speed_max_mph,wind_gust_max_mph,wind_direction_mean_deg,wind_category,visibility_min_miles,visibility_mean_miles,visibility_category,sky_conditions_summary,present_weather_summary,weather_window_start_local,weather_window_end_local,weather_hourly_available,weather_hourly_observed_hours,weather_hourly_station_id,weather_hourly_station_name,weather_hourly_station_lat,weather_hourly_station_lon,daily_station_id,daily_station_name,daily_station_lat,daily_station_lon,weather_evidence_level,weather_evidence_note,source_text,activity_id,activity_start_local,activity_end_local,weather_source,weather_provider,weather_station,weather_coverage_status,weather_missing_reason,weather_observation_time_local,weather_condition_raw,precipitation_type_raw,precipitation_intensity_inches_per_hour
2020-12-19,20:38:05 - SNS,https://handicapskater.com/common/maps/20201219-20_38_05-SNS-4493921718.html,False,False,False,No recorded rain from 9 PM to midnight,No downtown daily rain,0.0,0.0,0,0.0,53.0,47.0,61.0,Cool,43.142857142857146,70.14285714285714,5.142857142857143,10.0,,245.0784789212554,Breezy,10.0,10.0,Good visibility,FEW:02 200 (3); SCT:04 200 SCT:04 250 (2); FEW:02 200 FEW:02 250 (1),,2020-12-19T21:00:00-08:00,2020-12-19T23:59:59-08:00,True,7,UNKNOWN,Unknown hourly station,,,USW00023272,"SAN FRANCISCO DOWNTOWN, CA US",37.7705,-122.4269,Hourly LCDv2 weather used for 9 PM to midnight,"Skate route '20:38:05 - SNS' occurred on 2020-12-19. Hourly weather from Unknown hourly station (UNKNOWN) was summarized for 9 PM to midnight local time. Mean temperature was 53.0°F (Cool). No hourly precipitation was recorded in the 9 PM to midnight window. Mean wind was 5.1 mph, max wind 10.0 mph, max gust nan mph (Breezy). Minimum visibility was 10.0 miles (Good visibility). Sky conditions: FEW:02 200 (3); SCT:04 200 SCT:04 250 (2); FEW:02 200 FEW:02 250 (1).",2020-12-19 20:38:05 - SNS,4493921718,2020-12-19T20:38:05-08:00,2020-12-19T22:53:04-08:00,NOAA NCEI legacy route weather pipeline,NOAA NCEI,Unknown hourly station,legacy_fixed_local_window,,,,,
2020-12-24,20:42:47 - XNS,https://handicapskater.com/common/maps/20201224-20_42_47-XNS-4514564439.html,False,False,,No precipitation at activity weather observation,Daily precipitation unavailable,,,,,52.88,52.88,52.88,Activity-time point observation,39.02,59,4.0264853257,4.0264853257,6.26342161775,83,Activity-time point observation,9.99972659668,9.99972659668,Activity-time point observation,Cloud cover fraction 0.39,Strava weather condition code 2.0,2020-12-24T20:42:47-08:00,2020-12-24T23:23:40-08:00,True,1,,Unavailable in Strava export,,,,,,,Strava activity-time point weather observation,Activity-time Strava weather observation for 2020-12-24 20:42:47 - XNS: Strava weather condition code 2.0; temperature 52.88 F; wind 4.0264853257 mph; precipitation intensity 0 inches/hour. The upstream provider and station were not supplied by the export.,2020-12-24 20:42:47 - XNS,4514564439,2020-12-24T20:42:47-08:00,2020-12-24T23:23:40-08:00,Strava export activity weather fields,Unavailable in Strava export,Unavailable in Strava export,activity_time_point_observation,,2020-12-24T20:01:04-08:00,2.0,,0
2020-12-25,20:36:26 - Xmas FNS,https://handicapskater.com/common/maps/20201225-20_36_26-Xmas FNS-4517973252.html,True,True,True,Moderate rain from 9 PM to midnight,Moderate downtown daily rain,0.06,0.02,5,0.33,57.857142857142854,57.0,60.0,Mild,50.142857142857146,76.57142857142857,10.571428571428571,18.0,,195.07732941137505,Breezy,6.0,9.0,Reduced visibility,BKN:07 12 OVC:08 21 (1); FEW:02 9 BKN:07 13 (1); FEW:02 9 BKN:07 15 (1); OVC:08 55 (1); OVC:08 45 (1),BR:1 |BR | (1); ||BR (1); -RA:02 |RA |RA (1),2020-12-25T21:00:00-08:00,2020-12-25T23:59:59-08:00,True,8,UNKNOWN,Unknown hourly station,,,USW00023272,"SAN FRANCISCO DOWNTOWN, CA US",37.7705,-122.4269,Hourly LCDv2 weather used for 9 PM to midnight,"Skate route '20:36:26 - Xmas FNS' occurred on 2020-12-25. Hourly weather from Unknown hourly station (UNKNOWN) was summarized for 9 PM to midnight local time. Mean temperature was 57.9°F (Mild). Hourly precipitation totaled 0.060 inches with 5 rainy hour(s), categorized as Moderate rain from 9 PM to midnight. Mean wind was 10.6 mph, max wind 18.0 mph, max gust nan mph (Breezy). Minimum visibility was 6.0 miles (Reduced visibility). Present weather codes/summary: BR:1 |BR | (1); ||BR (1); -RA:02 |RA |RA (1). Sky conditions: BKN:07 12 OVC:08 21 (1); FEW:02 9 BKN:07 13 (1); FEW:02 9 BKN:07 15 (1); OVC:08 55 (1); OVC:08 45 (1). The local downtown station SAN FRANCISCO DOWNTOWN, CA US (USW00023272) recorded 0.330 inches of daily precipitation, categorized as Moderate downtown daily rain.",2020-12-25 20:36:26 - Xmas FNS,4517973252,2020-12-25T20:36:26-08:00,2020-12-25T22:52:52-08:00,NOAA NCEI legacy route weather pipeline,NOAA NCEI,Unknown hourly station,legacy_fixed_local_window,,,,,
2020-12-26,20:37:49 - SNS,https://handicapskater.com/common/maps/20201226-20_37_49-SNS-4522837852.html,False,False,False,No recorded rain from 9 PM to midnight,No downtown daily rain,0.0,0.0,0,0.0,54.42857142857143,49.0,60.0,Cool,46.142857142857146,74.14285714285714,3.7142857142857144,9.0,,239.92267058862495,Calm / light wind,10.0,10.0,Good visibility,BKN:07 200 (2); FEW:02 200 (1); SCT:04 39 BKN:07 200 (1); SCT:04 35 BKN:07 200 (1); FEW:02 35 SCT:04 140 BKN:07 200 (1),,2020-12-26T21:00:00-08:00,2020-12-26T23:59:59-08:00,True,7,UNKNOWN,Unknown hourly station,,,USW00023272,"SAN FRANCISCO DOWNTOWN, CA US",37.7705,-122.4269,Hourly LCDv2 weather used for 9 PM to midnight,"Skate route '20:37:49 - SNS' occurred on 2020-12-26. Hourly weather from Unknown hourly station (UNKNOWN) was summarized for 9 PM to midnight local time. Mean temperature was 54.4°F (Cool). No hourly precipitation was recorded in the 9 PM to midnight window. Mean wind was 3.7 mph, max wind 9.0 mph, max gust nan mph (Calm / light wind). Minimum visibility was 10.0 miles (Good visibility). Sky conditions: BKN:07 200 (2); FEW:02 200 (1); SCT:04 39 BKN:07 200 (1); SCT:04 35 BKN:07 200 (1); FEW:02 35 SCT:04 140 BKN:07 200 (1).",2020-12-26 20:37:49 - SNS,4522837852,2020-12-26T20:37:49-08:00,2020-12-26T22:57:26-08:00,NOAA NCEI legacy route weather pipeline,NOAA NCEI,Unknown hourly station,legacy_fixed_local_window,,,,,
2020-12-31,21:11:03 - ENS,https://handicapskater.com/common/maps/20201231-21_11_03-ENS-4549325088.html,False,False,,No precipitation at activity weather observation,Daily precipitation unavailable,,,,,52.34,52.34,52.34,Activity-time point observation,43.88,73,4.0264853257,4.0264853257,6.26342161775,341,Activity-time point observation,9.99972659668,9.99972659668,Activity-time point observation,Cloud cover fraction 0.21,Strava weather condition code 1.0,2020-12-31T21:11:03-08:00,2020-12-31T23:06:32-08:00,True,1,,Unavailable in Strava export,,,,,,,Strava activity-time point weather observation,Activity-time Strava weather observation for 2020-12-31 21:11:03 - ENS: Strava weather condition code 1.0; temperature 52.34 F; wind 4.0264853257 mph; precipitation intensity 0 inches/hour. The upstream provider and station were not supplied by the export.,2020-12-31 21:11:03 - ENS,4549325088,2020-12-31T21:11:03-08:00,2020-12-31T23:06:32-08:00,Strava export activity weather fields,Unavailable in Strava export,Unavailable in Strava export,activity_time_point_observation,,2020-12-31T21:00:48-08:00,1.0,,0
2021-01-01,20:59:40 - FNS in the Rain,https://handicapskater.com/common/maps/20210101-20_59_40-FNS in the Rain-4552166849.html,True,True,True,Light rain from 9 PM to midnight,Trace / damp pavement downtown daily rain,0.011,0.01,2,0.01,53.0,49.0,58.0,Cool,44.0,72.57142857142857,5.571428571428571,10.0,,246.24009272912826,Breezy,10.0,10.0,Good visibility,SCT:04 160 BKN:07 180 BKN:07 250 (2); FEW:02 65 BKN:07 150 (1); SCT:04 65 OVC:08 80 (1); SCT:04 60 BKN:07 75 OVC:08 90 (1); FEW:02 25 FEW:02 160 SCT:04 180 (1),,2021-01-01T21:00:00-08:00,2021-01-01T23:59:59-08:00,True,8,UNKNOWN,Unknown hourly station,,,USW00023272,"SAN FRANCISCO DOWNTOWN, CA US",37.7705,-122.4269,Hourly LCDv2 weather used for 9 PM to midnight,"Skate route '20:59:40 - FNS in the Rain' occurred on 2021-01-01. Hourly weather from Unknown hourly station (UNKNOWN) was summarized for 9 PM to midnight local time. Mean temperature was 53.0°F (Cool). Hourly precipitation totaled 0.011 inches with 2 rainy hour(s), categorized as Light rain from 9 PM to midnight. Mean wind was 5.6 mph, max wind 10.0 mph, max gust nan mph (Breezy). Minimum visibility was 10.0 miles (Good visibility). Sky conditions: SCT:04 160 BKN:07 180 BKN:07 250 (2); FEW:02 65 BKN:07 150 (1); SCT:04 65 OVC:08 80 (1); SCT:04 60 BKN:07 75 OVC:08 90 (1); FEW:02 25 FEW:02 160 SCT:04 180 (1). The local downtown station SAN FRANCISCO DOWNTOWN, CA US (USW00023272) recorded 0.010 inches of daily precipitation, categorized as Trace / damp pavement downtown daily rain.",2021-01-01 20:59:40 - FNS in the Rain,4552166849,2021-01-01T20:59:40-08:00,2021-01-01T23:30:36-08:00,NOAA NCEI legacy route weather pipeline,NOAA NCEI,Unknown hourly station,legacy_fixed_local_window,,,,,
2021-01-02,20:26:59 - SNS,https://handicapskater.com/common/maps/20210102-20_26_59-SNS-4558021724.html,True,True,True,Light rain from 9 PM to midnight,Light downtown daily rain,0.032,0.02,4,0.2,53.72727272727273,53.0,55.0,Cool,50.81818181818182,89.72727272727273,2.3636363636363638,9.0,,239.85107611658387,Calm / light wind,0.5,2.4,Very low visibility,BKN:07 4 OVC:08 8 (4); SCT:04 6 OVC:08 10 (2); SCT:04 4 BKN:07 7 BKN:07 120 (1); SCT:04 4 OVC:08 7 (1); SCT:04 4 BKN:07 9 BKN:07 120 (1),BR:1 |BR | (6); -RA:02 BR:1 |RA BR |RA (2); -RA:02 s BR:1 s |RA s BR s |RA s (2); ||BR (1),2021-01-02T21:00:00-08:00,2021-01-02T23:59:59-08:00,True,11,UNKNOWN,Unknown hourly station,,,USW00023272,"SAN FRANCISCO DOWNTOWN, CA US",37.7705,-122.4269,Hourly LCDv2 weather used for 9 PM to midnight,"Skate route '20:26:59 - SNS' occurred on 2021-01-02. Hourly weather from Unknown hourly station (UNKNOWN) was summarized for 9 PM to midnight local time. Mean temperature was 53.7°F (Cool). Hourly precipitation totaled 0.032 inches with 4 rainy hour(s), categorized as Light rain from 9 PM to midnight. Mean wind was 2.4 mph, max wind 9.0 mph, max gust nan mph (Calm / light wind). Minimum visibility was 0.5 miles (Very low visibility). Present weather codes/summary: BR:1 |BR | (6); -RA:02 BR:1 |RA BR |RA (2); -RA:02 s BR:1 s |RA s BR s |RA s (2); ||BR (1). Sky conditions: BKN:07 4 OVC:08 8 (4); SCT:04 6 OVC:08 10 (2); SCT:04 4 BKN:07 7 BKN:07 120 (1); SCT:04 4 OVC:08 7 (1); SCT:04 4 BKN:07 9 BKN:07 120 (1). The local downtown station SAN FRANCISCO DOWNTOWN, CA US (USW00023272) recorded 0.200 inches of daily precipitation, categorized as Light downtown daily rain.",2021-01-02 20:26:59 - SNS,4558021724,2021-01-02T20:26:59-08:00,2021-01-02T22:55:49-08:00,NOAA NCEI legacy route weather pipeline,NOAA NCEI,Unknown hourly station,legacy_fixed_local_window,,,,,
2021-01-08,20:33:14 - FNS,https://handicapskater.com/common/maps/20210108-20_33_14-FNS-4590146633.html,True,False,True,No recorded rain from 9 PM to midnight,Light downtown daily rain,0.0,0.0,0,0.04,54.888888888888886,48.0,60.0,Cool,48.666666666666664,79.88888888888889,4.444444444444445,7.0,,291.5717997226065,Calm / light wind,9.0,9.875,Good visibility,CLR:00 (2); FEW:02 23 (2); SCT:04 200 (1); BKN:07 9 OVC:08 19 (1); FEW:02 10 BKN:07 21 (1),,2021-01-08T21:00:00-08:00,2021-01-08T23:59:59-08:00,True,9,UNKNOWN,Unknown hourly station,,,USW00023272,"SAN FRANCISCO DOWNTOWN, CA US",37.7705,-122.4269,Hourly LCDv2 weather used for 9 PM to midnight,"Skate route '20:33:14 - FNS' occurred on 2021-01-08. Hourly weather from Unknown hourly station (UNKNOWN) was summarized for 9 PM to midnight local time. Mean temperature was 54.9°F (Cool). No hourly precipitation was recorded in the 9 PM to midnight window. Mean wind was 4.4 mph, max wind 7.0 mph, max gust nan mph (Calm / light wind). Minimum visibility was 9.0 miles (Good visibility). Sky conditions: CLR:00 (2); FEW:02 23 (2); SCT:04 200 (1); BKN:07 9 OVC:08 19 (1); FEW:02 10 BKN:07 21 (1). The local downtown station SAN FRANCISCO DOWNTOWN, CA US (USW00023272) recorded 0.040 inches of daily precipitation, categorized as Light downtown daily rain.",2021-01-08 20:33:14 - FNS,4590146633,2021-01-08T20:33:14-08:00,2021-01-08T22:56:40-08:00,NOAA NCEI legacy route weather pipeline,NOAA NCEI,Unknown hourly station,legacy_fixed_local_window,,,,,
2021-01-09,20:37:15 - SNS,https://handicapskater.com/common/maps/20210109-20_37_15-SNS-4598121593.html,False,False,False,No recorded rain from 9 PM to midnight,No downtown daily rain,0.0,0.0,0,0.0,54.142857142857146,48.0,60.0,Cool,43.857142857142854,69.85714285714286,6.285714285714286,8.0,,286.98791428146603,Calm / light wind,10.0,10.0,Good visibility,CLR:00 (3); FEW:02 180 BKN:07 200 (2); FEW:02 180 SCT:04 200 (1),,2021-01-09T21:00:00-08:00,2021-01-09T23:59:59-08:00,True,7,UNKNOWN,Unknown hourly station,,,USW00023272,"SAN FRANCISCO DOWNTOWN, CA US",37.7705,-122.4269,Hourly LCDv2 weather used for 9 PM to midnight,"Skate route '20:37:15 - SNS' occurred on 2021-01-09. Hourly weather from Unknown hourly station (UNKNOWN) was summarized for 9 PM to midnight local time. Mean temperature was 54.1°F (Cool). No hourly precipitation was recorded in the 9 PM to midnight window. Mean wind was 6.3 mph, max wind 8.0 mph, max gust nan mph (Calm / light wind). Minimum visibility was 10.0 miles (Good visibility). Sky conditions: CLR:00 (3); FEW:02 180 BKN:07 200 (2); FEW:02 180 SCT:04 200 (1).",2021-01-09 20:37:15 - SNS,4598121593,2021-01-09T20:37:15-08:00,2021-01-09T22:55:09-08:00,NOAA NCEI legacy route weather pipeline,NOAA NCEI,Unknown hourly station,legacy_fixed_local_window,,,,,
2021-01-16,20:35:36 - SNS,https://handicapskater.com/common/maps/20210116-20_35_36-SNS-4633276625.html,False,False,False,No recorded rain from 9 PM to midnight,No downtown daily rain,0.0,0.0,0,0.0,60.75,52.0,70.0,Mild,49.875,69.625,5.125,10.0,,269.403504502943,Breezy,10.0,10.0,Good visibility,CLR:00 (3); FEW:02 6 FEW:02 180 SCT:04 200 (2); FEW:02 180 SCT:04 200 (1); FEW:02 6 FEW:02 180 BKN:07 200 (1),,2021-01-16T21:00:00-08:00,2021-01-16T23:59:59-08:00,True,8,UNKNOWN,Unknown hourly station,,,USW00023272,"SAN FRANCISCO DOWNTOWN, CA US",37.7705,-122.4269,Hourly LCDv2 weather used for 9 PM to midnight,"Skate route '20:35:36 - SNS' occurred on 2021-01-16. Hourly weather from Unknown hourly station (UNKNOWN) was summarized for 9 PM to midnight local time. Mean temperature was 60.8°F (Mild). No hourly precipitation was recorded in the 9 PM to midnight window. Mean wind was 5.1 mph, max wind 10.0 mph, max gust nan mph (Breezy). Minimum visibility was 10.0 miles (Good visibility). Sky conditions: CLR:00 (3); FEW:02 6 FEW:02 180 SCT:04 200 (2); FEW:02 180 SCT:04 200 (1); FEW:02 6 FEW:02 180 BKN:07 200 (1).",2021-01-16 20:35:36 - SNS,4633276625,2021-01-16T20:35:36-08:00,2021-01-16T22:48:11-08:00,NOAA NCEI legacy route weather pipeline,NOAA NCEI,Unknown hourly station,legacy_fixed_local_window,,,,,
2021-01-17,20:49:47 - ENS,https://handicapskater.com/common/maps/20210117-20_49_47-ENS-4639801574.html,False,False,,No precipitation at activity weather observation,Daily precipitation unavailable,,,,,58.28,58.28,58.28,Activity-time point observation,44.96,61,2.90801717967,2.90801717967,4.0264853257,30,Activity-time point observation,9.99972659668,9.99972659668,Activity-time point observation,Cloud cover fraction 0.22,Strava weather condition code 1.0,2021-01-17T20:49:47-08:00,2021-01-17T23:34:24-08:00,True,1,,Unavailable in Strava export,,,,,,,Strava activity-time point weather observation,Activity-time Strava weather observation for 2021-01-17 20:49:47 - ENS: Strava weather condition code 1.0; temperature 58.28 F; wind 2.90801717967 mph; precipitation intensity 0 inches/hour. The upstream provider and station were not supplied by the export.,2021-01-17 20:49:47 - ENS,4639801574,2021-01-17T20:49:47-08:00,2021-01-17T23:34:24-08:00,Strava export activity weather fields,Unavailable in Strava export,Unavailable in Strava export,activity_time_point_observation,,2021-01-17T20:01:04-08:00,1.0,,0
2021-01-22,20:40:48 - FNS,https://handicapskater.com/common/maps/20210122-20_40_48-FNS-4665528929.html,True,True,True,Light rain from 9 PM to midnight,Light downtown daily rain,0.003,0.001,3,0.13,52.0,50.0,56.0,Cool,43.714285714285715,73.85714285714286,3.142857142857143,14.0,,234.12605827488514,Breezy,10.0,10.0,Good visibility,FEW:02 23 BKN:07 33 BKN:07 95 (1); FEW:02 18 BKN:07 90 OVC:08 100 (1); FEW:02 55 OVC:08 75 (1); SCT:04 29 BKN:07 38 OVC:08 60 (1); SCT:04 18 BKN:07 53 OVC:08 55 (1),,2021-01-22T21:00:00-08:00,2021-01-22T23:59:59-08:00,True,7,UNKNOWN,Unknown hourly station,,,USW00023272,"SAN FRANCISCO DOWNTOWN, CA US",37.7705,-122.4269,Hourly LCDv2 weather used for 9 PM to midnight,"Skate route '20:40:48 - FNS' occurred on 2021-01-22. Hourly weather from Unknown hourly station (UNKNOWN) was summarized for 9 PM to midnight local time. Mean temperature was 52.0°F (Cool). Hourly precipitation totaled 0.003 inches with 3 rainy hour(s), categorized as Light rain from 9 PM to midnight. Mean wind was 3.1 mph, max wind 14.0 mph, max gust nan mph (Breezy). Minimum visibility was 10.0 miles (Good visibility). Sky conditions: FEW:02 23 BKN:07 33 BKN:07 95 (1); FEW:02 18 BKN:07 90 OVC:08 100 (1); FEW:02 55 OVC:08 75 (1); SCT:04 29 BKN:07 38 OVC:08 60 (1); SCT:04 18 BKN:07 53 OVC:08 55 (1). The local downtown station SAN FRANCISCO DOWNTOWN, CA US (USW00023272) recorded 0.130 inches of daily precipitation, categorized as Light downtown daily rain.",2021-01-22 20:40:48 - FNS,4665528929,2021-01-22T20:40:48-08:00,2021-01-22T23:32:37-08:00,NOAA NCEI legacy route weather pipeline,NOAA NCEI,Unknown hourly station,legacy_fixed_local_window,,,,,
2021-01-23,20:26:06 - SNS,https://handicapskater.com/common/maps/20210123-20_26_06-SNS-4673799069.html,False,False,False,No recorded rain from 9 PM to midnight,No downtown daily rain,0.0,0.0,0,0.0,52.142857142857146,46.0,58.0,Cool,42.42857142857143,70.71428571428571,5.857142857142857,10.0,,248.15554843995784,Breezy,10.0,10.0,Good visibility,CLR:00 (3); FEW:02 34 (2); FEW:02 30 (1),,2021-01-23T21:00:00-08:00,2021-01-23T23:59:59-08:00,True,7,UNKNOWN,Unknown hourly station,,,USW00023272,"SAN FRANCISCO DOWNTOWN, CA US",37.7705,-122.4269,Hourly LCDv2 weather used for 9 PM to midnight,"Skate route '20:26:06 - SNS' occurred on 2021-01-23. Hourly weather from Unknown hourly station (UNKNOWN) was summarized for 9 PM to midnight local time. Mean temperature was 52.1°F (Cool). No hourly precipitation was recorded in the 9 PM to midnight window. Mean wind was 5.9 mph, max wind 10.0 mph, max gust nan mph (Breezy). Minimum visibility was 10.0 miles (Good visibility). Sky conditions: CLR:00 (3); FEW:02 34 (2); FEW:02 30 (1).",2021-01-23 20:26:06 - SNS,4673799069,2021-01-23T20:26:06-08:00,2021-01-23T23:01:57-08:00,NOAA NCEI legacy route weather pipeline,NOAA NCEI,Unknown hourly station,legacy_fixed_local_window,,,,,
2021-01-29,20:54:39 - FNS,https://handicapskater.com/common/maps/20210129-20_54_39-FNS-4703082032.html,True,False,True,No recorded rain from 9 PM to midnight,Moderate downtown daily rain,0.0,0.0,0,0.47,52.0,48.0,56.0,Cool,42.142857142857146,70.0,3.857142857142857,7.0,,208.48504384238467,Calm / light wind,10.0,10.0,Good visibility,BKN:07 180 (3); FEW:02 55 FEW:02 200 (2); FEW:02 18 FEW:02 200 (1),,2021-01-29T21:00:00-08:00,2021-01-29T23:59:59-08:00,True,7,UNKNOWN,Unknown hourly station,,,USW00023272,"SAN FRANCISCO DOWNTOWN, CA US",37.7705,-122.4269,Hourly LCDv2 weather used for 9 PM to midnight,"Skate route '20:54:39 - FNS' occurred on 2021-01-29. Hourly weather from Unknown hourly station (UNKNOWN) was summarized for 9 PM to midnight local time. Mean temperature was 52.0°F (Cool). No hourly precipitation was recorded in the 9 PM to midnight window. Mean wind was 3.9 mph, max wind 7.0 mph, max gust nan mph (Calm / light wind). Minimum visibility was 10.0 miles (Good visibility). Sky conditions: BKN:07 180 (3); FEW:02 55 FEW:02 200 (2); FEW:02 18 FEW:02 200 (1). The local downtown station SAN FRANCISCO DOWNTOWN, CA US (USW00023272) recorded 0.470 inches of daily precipitation, categorized as Moderate downtown daily rain.",2021-01-29 20:54:39 - FNS,4703082032,2021-01-29T20:54:39-08:00,2021-01-29T23:45:06-08:00,NOAA NCEI legacy route weather pipeline,NOAA NCEI,Unknown hourly station,legacy_fixed_local_window,,,,,
2021-01-30,20:42:12 - SNS,https://handicapskater.com/common/maps/20210130-20_42_12-SNS-4709214222.html,False,False,False,No recorded rain from 9 PM to midnight,No downtown daily rain,0.0,0.0,0,0.0,55.57142857142857,53.0,60.0,Mild,42.57142857142857,62.857142857142854,4.285714285714286,7.0,,225.10945227789233,Calm / light wind,10.0,10.0,Good visibility,FEW:02 30 FEW:02 80 BKN:07 100 (2); BKN:07 180 (1); FEW:02 85 BKN:07 110 (1); FEW:02 30 SCT:04 80 BKN:07 100 (1),,2021-01-30T21:00:00-08:00,2021-01-30T23:59:59-08:00,True,7,UNKNOWN,Unknown hourly station,,,USW00023272,"SAN FRANCISCO DOWNTOWN, CA US",37.7705,-122.4269,Hourly LCDv2 weather used for 9 PM to midnight,"Skate route '20:42:12 - SNS' occurred on 2021-01-30. Hourly weather from Unknown hourly station (UNKNOWN) was summarized for 9 PM to midnight local time. Mean temperature was 55.6°F (Mild). No hourly precipitation was recorded in the 9 PM to midnight window. Mean wind was 4.3 mph, max wind 7.0 mph, max gust nan mph (Calm / light wind). Minimum visibility was 10.0 miles (Good visibility). Sky conditions: FEW:02 30 FEW:02 80 BKN:07 100 (2); BKN:07 180 (1); FEW:02 85 BKN:07 110 (1); FEW:02 30 SCT:04 80 BKN:07 100 (1).",2021-01-30 20:42:12 - SNS,4709214222,2021-01-30T20:42:12-08:00,2021-01-30T23:38:32-08:00,NOAA NCEI legacy route weather pipeline,NOAA NCEI,Unknown hourly station,legacy_fixed_local_window,,,,,
2021-02-05,20:54:30 - FNS,https://handicapskater.com/common/maps/20210205-20_54_30-FNS-4741958442.html,False,False,False,No recorded rain from 9 PM to midnight,No downtown daily rain,0.0,0.0,0,0.0,57.142857142857146,49.0,66.0,Mild,40.57142857142857,58.0,3.2857142857142856,10.0,,265.0,Breezy,10.0,10.0,Good visibility,CLR:00 (4); FEW:02 10 (2),,2021-02-05T21:00:00-08:00,2021-02-05T23:59:59-08:00,True,7,UNKNOWN,Unknown hourly station,,,USW00023272,"SAN FRANCISCO DOWNTOWN, CA US",37.7705,-122.4269,Hourly LCDv2 weather used for 9 PM to midnight,"Skate route '20:54:30 - FNS' occurred on 2021-02-05. Hourly weather from Unknown hourly station (UNKNOWN) was summarized for 9 PM to midnight local time. Mean temperature was 57.1°F (Mild). No hourly precipitation was recorded in the 9 PM to midnight window. Mean wind was 3.3 mph, max wind 10.0 mph, max gust nan mph (Breezy). Minimum visibility was 10.0 miles (Good visibility). Sky conditions: CLR:00 (4); FEW:02 10 (2).",2021-02-05 20:54:30 - FNS,4741958442,2021-02-05T20:54:30-08:00,2021-02-05T23:57:12-08:00,NOAA NCEI legacy route weather pipeline,NOAA NCEI,Unknown hourly station,legacy_fixed_local_window,,,,,
2021-02-12,20:57:10 - FNS,https://handicapskater.com/common/maps/20210212-20_57_10-FNS-4778292741.html,True,False,False,No recorded rain from 9 PM to midnight,No downtown daily rain,0.0,0.0,0,0.0,56.625,54.0,61.0,Mild,48.875,75.875,18.375,23.0,28.0,283.7470169862312,Windy,10.0,10.0,Good visibility,FEW:02 7 BKN:07 15 BKN:07 21 (1); FEW:02 6 BKN:07 14 OVC:08 80 (1); FEW:02 6 BKN:07 13 OVC:08 80 (1); FEW:02 6 BKN:07 13 (1); FEW:02 15 SCT:04 180 (1),,2021-02-12T21:00:00-08:00,2021-02-12T23:59:59-08:00,True,8,UNKNOWN,Unknown hourly station,,,USW00023272,"SAN FRANCISCO DOWNTOWN, CA US",37.7705,-122.4269,Hourly LCDv2 weather used for 9 PM to midnight,"Skate route '20:57:10 - FNS' occurred on 2021-02-12. Hourly weather from Unknown hourly station (UNKNOWN) was summarized for 9 PM to midnight local time. Mean temperature was 56.6°F (Mild). No hourly precipitation was recorded in the 9 PM to midnight window. Mean wind was 18.4 mph, max wind 23.0 mph, max gust 28.0 mph (Windy). Minimum visibility was 10.0 miles (Good visibility). Sky conditions: FEW:02 7 BKN:07 15 BKN:07 21 (1); FEW:02 6 BKN:07 14 OVC:08 80 (1); FEW:02 6 BKN:07 13 OVC:08 80 (1); FEW:02 6 BKN:07 13 (1); FEW:02 15 SCT:04 180 (1).",2021-02-12 20:57:10 - FNS,4778292741,2021-02-12T20:57:10-08:00,2021-02-12T23:11:49-08:00,NOAA NCEI legacy route weather pipeline,NOAA NCEI,Unknown hourly station,legacy_fixed_local_window,,,,,
2021-02-13,20:34:28 - SNS,https://handicapskater.com/common/maps/20210213-20_34_28-SNS-4783811560.html,True,False,True,No recorded rain from 9 PM to midnight,Light downtown daily rain,0.0,0.0,0,0.08,56.0,51.0,63.0,Mild,45.0,67.71428571428571,16.285714285714285,23.0,,290.0,Windy,10.0,10.0,Good visibility,FEW:02 180 (3); FEW:02 20 BKN:07 200 (2); FEW:02 20 SCT:04 80 BKN:07 200 (1),,2021-02-13T21:00:00-08:00,2021-02-13T23:59:59-08:00,True,7,UNKNOWN,Unknown hourly station,,,USW00023272,"SAN FRANCISCO DOWNTOWN, CA US",37.7705,-122.4269,Hourly LCDv2 weather used for 9 PM to midnight,"Skate route '20:34:28 - SNS' occurred on 2021-02-13. Hourly weather from Unknown hourly station (UNKNOWN) was summarized for 9 PM to midnight local time. Mean temperature was 56.0°F (Mild). No hourly precipitation was recorded in the 9 PM to midnight window. Mean wind was 16.3 mph, max wind 23.0 mph, max gust nan mph (Windy). Minimum visibility was 10.0 miles (Good visibility). Sky conditions: FEW:02 180 (3); FEW:02 20 BKN:07 200 (2); FEW:02 20 SCT:04 80 BKN:07 200 (1). The local downtown station SAN FRANCISCO DOWNTOWN, CA US (USW00023272) recorded 0.080 inches of daily precipitation, categorized as Light downtown daily rain.",2021-02-13 20:34:28 - SNS,4783811560,2021-02-13T20:34:28-08:00,2021-02-13T23:19:12-08:00,NOAA NCEI legacy route weather pipeline,NOAA NCEI,Unknown hourly station,legacy_fixed_local_window,,,,,
2021-02-14,20:31:48 - ENS,https://handicapskater.com/common/maps/20210214-20_31_48-ENS-4790840621.html,False,True,,Precipitation observed at activity weather observation,Daily precipitation unavailable,,,,,51.8,51.8,51.8,Activity-time point observation,50.36,95,7.60558339298,7.60558339298,11.1846814603,200,Activity-time point observation,9.99972659668,9.99972659668,Activity-time point observation,Cloud cover fraction 0.98,Strava weather condition code 5.0,2021-02-14T20:31:48-08:00,2021-02-14T23:16:18-08:00,True,1,,Unavailable in Strava export,,,,,,,Strava activity-time point weather observation,Activity-time Strava weather observation for 2021-02-14 20:31:48 - ENS: Strava weather condition code 5.0; temperature 51.8 F; wind 7.60558339298 mph; precipitation intensity 0.00393700787402 inches/hour. The upstream provider and station were not supplied by the export.,2021-02-14 20:31:48 - ENS,4790840621,2021-02-14T20:31:48-08:00,2021-02-14T23:16:18-08:00,Strava export activity weather fields,Unavailable in Strava export,Unavailable in Strava export,activity_time_point_observation,,2021-02-14T20:01:04-08:00,5.0,5.0,0.00393700787402
2021-02-19,20:58:05 - FNS,https://handicapskater.com/common/maps/20210219-20_58_05-FNS-4815479443.html,True,False,True,No recorded rain from 9 PM to midnight,Moderate downtown daily rain,0.0,0.0,0,0.28,56.5,52.0,60.0,Mild,48.5,74.66666666666667,10.166666666666666,14.0,,266.04150205873077,Breezy,10.0,10.0,Good visibility,FEW:02 5 FEW:02 16 SCT:04 44 (2); FEW:02 6 SCT:04 10 BKN:07 16 (2); FEW:02 5 BKN:07 16 (1); FEW:02 5 BKN:07 16 BKN:07 21 (1); SCT:04 90 (1),,2021-02-19T21:00:00-08:00,2021-02-19T23:59:59-08:00,True,12,UNKNOWN,Unknown hourly station,,,USW00023272,"SAN FRANCISCO DOWNTOWN, CA US",37.7705,-122.4269,Hourly LCDv2 weather used for 9 PM to midnight,"Skate route '20:58:05 - FNS' occurred on 2021-02-19. Hourly weather from Unknown hourly station (UNKNOWN) was summarized for 9 PM to midnight local time. Mean temperature was 56.5°F (Mild). No hourly precipitation was recorded in the 9 PM to midnight window. Mean wind was 10.2 mph, max wind 14.0 mph, max gust nan mph (Breezy). Minimum visibility was 10.0 miles (Good visibility). Sky conditions: FEW:02 5 FEW:02 16 SCT:04 44 (2); FEW:02 6 SCT:04 10 BKN:07 16 (2); FEW:02 5 BKN:07 16 (1); FEW:02 5 BKN:07 16 BKN:07 21 (1); SCT:04 90 (1). The local downtown station SAN FRANCISCO DOWNTOWN, CA US (USW00023272) recorded 0.280 inches of daily precipitation, categorized as Moderate downtown daily rain.",2021-02-19 20:58:05 - FNS,4815479443,2021-02-19T20:58:05-08:00,2021-02-19T23:53:00-08:00,NOAA NCEI legacy route weather pipeline,NOAA NCEI,Unknown hourly station,legacy_fixed_local_window,,,,,
2021-02-20,20:35:57 - SNS,https://handicapskater.com/common/maps/20210220-20_35_57-SNS-4826150698.html,True,False,True,No recorded rain from 9 PM to midnight,Light downtown daily rain,0.0,0.0,0,0.02,56.666666666666664,50.0,63.0,Mild,42.666666666666664,62.166666666666664,10.833333333333334,16.0,,278.5010595517083,Breezy,10.0,10.0,Good visibility,CLR:00 (3); SCT:04 50 (2); SCT:04 40 SCT:04 50 (1),,2021-02-20T21:00:00-08:00,2021-02-20T23:59:59-08:00,True,6,UNKNOWN,Unknown hourly station,,,USW00023272,"SAN FRANCISCO DOWNTOWN, CA US",37.7705,-122.4269,Hourly LCDv2 weather used for 9 PM to midnight,"Skate route '20:35:57 - SNS' occurred on 2021-02-20. Hourly weather from Unknown hourly station (UNKNOWN) was summarized for 9 PM to midnight local time. Mean temperature was 56.7°F (Mild). No hourly precipitation was recorded in the 9 PM to midnight window. Mean wind was 10.8 mph, max wind 16.0 mph, max gust nan mph (Breezy). Minimum visibility was 10.0 miles (Good visibility). Sky conditions: CLR:00 (3); SCT:04 50 (2); SCT:04 40 SCT:04 50 (1). The local downtown station SAN FRANCISCO DOWNTOWN, CA US (USW00023272) recorded 0.020 inches of daily precipitation, categorized as Light downtown daily rain.",2021-02-20 20:35:57 - SNS,4826150698,2021-02-20T20:35:57-08:00,2021-02-20T23:49:10-08:00,NOAA NCEI legacy route weather pipeline,NOAA NCEI,Unknown hourly station,legacy_fixed_local_window,,,,,
2021-02-26,20:50:45 - FNS,https://handicapskater.com/common/maps/20210226-20_50_45-FNS-4856587643.html,False,False,False,No recorded rain from 9 PM to midnight,No downtown daily rain,0.0,0.0,0,0.0,55.714285714285715,50.0,64.0,Mild,41.57142857142857,60.142857142857146,13.428571428571429,17.0,,277.5448355916299,Breezy,10.0,10.0,Good visibility,CLR:00 (3); FEW:02 15 FEW:02 200 (2); FEW:02 10 (1),,2021-02-26T21:00:00-08:00,2021-02-26T23:59:59-08:00,True,7,UNKNOWN,Unknown hourly station,,,USW00023272,"SAN FRANCISCO DOWNTOWN, CA US",37.7705,-122.4269,Hourly LCDv2 weather used for 9 PM to midnight,"Skate route '20:50:45 - FNS' occurred on 2021-02-26. Hourly weather from Unknown hourly station (UNKNOWN) was summarized for 9 PM to midnight local time. Mean temperature was 55.7°F (Mild). No hourly precipitation was recorded in the 9 PM to midnight window. Mean wind was 13.4 mph, max wind 17.0 mph, max gust nan mph (Breezy). Minimum visibility was 10.0 miles (Good visibility). Sky conditions: CLR:00 (3); FEW:02 15 FEW:02 200 (2); FEW:02 10 (1).",2021-02-26 20:50:45 - FNS,4856587643,2021-02-26T20:50:45-08:00,2021-02-26T23:49:19-08:00,NOAA NCEI legacy route weather pipeline,NOAA NCEI,Unknown hourly station,legacy_fixed_local_window,,,,,
2021-02-27,20:38:04 - SNS,https://handicapskater.com/common/maps/20210227-20_38_04-SNS-4862852564.html,False,False,False,No recorded rain from 9 PM to midnight,No downtown daily rain,0.0,0.0,0,0.0,56.0,48.0,64.0,Mild,40.57142857142857,59.0,12.142857142857142,17.0,,288.56965266677975,Breezy,10.0,10.0,Good visibility,CLR:00 (3); FEW:02 200 (2); BKN:07 250 (1),,2021-02-27T21:00:00-08:00,2021-02-27T23:59:59-08:00,True,7,UNKNOWN,Unknown hourly station,,,USW00023272,"SAN FRANCISCO DOWNTOWN, CA US",37.7705,-122.4269,Hourly LCDv2 weather used for 9 PM to midnight,"Skate route '20:38:04 - SNS' occurred on 2021-02-27. Hourly weather from Unknown hourly station (UNKNOWN) was summarized for 9 PM to midnight local time. Mean temperature was 56.0°F (Mild). No hourly precipitation was recorded in the 9 PM to midnight window. Mean wind was 12.1 mph, max wind 17.0 mph, max gust nan mph (Breezy). Minimum visibility was 10.0 miles (Good visibility). Sky conditions: CLR:00 (3); FEW:02 200 (2); BKN:07 250 (1).",2021-02-27 20:38:04 - SNS,4862852564,2021-02-27T20:38:04-08:00,2021-02-27T23:00:09-08:00,NOAA NCEI legacy route weather pipeline,NOAA NCEI,Unknown hourly station,legacy_fixed_local_window,,,,,
2021-03-06,20:44:09 - SNS,https://handicapskater.com/common/maps/20210306-20_44_09-SNS-4906938184.html,True,False,True,No recorded rain from 9 PM to midnight,Light downtown daily rain,0.0,0.0,0,0.05,54.714285714285715,50.0,61.0,Cool,42.714285714285715,64.85714285714286,13.571428571428571,17.0,,284.30266140541534,Breezy,10.0,10.0,Good visibility,FEW:02 13 (2); FEW:02 30 (2); FEW:02 12 (1); FEW:02 30 FEW:02 250 (1),,2021-03-06T21:00:00-08:00,2021-03-06T23:59:59-08:00,True,7,UNKNOWN,Unknown hourly station,,,USW00023272,"SAN FRANCISCO DOWNTOWN, CA US",37.7705,-122.4269,Hourly LCDv2 weather used for 9 PM to midnight,"Skate route '20:44:09 - SNS' occurred on 2021-03-06. Hourly weather from Unknown hourly station (UNKNOWN) was summarized for 9 PM to midnight local time. Mean temperature was 54.7°F (Cool). No hourly precipitation was recorded in the 9 PM to midnight window. Mean wind was 13.6 mph, max wind 17.0 mph, max gust nan mph (Breezy). Minimum visibility was 10.0 miles (Good visibility). Sky conditions: FEW:02 13 (2); FEW:02 30 (2); FEW:02 12 (1); FEW:02 30 FEW:02 250 (1). The local downtown station SAN FRANCISCO DOWNTOWN, CA US (USW00023272) recorded 0.050 inches of daily precipitation, categorized as Light downtown daily rain.",2021-03-06 20:44:09 - SNS,4906938184,2021-03-06T20:44:09-08:00,2021-03-06T23:32:58-08:00,NOAA NCEI legacy route weather pipeline,NOAA NCEI,Unknown hourly station,legacy_fixed_local_window,,,,,
2021-03-12,20:54:19 - FNS,https://handicapskater.com/common/maps/20210312-20_54_19-FNS-4939906694.html,True,False,False,No recorded rain from 9 PM to midnight,No downtown daily rain,0.0,0.0,0,0.0,55.2,51.0,64.0,Mild,45.0,69.8,11.0,14.0,20.0,265.8167420018108,Windy,9.0,9.88888888888889,Good visibility,FEW:02 6 BKN:07 12 (3); FEW:02 25 (3); FEW:02 7 (2); BKN:07 12 (1),,2021-03-12T21:00:00-08:00,2021-03-12T23:59:59-08:00,True,10,UNKNOWN,Unknown hourly station,,,USW00023272,"SAN FRANCISCO DOWNTOWN, CA US",37.7705,-122.4269,Hourly LCDv2 weather used for 9 PM to midnight,"Skate route '20:54:19 - FNS' occurred on 2021-03-12. Hourly weather from Unknown hourly station (UNKNOWN) was summarized for 9 PM to midnight local time. Mean temperature was 55.2°F (Mild). No hourly precipitation was recorded in the 9 PM to midnight window. Mean wind was 11.0 mph, max wind 14.0 mph, max gust 20.0 mph (Windy). Minimum visibility was 9.0 miles (Good visibility). Sky conditions: FEW:02 6 BKN:07 12 (3); FEW:02 25 (3); FEW:02 7 (2); BKN:07 12 (1).",2021-03-12 20:54:19 - FNS,4939906694,2021-03-12T20:54:19-08:00,2021-03-13T00:05:19-08:00,NOAA NCEI legacy route weather pipeline,NOAA NCEI,Unknown hourly station,legacy_fixed_local_window,,,,,
2021-03-13,20:48:56 - SNS,https://handicapskater.com/common/maps/20210313-20_48_56-SNS-4943149260.html,False,False,False,No recorded rain from 9 PM to midnight,No downtown daily rain,0.0,0.0,0,0.0,54.5,51.0,59.0,Cool,40.625,60.25,11.875,18.0,,251.6788801678518,Breezy,10.0,10.0,Good visibility,BKN:07 27 (2); SCT:04 24 (2); BKN:07 28 (1); FEW:02 24 (1); FEW:02 24 SCT:04 80 (1),,2021-03-13T21:00:00-08:00,2021-03-13T23:59:59-08:00,True,8,UNKNOWN,Unknown hourly station,,,USW00023272,"SAN FRANCISCO DOWNTOWN, CA US",37.7705,-122.4269,Hourly LCDv2 weather used for 9 PM to midnight,"Skate route '20:48:56 - SNS' occurred on 2021-03-13. Hourly weather from Unknown hourly station (UNKNOWN) was summarized for 9 PM to midnight local time. Mean temperature was 54.5°F (Cool). No hourly precipitation was recorded in the 9 PM to midnight window. Mean wind was 11.9 mph, max wind 18.0 mph, max gust nan mph (Breezy). Minimum visibility was 10.0 miles (Good visibility). Sky conditions: BKN:07 27 (2); SCT:04 24 (2); BKN:07 28 (1); FEW:02 24 (1); FEW:02 24 SCT:04 80 (1).",2021-03-13 20:48:56 - SNS,4943149260,2021-03-13T20:48:56-08:00,2021-03-13T23:27:06-08:00,NOAA NCEI legacy route weather pipeline,NOAA NCEI,Unknown hourly station,legacy_fixed_local_window,,,,,
2021-03-17,18:12:30 - ENS,https://handicapskater.com/common/maps/20210317-18_12_30-ENS-4965501276.html,False,False,,No precipitation at activity weather observation,Daily precipitation unavailable,,,,,50.18,50.18,50.18,Activity-time point observation,39.92,68,7.15819613457,7.15819613457,12.3031496063,245,Activity-time point observation,9.99972659668,9.99972659668,Activity-time point observation,Cloud cover fraction 0.89,Strava weather condition code 3.0,2021-03-17T18:12:30-07:00,2021-03-17T20:56:27-07:00,True,1,,Unavailable in Strava export,,,,,,,Strava activity-time point weather observation,Activity-time Strava weather observation for 2021-03-17 18:12:30 - ENS: Strava weather condition code 3.0; temperature 50.18 F; wind 7.15819613457 mph; precipitation intensity 0 inches/hour. The upstream provider and station were not supplied by the export.,2021-03-17 18:12:30 - ENS,4965501276,2021-03-17T18:12:30-07:00,2021-03-17T20:56:27-07:00,Strava export activity weather fields,Unavailable in Strava export,Unavailable in Strava export,activity_time_point_observation,,2021-03-17T17:59:44-07:00,3.0,,0
2021-03-19,20:53:45 - FNS,https://handicapskater.com/common/maps/20210319-20_53_45-FNS-4977181906.html,True,False,True,No recorded rain from 9 PM to midnight,Trace / damp pavement downtown daily rain,0.0,0.0,0,0.01,55.0,52.0,61.0,Mild,45.0,69.875,11.125,16.0,,286.2866681242433,Breezy,10.0,10.0,Good visibility,FEW:02 35 SCT:04 85 BKN:07 180 (2); FEW:02 8 BKN:07 15 (1); FEW:02 7 BKN:07 17 BKN:07 22 (1); FEW:02 7 SCT:04 18 (1); FEW:02 7 SCT:04 20 SCT:04 26 (1),,2021-03-19T21:00:00-07:00,2021-03-19T23:59:59-07:00,True,8,UNKNOWN,Unknown hourly station,,,USW00023272,"SAN FRANCISCO DOWNTOWN, CA US",37.7705,-122.4269,Hourly LCDv2 weather used for 9 PM to midnight,"Skate route '20:53:45 - FNS' occurred on 2021-03-19. Hourly weather from Unknown hourly station (UNKNOWN) was summarized for 9 PM to midnight local time. Mean temperature was 55.0°F (Mild). No hourly precipitation was recorded in the 9 PM to midnight window. Mean wind was 11.1 mph, max wind 16.0 mph, max gust nan mph (Breezy). Minimum visibility was 10.0 miles (Good visibility). Sky conditions: FEW:02 35 SCT:04 85 BKN:07 180 (2); FEW:02 8 BKN:07 15 (1); FEW:02 7 BKN:07 17 BKN:07 22 (1); FEW:02 7 SCT:04 18 (1); FEW:02 7 SCT:04 20 SCT:04 26 (1). The local downtown station SAN FRANCISCO DOWNTOWN, CA US (USW00023272) recorded 0.010 inches of daily precipitation, categorized as Trace / damp pavement downtown daily rain.",2021-03-19 20:53:45 - FNS,4977181906,2021-03-19T20:53:45-07:00,2021-03-20T00:12:12-07:00,NOAA NCEI legacy route weather pipeline,NOAA NCEI,Unknown hourly station,legacy_fixed_local_window,,,,,
2021-03-20,20:41:36 - SNS,https://handicapskater.com/common/maps/20210320-20_41_36-SNS-4982081496.html,True,False,False,No recorded rain from 9 PM to midnight,No downtown daily rain,0.0,0.0,0,0.0,54.0,50.0,59.0,Cool,43.0,67.85714285714286,13.428571428571429,20.0,,277.1660942474199,Windy,10.0,10.0,Good visibility,CLR:00 (3); FEW:02 40 (2); SCT:04 40 (1),,2021-03-20T21:00:00-07:00,2021-03-20T23:59:59-07:00,True,7,UNKNOWN,Unknown hourly station,,,USW00023272,"SAN FRANCISCO DOWNTOWN, CA US",37.7705,-122.4269,Hourly LCDv2 weather used for 9 PM to midnight,"Skate route '20:41:36 - SNS' occurred on 2021-03-20. Hourly weather from Unknown hourly station (UNKNOWN) was summarized for 9 PM to midnight local time. Mean temperature was 54.0°F (Cool). No hourly precipitation was recorded in the 9 PM to midnight window. Mean wind was 13.4 mph, max wind 20.0 mph, max gust nan mph (Windy). Minimum visibility was 10.0 miles (Good visibility). Sky conditions: CLR:00 (3); FEW:02 40 (2); SCT:04 40 (1).",2021-03-20 20:41:36 - SNS,4982081496,2021-03-20T20:41:36-07:00,2021-03-20T23:08:14-07:00,NOAA NCEI legacy route weather pipeline,NOAA NCEI,Unknown hourly station,legacy_fixed_local_window,,,,,
2021-03-27,20:53:40 - SNS,https://handicapskater.com/common/maps/20210327-20_53_40-SNS-5023007929.html,False,False,False,No recorded rain from 9 PM to midnight,No downtown daily rain,0.0,0.0,0,0.0,62.142857142857146,54.0,72.0,Mild,42.714285714285715,53.142857142857146,8.142857142857142,9.0,,294.27128173906766,Calm / light wind,10.0,10.0,Good visibility,CLR:00 (4); FEW:02 200 (2),,2021-03-27T21:00:00-07:00,2021-03-27T23:59:59-07:00,True,7,UNKNOWN,Unknown hourly station,,,USW00023272,"SAN FRANCISCO DOWNTOWN, CA US",37.7705,-122.4269,Hourly LCDv2 weather used for 9 PM to midnight,"Skate route '20:53:40 - SNS' occurred on 2021-03-27. Hourly weather from Unknown hourly station (UNKNOWN) was summarized for 9 PM to midnight local time. Mean temperature was 62.1°F (Mild). No hourly precipitation was recorded in the 9 PM to midnight window. Mean wind was 8.1 mph, max wind 9.0 mph, max gust nan mph (Calm / light wind). Minimum visibility was 10.0 miles (Good visibility). Sky conditions: CLR:00 (4); FEW:02 200 (2).",2021-03-27 20:53:40 - SNS,5023007929,2021-03-27T20:53:40-07:00,2021-03-27T23:29:58-07:00,NOAA NCEI legacy route weather pipeline,NOAA NCEI,Unknown hourly station,legacy_fixed_local_window,,,,,
2021-04-03,20:29:59 - SNS,https://handicapskater.com/common/maps/20210403-20_29_59-SNS-5065355256.html,False,False,False,No recorded rain from 9 PM to midnight,No downtown daily rain,0.0,0.0,0,0.0,55.55555555555556,53.0,60.0,Mild,42.0,60.888888888888886,11.0,16.0,,271.11474776590165,Breezy,10.0,10.0,Good visibility,FEW:02 20 BKN:07 29 (2); FEW:02 25 FEW:02 200 (1); FEW:02 20 BKN:07 30 (1); FEW:02 18 BKN:07 31 (1); FEW:02 35 BKN:07 230 (1),,2021-04-03T21:00:00-07:00,2021-04-03T23:59:59-07:00,True,9,UNKNOWN,Unknown hourly station,,,USW00023272,"SAN FRANCISCO DOWNTOWN, CA US",37.7705,-122.4269,Hourly LCDv2 weather used for 9 PM to midnight,"Skate route '20:29:59 - SNS' occurred on 2021-04-03. Hourly weather from Unknown hourly station (UNKNOWN) was summarized for 9 PM to midnight local time. Mean temperature was 55.6°F (Mild). No hourly precipitation was recorded in the 9 PM to midnight window. Mean wind was 11.0 mph, max wind 16.0 mph, max gust nan mph (Breezy). Minimum visibility was 10.0 miles (Good visibility). Sky conditions: FEW:02 20 BKN:07 29 (2); FEW:02 25 FEW:02 200 (1); FEW:02 20 BKN:07 30 (1); FEW:02 18 BKN:07 31 (1); FEW:02 35 BKN:07 230 (1).",2021-04-03 20:29:59 - SNS,5065355256,2021-04-03T20:29:59-07:00,2021-04-03T23:05:53-07:00,NOAA NCEI legacy route weather pipeline,NOAA NCEI,Unknown hourly station,legacy_fixed_local_window,,,,,
2021-04-09,20:56:34 - FNS,https://handicapskater.com/common/maps/20210409-20_56_34-FNS-5101088544.html,True,False,False,No recorded rain from 9 PM to midnight,No downtown daily rain,0.0,0.0,0,0.0,53.0,51.0,58.0,Cool,42.7,68.3,24.2,30.0,38.0,268.9975560628973,Very windy,10.0,10.0,Good visibility,FEW:02 6 BKN:07 14 (2); FEW:02 6 BKN:07 15 (2); BKN:07 14 (1); FEW:02 6 BKN:07 16 (1); FEW:02 20 FEW:02 250 (1),,2021-04-09T21:00:00-07:00,2021-04-09T23:59:59-07:00,True,10,UNKNOWN,Unknown hourly station,,,USW00023272,"SAN FRANCISCO DOWNTOWN, CA US",37.7705,-122.4269,Hourly LCDv2 weather used for 9 PM to midnight,"Skate route '20:56:34 - FNS' occurred on 2021-04-09. Hourly weather from Unknown hourly station (UNKNOWN) was summarized for 9 PM to midnight local time. Mean temperature was 53.0°F (Cool). No hourly precipitation was recorded in the 9 PM to midnight window. Mean wind was 24.2 mph, max wind 30.0 mph, max gust 38.0 mph (Very windy). Minimum visibility was 10.0 miles (Good visibility). Sky conditions: FEW:02 6 BKN:07 14 (2); FEW:02 6 BKN:07 15 (2); BKN:07 14 (1); FEW:02 6 BKN:07 16 (1); FEW:02 20 FEW:02 250 (1).",2021-04-09 20:56:34 - FNS,5101088544,2021-04-09T20:56:34-07:00,2021-04-09T23:54:38-07:00,NOAA NCEI legacy route weather pipeline,NOAA NCEI,Unknown hourly station,legacy_fixed_local_window,,,,,
2021-04-10,20:28:10 - SNS,https://handicapskater.com/common/maps/20210410-20_28_10-SNS-5105850224.html,False,False,False,No recorded rain from 9 PM to midnight,No downtown daily rain,0.0,0.0,0,0.0,55.285714285714285,50.0,62.0,Mild,42.57142857142857,63.714285714285715,12.285714285714286,18.0,,266.39784637057966,Breezy,10.0,10.0,Good visibility,CLR:00 (3); FEW:02 200 BKN:07 250 (1); SCT:04 250 (1); FEW:02 180 SCT:04 250 (1),,2021-04-10T21:00:00-07:00,2021-04-10T23:59:59-07:00,True,7,UNKNOWN,Unknown hourly station,,,USW00023272,"SAN FRANCISCO DOWNTOWN, CA US",37.7705,-122.4269,Hourly LCDv2 weather used for 9 PM to midnight,"Skate route '20:28:10 - SNS' occurred on 2021-04-10. Hourly weather from Unknown hourly station (UNKNOWN) was summarized for 9 PM to midnight local time. Mean temperature was 55.3°F (Mild). No hourly precipitation was recorded in the 9 PM to midnight window. Mean wind was 12.3 mph, max wind 18.0 mph, max gust nan mph (Breezy). Minimum visibility was 10.0 miles (Good visibility). Sky conditions: CLR:00 (3); FEW:02 200 BKN:07 250 (1); SCT:04 250 (1); FEW:02 180 SCT:04 250 (1).",2021-04-10 20:28:10 - SNS,5105850224,2021-04-10T20:28:10-07:00,2021-04-10T23:20:27-07:00,NOAA NCEI legacy route weather pipeline,NOAA NCEI,Unknown hourly station,legacy_fixed_local_window,,,,,
2021-04-17,20:32:16 - SNS,https://handicapskater.com/common/maps/20210417-20_32_16-SNS-5146069196.html,False,False,False,No recorded rain from 9 PM to midnight,No downtown daily rain,0.0,0.0,0,0.0,56.714285714285715,52.0,63.0,Mild,47.0,70.57142857142857,13.571428571428571,16.0,,298.56337855308254,Breezy,10.0,10.0,Good visibility,FEW:02 4 (3); FEW:02 10 (2); FEW:02 10 FEW:02 200 (1),,2021-04-17T21:00:00-07:00,2021-04-17T23:59:59-07:00,True,7,UNKNOWN,Unknown hourly station,,,USW00023272,"SAN FRANCISCO DOWNTOWN, CA US",37.7705,-122.4269,Hourly LCDv2 weather used for 9 PM to midnight,"Skate route '20:32:16 - SNS' occurred on 2021-04-17. Hourly weather from Unknown hourly station (UNKNOWN) was summarized for 9 PM to midnight local time. Mean temperature was 56.7°F (Mild). No hourly precipitation was recorded in the 9 PM to midnight window. Mean wind was 13.6 mph, max wind 16.0 mph, max gust nan mph (Breezy). Minimum visibility was 10.0 miles (Good visibility). Sky conditions: FEW:02 4 (3); FEW:02 10 (2); FEW:02 10 FEW:02 200 (1).",2021-04-17 20:32:16 - SNS,5146069196,2021-04-17T20:32:16-07:00,2021-04-17T23:19:58-07:00,NOAA NCEI legacy route weather pipeline,NOAA NCEI,Unknown hourly station,legacy_fixed_local_window,,,,,
2021-04-23,21:01:14 - FNS,https://handicapskater.com/common/maps/20210423-21_01_14-FNS-5181180416.html,True,False,False,No recorded rain from 9 PM to midnight,No downtown daily rain,0.0,0.0,0,0.0,54.5,52.0,64.0,Cool,45.5,72.5,13.3,21.0,,248.42108505380753,Windy,10.0,10.0,Good visibility,FEW:02 7 BKN:07 13 (2); FEW:02 6 SCT:04 10 BKN:07 18 (2); FEW:02 9 BKN:07 15 (1); FEW:02 6 BKN:07 11 (1),,2021-04-23T21:00:00-07:00,2021-04-23T23:59:59-07:00,True,10,UNKNOWN,Unknown hourly station,,,USW00023272,"SAN FRANCISCO DOWNTOWN, CA US",37.7705,-122.4269,Hourly LCDv2 weather used for 9 PM to midnight,"Skate route '21:01:14 - FNS' occurred on 2021-04-23. Hourly weather from Unknown hourly station (UNKNOWN) was summarized for 9 PM to midnight local time. Mean temperature was 54.5°F (Cool). No hourly precipitation was recorded in the 9 PM to midnight window. Mean wind was 13.3 mph, max wind 21.0 mph, max gust nan mph (Windy). Minimum visibility was 10.0 miles (Good visibility). Sky conditions: FEW:02 7 BKN:07 13 (2); FEW:02 6 SCT:04 10 BKN:07 18 (2); FEW:02 9 BKN:07 15 (1); FEW:02 6 BKN:07 11 (1).",2021-04-23 21:01:14 - FNS,5181180416,2021-04-23T21:01:14-07:00,2021-04-23T23:46:48-07:00,NOAA NCEI legacy route weather pipeline,NOAA NCEI,Unknown hourly station,legacy_fixed_local_window,,,,,
2021-04-24,20:42:26 - SNS,https://handicapskater.com/common/maps/20210424-20_42_26-SNS-5187398144.html,True,True,True,Light rain from 9 PM to midnight,Light downtown daily rain,0.006,0.001,6,0.04,56.5,54.0,63.0,Mild,47.785714285714285,74.42857142857143,11.714285714285714,18.0,,272.30101568579954,Breezy,10.0,10.0,Good visibility,FEW:02 6 BKN:07 15 (2); FEW:02 6 BKN:07 9 OVC:08 14 (2); BKN:07 16 BKN:07 50 (1); FEW:02 6 BKN:07 12 OVC:08 18 (1); FEW:02 6 OVC:08 17 (1),-DZ:01 |DZ |DZ (3),2021-04-24T21:00:00-07:00,2021-04-24T23:59:59-07:00,True,14,UNKNOWN,Unknown hourly station,,,USW00023272,"SAN FRANCISCO DOWNTOWN, CA US",37.7705,-122.4269,Hourly LCDv2 weather used for 9 PM to midnight,"Skate route '20:42:26 - SNS' occurred on 2021-04-24. Hourly weather from Unknown hourly station (UNKNOWN) was summarized for 9 PM to midnight local time. Mean temperature was 56.5°F (Mild). Hourly precipitation totaled 0.006 inches with 6 rainy hour(s), categorized as Light rain from 9 PM to midnight. Mean wind was 11.7 mph, max wind 18.0 mph, max gust nan mph (Breezy). Minimum visibility was 10.0 miles (Good visibility). Present weather codes/summary: -DZ:01 |DZ |DZ (3). Sky conditions: FEW:02 6 BKN:07 15 (2); FEW:02 6 BKN:07 9 OVC:08 14 (2); BKN:07 16 BKN:07 50 (1); FEW:02 6 BKN:07 12 OVC:08 18 (1); FEW:02 6 OVC:08 17 (1). The local downtown station SAN FRANCISCO DOWNTOWN, CA US (USW00023272) recorded 0.040 inches of daily precipitation, categorized as Light downtown daily rain.",2021-04-24 20:42:26 - SNS,5187398144,2021-04-24T20:42:26-07:00,2021-04-24T23:15:41-07:00,NOAA NCEI legacy route weather pipeline,NOAA NCEI,Unknown hourly station,legacy_fixed_local_window,,,,,
2021-04-30,21:16:01 - FNS,https://handicapskater.com/common/maps/20210430-21_16_01-FNS-5221449185.html,True,False,False,No recorded rain from 9 PM to midnight,No downtown daily rain,0.0,0.0,0,0.0,57.142857142857146,54.0,62.0,Mild,49.285714285714285,75.42857142857143,15.857142857142858,20.0,,271.40522233982375,Windy,10.0,10.0,Good visibility,FEW:02 10 BKN:07 220 (3); FEW:02 4 OVC:08 8 (2); FEW:02 4 OVC:08 7 (1),,2021-04-30T21:00:00-07:00,2021-04-30T23:59:59-07:00,True,10,UNKNOWN,Unknown hourly station,,,USW00023272,"SAN FRANCISCO DOWNTOWN, CA US",37.7705,-122.4269,Hourly LCDv2 weather used for 9 PM to midnight,"Skate route '21:16:01 - FNS' occurred on 2021-04-30. Hourly weather from Unknown hourly station (UNKNOWN) was summarized for 9 PM to midnight local time. Mean temperature was 57.1°F (Mild). No hourly precipitation was recorded in the 9 PM to midnight window. Mean wind was 15.9 mph, max wind 20.0 mph, max gust nan mph (Windy). Minimum visibility was 10.0 miles (Good visibility). Sky conditions: FEW:02 10 BKN:07 220 (3); FEW:02 4 OVC:08 8 (2); FEW:02 4 OVC:08 7 (1).",2021-04-30 21:16:01 - FNS,5221449185,2021-04-30T21:16:01-07:00,2021-04-30T23:47:30-07:00,NOAA NCEI legacy route weather pipeline,NOAA NCEI,Unknown hourly station,legacy_fixed_local_window,,,,,
2021-05-01,20:34:59 - SNS,https://handicapskater.com/common/maps/20210501-20_34_59-SNS-5227381236.html,True,False,True,No recorded rain from 9 PM to midnight,Trace / damp pavement downtown daily rain,0.0,0.0,0,0.01,57.7,53.0,63.0,Mild,49.0,73.0,26.1,32.0,31.0,270.0,Very windy,10.0,10.0,Good visibility,CLR:00 (3); BKN:07 8 (2); BKN:07 12 (2); SCT:04 8 BKN:07 11 (1); BKN:07 9 (1),,2021-05-01T21:00:00-07:00,2021-05-01T23:59:59-07:00,True,10,UNKNOWN,Unknown hourly station,,,USW00023272,"SAN FRANCISCO DOWNTOWN, CA US",37.7705,-122.4269,Hourly LCDv2 weather used for 9 PM to midnight,"Skate route '20:34:59 - SNS' occurred on 2021-05-01. Hourly weather from Unknown hourly station (UNKNOWN) was summarized for 9 PM to midnight local time. Mean temperature was 57.7°F (Mild). No hourly precipitation was recorded in the 9 PM to midnight window. Mean wind was 26.1 mph, max wind 32.0 mph, max gust 31.0 mph (Very windy). Minimum visibility was 10.0 miles (Good visibility). Sky conditions: CLR:00 (3); BKN:07 8 (2); BKN:07 12 (2); SCT:04 8 BKN:07 11 (1); BKN:07 9 (1). The local downtown station SAN FRANCISCO DOWNTOWN, CA US (USW00023272) recorded 0.010 inches of daily precipitation, categorized as Trace / damp pavement downtown daily rain.",2021-05-01 20:34:59 - SNS,5227381236,2021-05-01T20:34:59-07:00,2021-05-01T23:02:06-07:00,NOAA NCEI legacy route weather pipeline,NOAA NCEI,Unknown hourly station,legacy_fixed_local_window,,,,,
2021-05-07,20:58:21 - FNS,https://handicapskater.com/common/maps/20210507-20_58_21-FNS-5261388831.html,False,False,False,No recorded rain from 9 PM to midnight,No downtown daily rain,0.0,0.0,0,0.0,59.142857142857146,54.0,67.0,Mild,45.714285714285715,62.285714285714285,12.571428571428571,16.0,,272.76856450456023,Breezy,9.0,9.5,Good visibility,CLR:00 (6),,2021-05-07T21:00:00-07:00,2021-05-07T23:59:59-07:00,True,7,UNKNOWN,Unknown hourly station,,,USW00023272,"SAN FRANCISCO DOWNTOWN, CA US",37.7705,-122.4269,Hourly LCDv2 weather used for 9 PM to midnight,"Skate route '20:58:21 - FNS' occurred on 2021-05-07. Hourly weather from Unknown hourly station (UNKNOWN) was summarized for 9 PM to midnight local time. Mean temperature was 59.1°F (Mild). No hourly precipitation was recorded in the 9 PM to midnight window. Mean wind was 12.6 mph, max wind 16.0 mph, max gust nan mph (Breezy). Minimum visibility was 9.0 miles (Good visibility). Sky conditions: CLR:00 (6).",2021-05-07 20:58:21 - FNS,5261388831,2021-05-07T20:58:21-07:00,2021-05-07T23:57:15-07:00,NOAA NCEI legacy route weather pipeline,NOAA NCEI,Unknown hourly station,legacy_fixed_local_window,,,,,
2021-05-14,21:24:12 - FNS,https://handicapskater.com/common/maps/20210514-21_24_12-FNS-5299086925.html,True,True,False,Light rain from 9 PM to midnight,No downtown daily rain,0.002,0.001,2,0.0,54.857142857142854,53.0,58.0,Cool,47.285714285714285,75.85714285714286,17.571428571428573,31.0,40.0,261.43662144691746,Very windy,8.0,9.166666666666666,Good visibility,FEW:02 4 OVC:08 9 (2); FEW:02 4 OVC:08 11 (1); FEW:02 9 BKN:07 12 OVC:08 15 (1); BKN:07 12 BKN:07 15 OVC:08 18 (1); BKN:07 13 BKN:07 16 BKN:07 20 (1),-DZ:01 |DZ |DZ (1),2021-05-14T21:00:00-07:00,2021-05-14T23:59:59-07:00,True,7,UNKNOWN,Unknown hourly station,,,USW00023272,"SAN FRANCISCO DOWNTOWN, CA US",37.7705,-122.4269,Hourly LCDv2 weather used for 9 PM to midnight,"Skate route '21:24:12 - FNS' occurred on 2021-05-14. Hourly weather from Unknown hourly station (UNKNOWN) was summarized for 9 PM to midnight local time. Mean temperature was 54.9°F (Cool). Hourly precipitation totaled 0.002 inches with 2 rainy hour(s), categorized as Light rain from 9 PM to midnight. Mean wind was 17.6 mph, max wind 31.0 mph, max gust 40.0 mph (Very windy). Minimum visibility was 8.0 miles (Good visibility). Present weather codes/summary: -DZ:01 |DZ |DZ (1). Sky conditions: FEW:02 4 OVC:08 9 (2); FEW:02 4 OVC:08 11 (1); FEW:02 9 BKN:07 12 OVC:08 15 (1); BKN:07 12 BKN:07 15 OVC:08 18 (1); BKN:07 13 BKN:07 16 BKN:07 20 (1).",2021-05-14 21:24:12 - FNS,5299086925,2021-05-14T21:24:12-07:00,2021-05-14T23:41:40-07:00,NOAA NCEI legacy route weather pipeline,NOAA NCEI,Unknown hourly station,legacy_fixed_local_window,,,,,
2021-05-15,20:41:27 - SNS,https://handicapskater.com/common/maps/20210515-20_41_27-SNS-5304660216.html,False,False,False,No recorded rain from 9 PM to midnight,No downtown daily rain,0.0,0.0,0,0.0,56.77777777777778,54.0,60.0,Mild,47.111111111111114,70.33333333333333,9.333333333333334,15.0,,269.1290374651293,Breezy,10.0,10.0,Good visibility,SCT:04 18 SCT:04 200 (2); FEW:02 18 SCT:04 200 (2); FEW:02 9 BKN:07 180 (1); FEW:02 9 BKN:07 23 (1); FEW:02 9 SCT:04 22 (1),,2021-05-15T21:00:00-07:00,2021-05-15T23:59:59-07:00,True,9,UNKNOWN,Unknown hourly station,,,USW00023272,"SAN FRANCISCO DOWNTOWN, CA US",37.7705,-122.4269,Hourly LCDv2 weather used for 9 PM to midnight,"Skate route '20:41:27 - SNS' occurred on 2021-05-15. Hourly weather from Unknown hourly station (UNKNOWN) was summarized for 9 PM to midnight local time. Mean temperature was 56.8°F (Mild). No hourly precipitation was recorded in the 9 PM to midnight window. Mean wind was 9.3 mph, max wind 15.0 mph, max gust nan mph (Breezy). Minimum visibility was 10.0 miles (Good visibility). Sky conditions: SCT:04 18 SCT:04 200 (2); FEW:02 18 SCT:04 200 (2); FEW:02 9 BKN:07 180 (1); FEW:02 9 BKN:07 23 (1); FEW:02 9 SCT:04 22 (1).",2021-05-15 20:41:27 - SNS,5304660216,2021-05-15T20:41:27-07:00,2021-05-15T23:24:01-07:00,NOAA NCEI legacy route weather pipeline,NOAA NCEI,Unknown hourly station,legacy_fixed_local_window,,,,,
2021-05-22,20:44:53 - SNS,https://handicapskater.com/common/maps/20210522-20_44_53-SNS-5344531771.html,True,False,False,No recorded rain from 9 PM to midnight,No downtown daily rain,0.0,0.0,0,0.0,56.9,54.0,65.0,Mild,46.1,68.3,13.4,21.0,,265.90334260151485,Windy,10.0,10.0,Good visibility,FEW:02 6 BKN:07 14 (3); FEW:02 6 BKN:07 16 (2); FEW:02 8 SCT:04 13 (1); FEW:02 12 FEW:02 28 FEW:02 160 (1); FEW:02 12 FEW:02 34 FEW:02 160 (1),,2021-05-22T21:00:00-07:00,2021-05-22T23:59:59-07:00,True,10,UNKNOWN,Unknown hourly station,,,USW00023272,"SAN FRANCISCO DOWNTOWN, CA US",37.7705,-122.4269,Hourly LCDv2 weather used for 9 PM to midnight,"Skate route '20:44:53 - SNS' occurred on 2021-05-22. Hourly weather from Unknown hourly station (UNKNOWN) was summarized for 9 PM to midnight local time. Mean temperature was 56.9°F (Mild). No hourly precipitation was recorded in the 9 PM to midnight window. Mean wind was 13.4 mph, max wind 21.0 mph, max gust nan mph (Windy). Minimum visibility was 10.0 miles (Good visibility). Sky conditions: FEW:02 6 BKN:07 14 (3); FEW:02 6 BKN:07 16 (2); FEW:02 8 SCT:04 13 (1); FEW:02 12 FEW:02 28 FEW:02 160 (1); FEW:02 12 FEW:02 34 FEW:02 160 (1).",2021-05-22 20:44:53 - SNS,5344531771,2021-05-22T20:44:53-07:00,2021-05-22T23:03:05-07:00,NOAA NCEI legacy route weather pipeline,NOAA NCEI,Unknown hourly station,legacy_fixed_local_window,,,,,
2021-05-28,21:16:08 - FNS,https://handicapskater.com/common/maps/20210528-21_16_08-FNS-5375257305.html,True,False,False,No recorded rain from 9 PM to midnight,No downtown daily rain,0.0,0.0,0,0.0,58.42857142857143,55.0,64.0,Mild,48.57142857142857,70.0,14.0,18.0,22.0,272.88417150127117,Windy,10.0,10.0,Good visibility,FEW:02 12 FEW:02 200 SCT:04 250 (2); FEW:02 7 BKN:07 12 (1); FEW:02 7 BKN:07 11 (1); FEW:02 7 OVC:08 11 (1); FEW:02 12 FEW:02 200 BKN:07 250 (1),,2021-05-28T21:00:00-07:00,2021-05-28T23:59:59-07:00,True,7,UNKNOWN,Unknown hourly station,,,USW00023272,"SAN FRANCISCO DOWNTOWN, CA US",37.7705,-122.4269,Hourly LCDv2 weather used for 9 PM to midnight,"Skate route '21:16:08 - FNS' occurred on 2021-05-28. Hourly weather from Unknown hourly station (UNKNOWN) was summarized for 9 PM to midnight local time. Mean temperature was 58.4°F (Mild). No hourly precipitation was recorded in the 9 PM to midnight window. Mean wind was 14.0 mph, max wind 18.0 mph, max gust 22.0 mph (Windy). Minimum visibility was 10.0 miles (Good visibility). Sky conditions: FEW:02 12 FEW:02 200 SCT:04 250 (2); FEW:02 7 BKN:07 12 (1); FEW:02 7 BKN:07 11 (1); FEW:02 7 OVC:08 11 (1); FEW:02 12 FEW:02 200 BKN:07 250 (1).",2021-05-28 21:16:08 - FNS,5375257305,2021-05-28T21:16:08-07:00,2021-05-28T23:58:26-07:00,NOAA NCEI legacy route weather pipeline,NOAA NCEI,Unknown hourly station,legacy_fixed_local_window,,,,,
2021-05-29,20:31:39 - SNS,https://handicapskater.com/common/maps/20210529-20_31_39-SNS-5416951828.html,True,False,False,No recorded rain from 9 PM to midnight,No downtown daily rain,0.0,0.0,0,0.0,56.57142857142857,55.0,59.0,Mild,48.42857142857143,74.0,12.142857142857142,15.0,20.0,255.69733859458466,Windy,10.0,10.0,Good visibility,FEW:02 5 OVC:08 10 (2); BKN:07 12 (2); FEW:02 4 OVC:08 10 (1); OVC:08 14 (1),,2021-05-29T21:00:00-07:00,2021-05-29T23:59:59-07:00,True,7,UNKNOWN,Unknown hourly station,,,USW00023272,"SAN FRANCISCO DOWNTOWN, CA US",37.7705,-122.4269,Hourly LCDv2 weather used for 9 PM to midnight,"Skate route '20:31:39 - SNS' occurred on 2021-05-29. Hourly weather from Unknown hourly station (UNKNOWN) was summarized for 9 PM to midnight local time. Mean temperature was 56.6°F (Mild). No hourly precipitation was recorded in the 9 PM to midnight window. Mean wind was 12.1 mph, max wind 15.0 mph, max gust 20.0 mph (Windy). Minimum visibility was 10.0 miles (Good visibility). Sky conditions: FEW:02 5 OVC:08 10 (2); BKN:07 12 (2); FEW:02 4 OVC:08 10 (1); OVC:08 14 (1).",2021-05-29 20:31:39 - SNS,5416951828,2021-05-29T20:31:39-07:00,2021-05-29T23:00:59-07:00,NOAA NCEI legacy route weather pipeline,NOAA NCEI,Unknown hourly station,legacy_fixed_local_window,,,,,
2021-06-05,20:35:34 - SNS,https://handicapskater.com/common/maps/20210605-20_35_34-SNS-5421312384.html,False,False,False,No recorded rain from 9 PM to midnight,No downtown daily rain,0.0,0.0,0,0.0,62.42857142857143,58.0,68.0,Mild,48.42857142857143,60.57142857142857,12.0,16.0,,282.85269255175086,Breezy,10.0,10.0,Good visibility,CLR:00 (3); BKN:07 200 (2); FEW:02 190 BKN:07 200 (1),,2021-06-05T21:00:00-07:00,2021-06-05T23:59:59-07:00,True,7,UNKNOWN,Unknown hourly station,,,USW00023272,"SAN FRANCISCO DOWNTOWN, CA US",37.7705,-122.4269,Hourly LCDv2 weather used for 9 PM to midnight,"Skate route '20:35:34 - SNS' occurred on 2021-06-05. Hourly weather from Unknown hourly station (UNKNOWN) was summarized for 9 PM to midnight local time. Mean temperature was 62.4°F (Mild). No hourly precipitation was recorded in the 9 PM to midnight window. Mean wind was 12.0 mph, max wind 16.0 mph, max gust nan mph (Breezy). Minimum visibility was 10.0 miles (Good visibility). Sky conditions: CLR:00 (3); BKN:07 200 (2); FEW:02 190 BKN:07 200 (1).",2021-06-05 20:35:34 - SNS,5421312384,2021-06-05T20:35:34-07:00,2021-06-05T22:59:07-07:00,NOAA NCEI legacy route weather pipeline,NOAA NCEI,Unknown hourly station,legacy_fixed_local_window,,,,,
2021-06-11,20:56:44 - FNS,https://handicapskater.com/common/maps/20210611-20_56_44-FNS-5454964356.html,False,False,False,No recorded rain from 9 PM to midnight,No downtown daily rain,0.0,0.0,0,0.0,66.25,64.0,70.0,Mild,53.125,63.75,11.25,18.0,,281.2505906874253,Breezy,10.0,10.0,Good visibility,FEW:02 80 FEW:02 140 FEW:02 200 (2); FEW:02 9 FEW:02 180 (1); FEW:02 9 SCT:04 14 (1); FEW:02 9 SCT:04 14 BKN:07 22 (1); FEW:02 9 OVC:08 20 (1),,2021-06-11T21:00:00-07:00,2021-06-11T23:59:59-07:00,True,8,UNKNOWN,Unknown hourly station,,,USW00023272,"SAN FRANCISCO DOWNTOWN, CA US",37.7705,-122.4269,Hourly LCDv2 weather used for 9 PM to midnight,"Skate route '20:56:44 - FNS' occurred on 2021-06-11. Hourly weather from Unknown hourly station (UNKNOWN) was summarized for 9 PM to midnight local time. Mean temperature was 66.2°F (Mild). No hourly precipitation was recorded in the 9 PM to midnight window. Mean wind was 11.2 mph, max wind 18.0 mph, max gust nan mph (Breezy). Minimum visibility was 10.0 miles (Good visibility). Sky conditions: FEW:02 80 FEW:02 140 FEW:02 200 (2); FEW:02 9 FEW:02 180 (1); FEW:02 9 SCT:04 14 (1); FEW:02 9 SCT:04 14 BKN:07 22 (1); FEW:02 9 OVC:08 20 (1).",2021-06-11 20:56:44 - FNS,5454964356,2021-06-11T20:56:44-07:00,2021-06-12T00:06:13-07:00,NOAA NCEI legacy route weather pipeline,NOAA NCEI,Unknown hourly station,legacy_fixed_local_window,,,,,
2021-06-12,20:23:51 - SNS,https://handicapskater.com/common/maps/20210612-20_23_51-SNS-5463519878.html,True,False,False,No recorded rain from 9 PM to midnight,No downtown daily rain,0.0,0.0,0,0.0,66.0,62.0,73.0,Mild,58.3,77.0,13.0,21.0,,286.00857167057137,Windy,8.0,9.666666666666666,Good visibility,FEW:02 2 OVC:08 4 (2); FEW:02 2 SCT:04 7 (1); FEW:02 2 SCT:04 6 BKN:07 8 (1); FEW:02 2 BKN:07 7 (1); FEW:02 3 OVC:08 6 (1),,2021-06-12T21:00:00-07:00,2021-06-12T23:59:59-07:00,True,10,UNKNOWN,Unknown hourly station,,,USW00023272,"SAN FRANCISCO DOWNTOWN, CA US",37.7705,-122.4269,Hourly LCDv2 weather used for 9 PM to midnight,"Skate route '20:23:51 - SNS' occurred on 2021-06-12. Hourly weather from Unknown hourly station (UNKNOWN) was summarized for 9 PM to midnight local time. Mean temperature was 66.0°F (Mild). No hourly precipitation was recorded in the 9 PM to midnight window. Mean wind was 13.0 mph, max wind 21.0 mph, max gust nan mph (Windy). Minimum visibility was 8.0 miles (Good visibility). Sky conditions: FEW:02 2 OVC:08 4 (2); FEW:02 2 SCT:04 7 (1); FEW:02 2 SCT:04 6 BKN:07 8 (1); FEW:02 2 BKN:07 7 (1); FEW:02 3 OVC:08 6 (1).",2021-06-12 20:23:51 - SNS,5463519878,2021-06-12T20:23:51-07:00,2021-06-12T22:57:06-07:00,NOAA NCEI legacy route weather pipeline,NOAA NCEI,Unknown hourly station,legacy_fixed_local_window,,,,,
2021-06-18,20:52:44 - FNS,https://handicapskater.com/common/maps/20210618-20_52_44-FNS-5493282253.html,False,False,False,No recorded rain from 9 PM to midnight,No downtown daily rain,0.0,0.0,0,0.0,68.0,61.0,78.0,Warm,53.285714285714285,60.42857142857143,12.714285714285714,15.0,,297.12225766478844,Breezy,9.0,9.5,Good visibility,FEW:02 7 (3); CLR:00 (3),,2021-06-18T21:00:00-07:00,2021-06-18T23:59:59-07:00,True,7,UNKNOWN,Unknown hourly station,,,USW00023272,"SAN FRANCISCO DOWNTOWN, CA US",37.7705,-122.4269,Hourly LCDv2 weather used for 9 PM to midnight,"Skate route '20:52:44 - FNS' occurred on 2021-06-18. Hourly weather from Unknown hourly station (UNKNOWN) was summarized for 9 PM to midnight local time. Mean temperature was 68.0°F (Warm). No hourly precipitation was recorded in the 9 PM to midnight window. Mean wind was 12.7 mph, max wind 15.0 mph, max gust nan mph (Breezy). Minimum visibility was 9.0 miles (Good visibility). Sky conditions: FEW:02 7 (3); CLR:00 (3).",2021-06-18 20:52:44 - FNS,5493282253,2021-06-18T20:52:44-07:00,2021-06-18T23:53:38-07:00,NOAA NCEI legacy route weather pipeline,NOAA NCEI,Unknown hourly station,legacy_fixed_local_window,,,,,
2021-06-26,20:41:04 - SNS,https://handicapskater.com/common/maps/20210626-20_41_04-SNS-5535367252.html,False,False,False,No recorded rain from 9 PM to midnight,No downtown daily rain,0.0,0.0,0,0.0,64.28571428571429,61.0,69.0,Mild,54.57142857142857,71.28571428571429,15.0,17.0,,280.0,Breezy,10.0,10.0,Good visibility,FEW:02 10 (3); FEW:02 2 BKN:07 6 (2); FEW:02 2 BKN:07 7 (1),,2021-06-26T21:00:00-07:00,2021-06-26T23:59:59-07:00,True,7,UNKNOWN,Unknown hourly station,,,USW00023272,"SAN FRANCISCO DOWNTOWN, CA US",37.7705,-122.4269,Hourly LCDv2 weather used for 9 PM to midnight,"Skate route '20:41:04 - SNS' occurred on 2021-06-26. Hourly weather from Unknown hourly station (UNKNOWN) was summarized for 9 PM to midnight local time. Mean temperature was 64.3°F (Mild). No hourly precipitation was recorded in the 9 PM to midnight window. Mean wind was 15.0 mph, max wind 17.0 mph, max gust nan mph (Breezy). Minimum visibility was 10.0 miles (Good visibility). Sky conditions: FEW:02 10 (3); FEW:02 2 BKN:07 6 (2); FEW:02 2 BKN:07 7 (1).",2021-06-26 20:41:04 - SNS,5535367252,2021-06-26T20:41:04-07:00,2021-06-26T23:08:13-07:00,NOAA NCEI legacy route weather pipeline,NOAA NCEI,Unknown hourly station,legacy_fixed_local_window,,,,,
2021-07-02,21:04:43 - FNS,https://handicapskater.com/common/maps/20210702-21_04_43-FNS-5568230334.html,True,False,False,No recorded rain from 9 PM to midnight,No downtown daily rain,0.0,0.0,0,0.0,63.625,62.0,67.0,Mild,54.25,71.875,13.125,20.0,,275.017880355331,Windy,10.0,10.0,Good visibility,FEW:02 10 FEW:02 30 FEW:02 180 (2); FEW:02 4 BKN:07 10 (1); FEW:02 4 BKN:07 10 BKN:07 14 (1); FEW:02 4 BKN:07 9 (1); FEW:02 4 BKN:07 10 BKN:07 16 (1),,2021-07-02T21:00:00-07:00,2021-07-02T23:59:59-07:00,True,8,UNKNOWN,Unknown hourly station,,,USW00023272,"SAN FRANCISCO DOWNTOWN, CA US",37.7705,-122.4269,Hourly LCDv2 weather used for 9 PM to midnight,"Skate route '21:04:43 - FNS' occurred on 2021-07-02. Hourly weather from Unknown hourly station (UNKNOWN) was summarized for 9 PM to midnight local time. Mean temperature was 63.6°F (Mild). No hourly precipitation was recorded in the 9 PM to midnight window. Mean wind was 13.1 mph, max wind 20.0 mph, max gust nan mph (Windy). Minimum visibility was 10.0 miles (Good visibility). Sky conditions: FEW:02 10 FEW:02 30 FEW:02 180 (2); FEW:02 4 BKN:07 10 (1); FEW:02 4 BKN:07 10 BKN:07 14 (1); FEW:02 4 BKN:07 9 (1); FEW:02 4 BKN:07 10 BKN:07 16 (1).",2021-07-02 21:04:43 - FNS,5568230334,2021-07-02T21:04:43-07:00,2021-07-03T00:03:18-07:00,NOAA NCEI legacy route weather pipeline,NOAA NCEI,Unknown hourly station,legacy_fixed_local_window,,,,,
2021-07-03,20:35:38 - SNS,https://handicapskater.com/common/maps/20210703-20_35_38-SNS-5571522751.html,False,False,False,No recorded rain from 9 PM to midnight,No downtown daily rain,0.0,0.0,0,0.0,63.666666666666664,61.0,69.0,Mild,54.22222222222222,71.88888888888889,11.666666666666666,17.0,,290.0,Breezy,10.0,10.0,Good visibility,FEW:02 4 BKN:07 180 (2); FEW:02 4 BKN:07 17 (1); FEW:02 4 BKN:07 16 (1); FEW:02 4 SCT:04 16 (1); FEW:02 10 FEW:02 120 SCT:04 180 (1),,2021-07-03T21:00:00-07:00,2021-07-03T23:59:59-07:00,True,9,UNKNOWN,Unknown hourly station,,,USW00023272,"SAN FRANCISCO DOWNTOWN, CA US",37.7705,-122.4269,Hourly LCDv2 weather used for 9 PM to midnight,"Skate route '20:35:38 - SNS' occurred on 2021-07-03. Hourly weather from Unknown hourly station (UNKNOWN) was summarized for 9 PM to midnight local time. Mean temperature was 63.7°F (Mild). No hourly precipitation was recorded in the 9 PM to midnight window. Mean wind was 11.7 mph, max wind 17.0 mph, max gust nan mph (Breezy). Minimum visibility was 10.0 miles (Good visibility). Sky conditions: FEW:02 4 BKN:07 180 (2); FEW:02 4 BKN:07 17 (1); FEW:02 4 BKN:07 16 (1); FEW:02 4 SCT:04 16 (1); FEW:02 10 FEW:02 120 SCT:04 180 (1).",2021-07-03 20:35:38 - SNS,5571522751,2021-07-03T20:35:38-07:00,2021-07-03T23:11:30-07:00,NOAA NCEI legacy route weather pipeline,NOAA NCEI,Unknown hourly station,legacy_fixed_local_window,,,,,
2021-07-09,20:55:17 - FNS,https://handicapskater.com/common/maps/20210709-20_55_17-FNS-5602969492.html,True,False,False,No recorded rain from 9 PM to midnight,No downtown daily rain,0.0,0.0,0,0.0,64.71428571428571,58.0,74.0,Mild,53.285714285714285,68.14285714285714,17.142857142857142,21.0,,301.4241277714905,Windy,10.0,10.0,Good visibility,FEW:02 3 (3); FEW:02 10 FEW:02 180 FEW:02 300 (2); FEW:02 10 FEW:02 200 FEW:02 300 (1),,2021-07-09T21:00:00-07:00,2021-07-09T23:59:59-07:00,True,7,UNKNOWN,Unknown hourly station,,,USW00023272,"SAN FRANCISCO DOWNTOWN, CA US",37.7705,-122.4269,Hourly LCDv2 weather used for 9 PM to midnight,"Skate route '20:55:17 - FNS' occurred on 2021-07-09. Hourly weather from Unknown hourly station (UNKNOWN) was summarized for 9 PM to midnight local time. Mean temperature was 64.7°F (Mild). No hourly precipitation was recorded in the 9 PM to midnight window. Mean wind was 17.1 mph, max wind 21.0 mph, max gust nan mph (Windy). Minimum visibility was 10.0 miles (Good visibility). Sky conditions: FEW:02 3 (3); FEW:02 10 FEW:02 180 FEW:02 300 (2); FEW:02 10 FEW:02 200 FEW:02 300 (1).",2021-07-09 20:55:17 - FNS,5602969492,2021-07-09T20:55:17-07:00,2021-07-09T23:47:07-07:00,NOAA NCEI legacy route weather pipeline,NOAA NCEI,Unknown hourly station,legacy_fixed_local_window,,,,,
2021-07-10,20:44:55 - SNS,https://handicapskater.com/common/maps/20210710-20_44_55-SNS-5608276314.html,True,False,False,No recorded rain from 9 PM to midnight,No downtown daily rain,0.0,0.0,0,0.0,63.142857142857146,58.0,71.0,Mild,52.714285714285715,70.14285714285714,17.0,21.0,,304.277662670654,Windy,10.0,10.0,Good visibility,FEW:02 3 (3); FEW:02 10 (3),,2021-07-10T21:00:00-07:00,2021-07-10T23:59:59-07:00,True,7,UNKNOWN,Unknown hourly station,,,USW00023272,"SAN FRANCISCO DOWNTOWN, CA US",37.7705,-122.4269,Hourly LCDv2 weather used for 9 PM to midnight,"Skate route '20:44:55 - SNS' occurred on 2021-07-10. Hourly weather from Unknown hourly station (UNKNOWN) was summarized for 9 PM to midnight local time. Mean temperature was 63.1°F (Mild). No hourly precipitation was recorded in the 9 PM to midnight window. Mean wind was 17.0 mph, max wind 21.0 mph, max gust nan mph (Windy). Minimum visibility was 10.0 miles (Good visibility). Sky conditions: FEW:02 3 (3); FEW:02 10 (3).",2021-07-10 20:44:55 - SNS,5608276314,2021-07-10T20:44:55-07:00,2021-07-10T23:05:58-07:00,NOAA NCEI legacy route weather pipeline,NOAA NCEI,Unknown hourly station,legacy_fixed_local_window,,,,,
2021-07-16,20:53:26 - FNS,https://handicapskater.com/common/maps/20210716-20_53_26-FNS-5639744939.html,True,False,False,No recorded rain from 9 PM to midnight,No downtown daily rain,0.0,0.0,0,0.0,59.857142857142854,56.0,66.0,Mild,52.142857142857146,76.71428571428571,13.0,20.0,,308.5758722285095,Windy,10.0,10.0,Good visibility,FEW:02 7 (3); FEW:02 10 (3),,2021-07-16T21:00:00-07:00,2021-07-16T23:59:59-07:00,True,7,UNKNOWN,Unknown hourly station,,,USW00023272,"SAN FRANCISCO DOWNTOWN, CA US",37.7705,-122.4269,Hourly LCDv2 weather used for 9 PM to midnight,"Skate route '20:53:26 - FNS' occurred on 2021-07-16. Hourly weather from Unknown hourly station (UNKNOWN) was summarized for 9 PM to midnight local time. Mean temperature was 59.9°F (Mild). No hourly precipitation was recorded in the 9 PM to midnight window. Mean wind was 13.0 mph, max wind 20.0 mph, max gust nan mph (Windy). Minimum visibility was 10.0 miles (Good visibility). Sky conditions: FEW:02 7 (3); FEW:02 10 (3).",2021-07-16 20:53:26 - FNS,5639744939,2021-07-16T20:53:26-07:00,2021-07-17T00:06:22-07:00,NOAA NCEI legacy route weather pipeline,NOAA NCEI,Unknown hourly station,legacy_fixed_local_window,,,,,
2021-07-17,20:37:13 - SNS,https://handicapskater.com/common/maps/20210717-20_37_13-SNS-5644909456.html,False,False,False,No recorded rain from 9 PM to midnight,No downtown daily rain,0.0,0.0,0,0.0,62.0,56.0,71.0,Mild,53.857142857142854,76.57142857142857,13.142857142857142,18.0,,300.0,Breezy,10.0,10.0,Good visibility,FEW:02 10 (3); FEW:02 2 (2); FEW:02 3 (1),,2021-07-17T21:00:00-07:00,2021-07-17T23:59:59-07:00,True,7,UNKNOWN,Unknown hourly station,,,USW00023272,"SAN FRANCISCO DOWNTOWN, CA US",37.7705,-122.4269,Hourly LCDv2 weather used for 9 PM to midnight,"Skate route '20:37:13 - SNS' occurred on 2021-07-17. Hourly weather from Unknown hourly station (UNKNOWN) was summarized for 9 PM to midnight local time. Mean temperature was 62.0°F (Mild). No hourly precipitation was recorded in the 9 PM to midnight window. Mean wind was 13.1 mph, max wind 18.0 mph, max gust nan mph (Breezy). Minimum visibility was 10.0 miles (Good visibility). Sky conditions: FEW:02 10 (3); FEW:02 2 (2); FEW:02 3 (1).",2021-07-17 20:37:13 - SNS,5644909456,2021-07-17T20:37:13-07:00,2021-07-17T22:46:50-07:00,NOAA NCEI legacy route weather pipeline,NOAA NCEI,Unknown hourly station,legacy_fixed_local_window,,,,,
2021-07-23,20:52:33 - FNS,https://handicapskater.com/common/maps/20210723-20_52_33-FNS-5677220971.html,False,False,False,No recorded rain from 9 PM to midnight,No downtown daily rain,0.0,0.0,0,0.0,62.142857142857146,56.0,71.0,Mild,53.142857142857146,73.85714285714286,13.714285714285714,17.0,,304.28393283033796,Breezy,10.0,10.0,Good visibility,FEW:02 4 (3); FEW:02 10 FEW:02 180 (3),,2021-07-23T21:00:00-07:00,2021-07-23T23:59:59-07:00,True,7,UNKNOWN,Unknown hourly station,,,USW00023272,"SAN FRANCISCO DOWNTOWN, CA US",37.7705,-122.4269,Hourly LCDv2 weather used for 9 PM to midnight,"Skate route '20:52:33 - FNS' occurred on 2021-07-23. Hourly weather from Unknown hourly station (UNKNOWN) was summarized for 9 PM to midnight local time. Mean temperature was 62.1°F (Mild). No hourly precipitation was recorded in the 9 PM to midnight window. Mean wind was 13.7 mph, max wind 17.0 mph, max gust nan mph (Breezy). Minimum visibility was 10.0 miles (Good visibility). Sky conditions: FEW:02 4 (3); FEW:02 10 FEW:02 180 (3).",2021-07-23 20:52:33 - FNS,5677220971,2021-07-23T20:52:33-07:00,2021-07-23T23:51:57-07:00,NOAA NCEI legacy route weather pipeline,NOAA NCEI,Unknown hourly station,legacy_fixed_local_window,,,,,
2021-07-24,22:19:18 - SNS,https://handicapskater.com/common/maps/20210724-22_19_18-SNS-5682518468.html,True,False,False,No recorded rain from 9 PM to midnight,No downtown daily rain,0.0,0.0,0,0.0,61.0,56.0,69.0,Mild,53.75,78.625,13.875,20.0,,303.76134364673754,Windy,10.0,10.0,Good visibility,FEW:02 10 SCT:04 250 (3); FEW:02 3 FEW:02 180 (1); FEW:02 3 (1); FEW:02 3 FEW:02 200 (1),,2021-07-24T21:00:00-07:00,2021-07-24T23:59:59-07:00,True,8,UNKNOWN,Unknown hourly station,,,USW00023272,"SAN FRANCISCO DOWNTOWN, CA US",37.7705,-122.4269,Hourly LCDv2 weather used for 9 PM to midnight,"Skate route '22:19:18 - SNS' occurred on 2021-07-24. Hourly weather from Unknown hourly station (UNKNOWN) was summarized for 9 PM to midnight local time. Mean temperature was 61.0°F (Mild). No hourly precipitation was recorded in the 9 PM to midnight window. Mean wind was 13.9 mph, max wind 20.0 mph, max gust nan mph (Windy). Minimum visibility was 10.0 miles (Good visibility). Sky conditions: FEW:02 10 SCT:04 250 (3); FEW:02 3 FEW:02 180 (1); FEW:02 3 (1); FEW:02 3 FEW:02 200 (1).",2021-07-24 22:19:18 - SNS,5682518468,2021-07-24T22:19:18-07:00,2021-07-24T23:01:01-07:00,NOAA NCEI legacy route weather pipeline,NOAA NCEI,Unknown hourly station,legacy_fixed_local_window,,,,,
2021-07-31,20:34:20 - SNS,https://handicapskater.com/common/maps/20210731-20_34_20-SNS-5719244272.html,True,False,False,No recorded rain from 9 PM to midnight,No downtown daily rain,0.0,0.0,0,0.0,63.142857142857146,59.0,69.0,Mild,55.857142857142854,77.85714285714286,12.857142857142858,21.0,25.0,305.7475556698451,Windy,10.0,10.0,Good visibility,FEW:02 4 (3); FEW:02 8 FEW:02 40 FEW:02 180 (2); FEW:02 8 FEW:02 180 (1),,2021-07-31T21:00:00-07:00,2021-07-31T23:59:59-07:00,True,10,UNKNOWN,Unknown hourly station,,,USW00023272,"SAN FRANCISCO DOWNTOWN, CA US",37.7705,-122.4269,Hourly LCDv2 weather used for 9 PM to midnight,"Skate route '20:34:20 - SNS' occurred on 2021-07-31. Hourly weather from Unknown hourly station (UNKNOWN) was summarized for 9 PM to midnight local time. Mean temperature was 63.1°F (Mild). No hourly precipitation was recorded in the 9 PM to midnight window. Mean wind was 12.9 mph, max wind 21.0 mph, max gust 25.0 mph (Windy). Minimum visibility was 10.0 miles (Good visibility). Sky conditions: FEW:02 4 (3); FEW:02 8 FEW:02 40 FEW:02 180 (2); FEW:02 8 FEW:02 180 (1).",2021-07-31 20:34:20 - SNS,5719244272,2021-07-31T20:34:20-07:00,2021-07-31T22:55:28-07:00,NOAA NCEI legacy route weather pipeline,NOAA NCEI,Unknown hourly station,legacy_fixed_local_window,,,,,
2021-08-06,20:56:57 - FNS,https://handicapskater.com/common/maps/20210806-20_56_57-FNS-5751489762.html,False,False,False,No recorded rain from 9 PM to midnight,No downtown daily rain,0.0,0.0,0,0.0,64.85714285714286,59.0,74.0,Mild,56.857142857142854,77.42857142857143,13.142857142857142,16.0,,300.0,Breezy,10.0,10.0,Good visibility,FEW:02 10 (2); FEW:02 2 FEW:02 55 (1); FEW:02 2 FEW:02 8 (1); FEW:02 3 FEW:02 16 (1); FEW:02 10 FEW:02 20 (1),,2021-08-06T21:00:00-07:00,2021-08-06T23:59:59-07:00,True,7,UNKNOWN,Unknown hourly station,,,USW00023272,"SAN FRANCISCO DOWNTOWN, CA US",37.7705,-122.4269,Hourly LCDv2 weather used for 9 PM to midnight,"Skate route '20:56:57 - FNS' occurred on 2021-08-06. Hourly weather from Unknown hourly station (UNKNOWN) was summarized for 9 PM to midnight local time. Mean temperature was 64.9°F (Mild). No hourly precipitation was recorded in the 9 PM to midnight window. Mean wind was 13.1 mph, max wind 16.0 mph, max gust nan mph (Breezy). Minimum visibility was 10.0 miles (Good visibility). Sky conditions: FEW:02 10 (2); FEW:02 2 FEW:02 55 (1); FEW:02 2 FEW:02 8 (1); FEW:02 3 FEW:02 16 (1); FEW:02 10 FEW:02 20 (1).",2021-08-06 20:56:57 - FNS,5751489762,2021-08-06T20:56:57-07:00,2021-08-06T23:56:08-07:00,NOAA NCEI legacy route weather pipeline,NOAA NCEI,Unknown hourly station,legacy_fixed_local_window,,,,,
2021-08-07,20:38:01 - SNS,https://handicapskater.com/common/maps/20210807-20_38_01-SNS-5756567528.html,True,False,False,No recorded rain from 9 PM to midnight,No downtown daily rain,0.0,0.0,0,0.0,64.0,59.0,72.0,Mild,56.285714285714285,76.85714285714286,11.571428571428571,18.0,23.0,302.8526925517509,Windy,10.0,10.0,Good visibility,FEW:02 4 (3); FEW:02 10 SCT:04 140 (2); FEW:02 10 SCT:04 160 (1),,2021-08-07T21:00:00-07:00,2021-08-07T23:59:59-07:00,True,7,UNKNOWN,Unknown hourly station,,,USW00023272,"SAN FRANCISCO DOWNTOWN, CA US",37.7705,-122.4269,Hourly LCDv2 weather used for 9 PM to midnight,"Skate route '20:38:01 - SNS' occurred on 2021-08-07. Hourly weather from Unknown hourly station (UNKNOWN) was summarized for 9 PM to midnight local time. Mean temperature was 64.0°F (Mild). No hourly precipitation was recorded in the 9 PM to midnight window. Mean wind was 11.6 mph, max wind 18.0 mph, max gust 23.0 mph (Windy). Minimum visibility was 10.0 miles (Good visibility). Sky conditions: FEW:02 4 (3); FEW:02 10 SCT:04 140 (2); FEW:02 10 SCT:04 160 (1).",2021-08-07 20:38:01 - SNS,5756567528,2021-08-07T20:38:01-07:00,2021-08-07T23:41:55-07:00,NOAA NCEI legacy route weather pipeline,NOAA NCEI,Unknown hourly station,legacy_fixed_local_window,,,,,
2021-08-14,20:32:55 - SNS,https://handicapskater.com/common/maps/20210814-20_32_55-SNS-5794545085.html,True,False,False,No recorded rain from 9 PM to midnight,No downtown daily rain,0.0,0.0,0,0.0,64.14285714285714,61.0,69.0,Mild,56.714285714285715,77.42857142857143,11.571428571428571,20.0,,285.70347164740036,Windy,10.0,10.0,Good visibility,FEW:02 6 (3); FEW:02 10 SCT:04 250 (2); FEW:02 10 FEW:02 250 (1),,2021-08-14T21:00:00-07:00,2021-08-14T23:59:59-07:00,True,7,UNKNOWN,Unknown hourly station,,,USW00023272,"SAN FRANCISCO DOWNTOWN, CA US",37.7705,-122.4269,Hourly LCDv2 weather used for 9 PM to midnight,"Skate route '20:32:55 - SNS' occurred on 2021-08-14. Hourly weather from Unknown hourly station (UNKNOWN) was summarized for 9 PM to midnight local time. Mean temperature was 64.1°F (Mild). No hourly precipitation was recorded in the 9 PM to midnight window. Mean wind was 11.6 mph, max wind 20.0 mph, max gust nan mph (Windy). Minimum visibility was 10.0 miles (Good visibility). Sky conditions: FEW:02 6 (3); FEW:02 10 SCT:04 250 (2); FEW:02 10 FEW:02 250 (1).",2021-08-14 20:32:55 - SNS,5794545085,2021-08-14T20:32:55-07:00,2021-08-14T23:11:29-07:00,NOAA NCEI legacy route weather pipeline,NOAA NCEI,Unknown hourly station,legacy_fixed_local_window,,,,,
2021-08-21,20:30:03 - SNS,https://handicapskater.com/common/maps/20210821-20_30_03-SNS-5832432307.html,False,False,False,No recorded rain from 9 PM to midnight,No downtown daily rain,0.0,0.0,0,0.0,63.333333333333336,59.0,69.0,Mild,55.111111111111114,74.77777777777777,10.666666666666666,16.0,,296.6477382546666,Breezy,10.0,10.0,Good visibility,FEW:02 5 FEW:02 14 (2); FEW:02 5 BKN:07 19 (1); FEW:02 7 SCT:04 13 SCT:04 19 (1); FEW:02 10 SCT:04 60 (1); FEW:02 10 FEW:02 24 SCT:04 60 (1),,2021-08-21T21:00:00-07:00,2021-08-21T23:59:59-07:00,True,9,UNKNOWN,Unknown hourly station,,,USW00023272,"SAN FRANCISCO DOWNTOWN, CA US",37.7705,-122.4269,Hourly LCDv2 weather used for 9 PM to midnight,"Skate route '20:30:03 - SNS' occurred on 2021-08-21. Hourly weather from Unknown hourly station (UNKNOWN) was summarized for 9 PM to midnight local time. Mean temperature was 63.3°F (Mild). No hourly precipitation was recorded in the 9 PM to midnight window. Mean wind was 10.7 mph, max wind 16.0 mph, max gust nan mph (Breezy). Minimum visibility was 10.0 miles (Good visibility). Sky conditions: FEW:02 5 FEW:02 14 (2); FEW:02 5 BKN:07 19 (1); FEW:02 7 SCT:04 13 SCT:04 19 (1); FEW:02 10 SCT:04 60 (1); FEW:02 10 FEW:02 24 SCT:04 60 (1).",2021-08-21 20:30:03 - SNS,5832432307,2021-08-21T20:30:03-07:00,2021-08-21T23:11:41-07:00,NOAA NCEI legacy route weather pipeline,NOAA NCEI,Unknown hourly station,legacy_fixed_local_window,,,,,
2021-08-28,20:35:58 - SNS,https://handicapskater.com/common/maps/20210828-20_35_58-SNS-5869740342.html,False,False,False,No recorded rain from 9 PM to midnight,No downtown daily rain,0.0,0.0,0,0.0,73.28571428571429,64.0,86.0,Warm,58.0,61.857142857142854,7.714285714285714,14.0,,298.0417817440468,Breezy,7.0,8.5,Good visibility,CLR:00 (3); SCT:04 40 (2); FEW:02 40 (1),,2021-08-28T21:00:00-07:00,2021-08-28T23:59:59-07:00,True,7,UNKNOWN,Unknown hourly station,,,USW00023272,"SAN FRANCISCO DOWNTOWN, CA US",37.7705,-122.4269,Hourly LCDv2 weather used for 9 PM to midnight,"Skate route '20:35:58 - SNS' occurred on 2021-08-28. Hourly weather from Unknown hourly station (UNKNOWN) was summarized for 9 PM to midnight local time. Mean temperature was 73.3°F (Warm). No hourly precipitation was recorded in the 9 PM to midnight window. Mean wind was 7.7 mph, max wind 14.0 mph, max gust nan mph (Breezy). Minimum visibility was 7.0 miles (Good visibility). Sky conditions: CLR:00 (3); SCT:04 40 (2); FEW:02 40 (1).",2021-08-28 20:35:58 - SNS,5869740342,2021-08-28T20:35:58-07:00,2021-08-28T22:12:16-07:00,NOAA NCEI legacy route weather pipeline,NOAA NCEI,Unknown hourly station,legacy_fixed_local_window,,,,,
2021-09-04,20:40:34 - SNS,https://handicapskater.com/common/maps/20210904-20_40_34-SNS-5907467912.html,False,False,False,No recorded rain from 9 PM to midnight,No downtown daily rain,0.0,0.0,0,0.0,63.714285714285715,55.0,75.0,Mild,53.857142857142854,73.28571428571429,11.428571428571429,14.0,,292.8651627383384,Breezy,9.0,9.833333333333334,Good visibility,FEW:02 2 (2); FEW:02 10 (2); FEW:02 4 (1); CLR:00 (1),,2021-09-04T21:00:00-07:00,2021-09-04T23:59:59-07:00,True,7,UNKNOWN,Unknown hourly station,,,USW00023272,"SAN FRANCISCO DOWNTOWN, CA US",37.7705,-122.4269,Hourly LCDv2 weather used for 9 PM to midnight,"Skate route '20:40:34 - SNS' occurred on 2021-09-04. Hourly weather from Unknown hourly station (UNKNOWN) was summarized for 9 PM to midnight local time. Mean temperature was 63.7°F (Mild). No hourly precipitation was recorded in the 9 PM to midnight window. Mean wind was 11.4 mph, max wind 14.0 mph, max gust nan mph (Breezy). Minimum visibility was 9.0 miles (Good visibility). Sky conditions: FEW:02 2 (2); FEW:02 10 (2); FEW:02 4 (1); CLR:00 (1).",2021-09-04 20:40:34 - SNS,5907467912,2021-09-04T20:40:34-07:00,2021-09-04T22:59:06-07:00,NOAA NCEI legacy route weather pipeline,NOAA NCEI,Unknown hourly station,legacy_fixed_local_window,,,,,
2021-09-11,20:37:13 - SNS,https://handicapskater.com/common/maps/20210911-20_37_13-SNS-5945894116.html,True,False,False,No recorded rain from 9 PM to midnight,No downtown daily rain,0.0,0.0,0,0.0,63.57142857142857,58.0,71.0,Mild,54.57142857142857,73.85714285714286,13.0,20.0,,301.36716221141137,Windy,10.0,10.0,Good visibility,FEW:02 5 (3); FEW:02 10 FEW:02 220 (3),,2021-09-11T21:00:00-07:00,2021-09-11T23:59:59-07:00,True,7,UNKNOWN,Unknown hourly station,,,USW00023272,"SAN FRANCISCO DOWNTOWN, CA US",37.7705,-122.4269,Hourly LCDv2 weather used for 9 PM to midnight,"Skate route '20:37:13 - SNS' occurred on 2021-09-11. Hourly weather from Unknown hourly station (UNKNOWN) was summarized for 9 PM to midnight local time. Mean temperature was 63.6°F (Mild). No hourly precipitation was recorded in the 9 PM to midnight window. Mean wind was 13.0 mph, max wind 20.0 mph, max gust nan mph (Windy). Minimum visibility was 10.0 miles (Good visibility). Sky conditions: FEW:02 5 (3); FEW:02 10 FEW:02 220 (3).",2021-09-11 20:37:13 - SNS,5945894116,2021-09-11T20:37:13-07:00,2021-09-11T23:10:12-07:00,NOAA NCEI legacy route weather pipeline,NOAA NCEI,Unknown hourly station,legacy_fixed_local_window,,,,,
2021-09-18,21:04:42 - SNS,https://handicapskater.com/common/maps/20210918-21_04_42-SNS-5987034412.html,True,True,True,Light rain from 9 PM to midnight,Light downtown daily rain,0.02,0.02,1,0.02,66.375,64.0,71.0,Mild,58.125,75.125,9.625,15.0,,197.7201577294543,Breezy,10.0,10.0,Good visibility,BKN:07 21 BKN:07 29 (1); FEW:02 9 BKN:07 16 (1); FEW:02 9 BKN:07 16 OVC:08 22 (1); FEW:02 9 BKN:07 16 OVC:08 60 (1); BKN:07 28 (1),,2021-09-18T21:00:00-07:00,2021-09-18T23:59:59-07:00,True,9,UNKNOWN,Unknown hourly station,,,USW00023272,"SAN FRANCISCO DOWNTOWN, CA US",37.7705,-122.4269,Hourly LCDv2 weather used for 9 PM to midnight,"Skate route '21:04:42 - SNS' occurred on 2021-09-18. Hourly weather from Unknown hourly station (UNKNOWN) was summarized for 9 PM to midnight local time. Mean temperature was 66.4°F (Mild). Hourly precipitation totaled 0.020 inches with 1 rainy hour(s), categorized as Light rain from 9 PM to midnight. Mean wind was 9.6 mph, max wind 15.0 mph, max gust nan mph (Breezy). Minimum visibility was 10.0 miles (Good visibility). Sky conditions: BKN:07 21 BKN:07 29 (1); FEW:02 9 BKN:07 16 (1); FEW:02 9 BKN:07 16 OVC:08 22 (1); FEW:02 9 BKN:07 16 OVC:08 60 (1); BKN:07 28 (1). The local downtown station SAN FRANCISCO DOWNTOWN, CA US (USW00023272) recorded 0.020 inches of daily precipitation, categorized as Light downtown daily rain.",2021-09-18 21:04:42 - SNS,5987034412,2021-09-18T21:04:42-07:00,2021-09-18T23:15:06-07:00,NOAA NCEI legacy route weather pipeline,NOAA NCEI,Unknown hourly station,legacy_fixed_local_window,,,,,
2021-09-25,20:46:13 - SNS,https://handicapskater.com/common/maps/20210925-20_46_13-SNS-6020120313.html,False,False,False,No recorded rain from 9 PM to midnight,No downtown daily rain,0.0,0.0,0,0.0,60.8,59.0,66.0,Mild,53.6,77.6,12.2,15.0,,270.96108972962935,Breezy,10.0,10.0,Good visibility,FEW:02 6 BKN:07 14 (2); FEW:02 6 BKN:07 16 (2); FEW:02 6 BKN:07 13 (1); FEW:02 7 BKN:07 14 (1); FEW:02 8 SCT:04 11 BKN:07 200 (1),,2021-09-25T21:00:00-07:00,2021-09-25T23:59:59-07:00,True,10,UNKNOWN,Unknown hourly station,,,USW00023272,"SAN FRANCISCO DOWNTOWN, CA US",37.7705,-122.4269,Hourly LCDv2 weather used for 9 PM to midnight,"Skate route '20:46:13 - SNS' occurred on 2021-09-25. Hourly weather from Unknown hourly station (UNKNOWN) was summarized for 9 PM to midnight local time. Mean temperature was 60.8°F (Mild). No hourly precipitation was recorded in the 9 PM to midnight window. Mean wind was 12.2 mph, max wind 15.0 mph, max gust nan mph (Breezy). Minimum visibility was 10.0 miles (Good visibility). Sky conditions: FEW:02 6 BKN:07 14 (2); FEW:02 6 BKN:07 16 (2); FEW:02 6 BKN:07 13 (1); FEW:02 7 BKN:07 14 (1); FEW:02 8 SCT:04 11 BKN:07 200 (1).",2021-09-25 20:46:13 - SNS,6020120313,2021-09-25T20:46:13-07:00,2021-09-25T23:15:30-07:00,NOAA NCEI legacy route weather pipeline,NOAA NCEI,Unknown hourly station,legacy_fixed_local_window,,,,,
2021-10-01,20:59:52 - FNS,https://handicapskater.com/common/maps/20211001-20_59_52-FNS-6050346367.html,False,False,False,No recorded rain from 9 PM to midnight,No downtown daily rain,0.0,0.0,0,0.0,70.14285714285714,60.0,85.0,Warm,52.714285714285715,59.0,9.142857142857142,11.0,,298.5570491666935,Breezy,10.0,10.0,Good visibility,CLR:00 (5); FEW:02 200 (1),,2021-10-01T21:00:00-07:00,2021-10-01T23:59:59-07:00,True,7,UNKNOWN,Unknown hourly station,,,USW00023272,"SAN FRANCISCO DOWNTOWN, CA US",37.7705,-122.4269,Hourly LCDv2 weather used for 9 PM to midnight,"Skate route '20:59:52 - FNS' occurred on 2021-10-01. Hourly weather from Unknown hourly station (UNKNOWN) was summarized for 9 PM to midnight local time. Mean temperature was 70.1°F (Warm). No hourly precipitation was recorded in the 9 PM to midnight window. Mean wind was 9.1 mph, max wind 11.0 mph, max gust nan mph (Breezy). Minimum visibility was 10.0 miles (Good visibility). Sky conditions: CLR:00 (5); FEW:02 200 (1).",2021-10-01 20:59:52 - FNS,6050346367,2021-10-01T20:59:52-07:00,2021-10-01T23:47:43-07:00,NOAA NCEI legacy route weather pipeline,NOAA NCEI,Unknown hourly station,legacy_fixed_local_window,,,,,
2021-10-02,20:24:38 - SNS,https://handicapskater.com/common/maps/20211002-20_24_38-SNS-6055576959.html,False,False,False,No recorded rain from 9 PM to midnight,No downtown daily rain,0.0,0.0,0,0.0,73.14285714285714,63.0,87.0,Warm,50.714285714285715,47.0,7.285714285714286,11.0,,287.12127999943266,Breezy,10.0,10.0,Good visibility,CLR:00 (3); FEW:02 250 (2); FEW:02 220 (1),,2021-10-02T21:00:00-07:00,2021-10-02T23:59:59-07:00,True,7,UNKNOWN,Unknown hourly station,,,USW00023272,"SAN FRANCISCO DOWNTOWN, CA US",37.7705,-122.4269,Hourly LCDv2 weather used for 9 PM to midnight,"Skate route '20:24:38 - SNS' occurred on 2021-10-02. Hourly weather from Unknown hourly station (UNKNOWN) was summarized for 9 PM to midnight local time. Mean temperature was 73.1°F (Warm). No hourly precipitation was recorded in the 9 PM to midnight window. Mean wind was 7.3 mph, max wind 11.0 mph, max gust nan mph (Breezy). Minimum visibility was 10.0 miles (Good visibility). Sky conditions: CLR:00 (3); FEW:02 250 (2); FEW:02 220 (1).",2021-10-02 20:24:38 - SNS,6055576959,2021-10-02T20:24:38-07:00,2021-10-02T23:05:26-07:00,NOAA NCEI legacy route weather pipeline,NOAA NCEI,Unknown hourly station,legacy_fixed_local_window,,,,,
2021-10-09,20:34:59 - SNS,https://handicapskater.com/common/maps/20211009-20_34_59-SNS-6090297186.html,False,False,False,No recorded rain from 9 PM to midnight,No downtown daily rain,0.0,0.0,0,0.0,64.375,56.0,73.0,Mild,48.125,58.125,8.875,15.0,16.0,284.8313373917614,Breezy,10.0,10.0,Good visibility,CLR:00 (5); FEW:02 10 FEW:02 180 (2),,2021-10-09T21:00:00-07:00,2021-10-09T23:59:59-07:00,True,8,UNKNOWN,Unknown hourly station,,,USW00023272,"SAN FRANCISCO DOWNTOWN, CA US",37.7705,-122.4269,Hourly LCDv2 weather used for 9 PM to midnight,"Skate route '20:34:59 - SNS' occurred on 2021-10-09. Hourly weather from Unknown hourly station (UNKNOWN) was summarized for 9 PM to midnight local time. Mean temperature was 64.4°F (Mild). No hourly precipitation was recorded in the 9 PM to midnight window. Mean wind was 8.9 mph, max wind 15.0 mph, max gust 16.0 mph (Breezy). Minimum visibility was 10.0 miles (Good visibility). Sky conditions: CLR:00 (5); FEW:02 10 FEW:02 180 (2).",2021-10-09 20:34:59 - SNS,6090297186,2021-10-09T20:34:59-07:00,2021-10-09T23:01:28-07:00,NOAA NCEI legacy route weather pipeline,NOAA NCEI,Unknown hourly station,legacy_fixed_local_window,,,,,
2021-10-16,20:35:08 - SNS,https://handicapskater.com/common/maps/20211016-20_35_08-SNS-6124361575.html,False,False,False,No recorded rain from 9 PM to midnight,No downtown daily rain,0.0,0.0,0,0.0,69.57142857142857,61.0,83.0,Warm,40.285714285714285,35.714285714285715,7.714285714285714,10.0,,286.8757318772083,Breezy,10.0,10.0,Good visibility,CLR:00 (2); FEW:02 200 (1); BKN:07 200 (1); FEW:02 20 (1); FEW:02 250 (1),,2021-10-16T21:00:00-07:00,2021-10-16T23:59:59-07:00,True,7,UNKNOWN,Unknown hourly station,,,USW00023272,"SAN FRANCISCO DOWNTOWN, CA US",37.7705,-122.4269,Hourly LCDv2 weather used for 9 PM to midnight,"Skate route '20:35:08 - SNS' occurred on 2021-10-16. Hourly weather from Unknown hourly station (UNKNOWN) was summarized for 9 PM to midnight local time. Mean temperature was 69.6°F (Warm). No hourly precipitation was recorded in the 9 PM to midnight window. Mean wind was 7.7 mph, max wind 10.0 mph, max gust nan mph (Breezy). Minimum visibility was 10.0 miles (Good visibility). Sky conditions: CLR:00 (2); FEW:02 200 (1); BKN:07 200 (1); FEW:02 20 (1); FEW:02 250 (1).",2021-10-16 20:35:08 - SNS,6124361575,2021-10-16T20:35:08-07:00,2021-10-16T23:12:27-07:00,NOAA NCEI legacy route weather pipeline,NOAA NCEI,Unknown hourly station,legacy_fixed_local_window,,,,,
2021-10-23,20:34:33 - SNS,https://handicapskater.com/common/maps/20211023-20_34_33-SNS-6157737586.html,True,True,True,Very heavy rain from 9 PM to midnight,Heavy downtown daily rain,0.9420000000000001,0.32,11,0.82,60.63636363636363,59.0,65.0,Mild,55.54545454545455,84.63636363636364,11.818181818181818,14.0,,154.5601718722123,Breezy,2.5,5.55,Low visibility,FEW:02 6 BKN:07 11 OVC:08 17 (2); FEW:02 14 FEW:02 28 BKN:07 60 (2); FEW:02 9 BKN:07 15 OVC:08 25 (1); FEW:02 8 BKN:07 12 OVC:08 17 (1); FEW:02 7 OVC:08 14 (1),-RA:02 BR:1 |RA BR |RA (5); ||RA (1); RA:02 BR:1 |RA BR |RA (1); -RA:02 |RA |RA (1),2021-10-23T21:00:00-07:00,2021-10-23T23:59:59-07:00,True,14,UNKNOWN,Unknown hourly station,,,USW00023272,"SAN FRANCISCO DOWNTOWN, CA US",37.7705,-122.4269,Hourly LCDv2 weather used for 9 PM to midnight,"Skate route '20:34:33 - SNS' occurred on 2021-10-23. Hourly weather from Unknown hourly station (UNKNOWN) was summarized for 9 PM to midnight local time. Mean temperature was 60.6°F (Mild). Hourly precipitation totaled 0.942 inches with 11 rainy hour(s), categorized as Very heavy rain from 9 PM to midnight. Mean wind was 11.8 mph, max wind 14.0 mph, max gust nan mph (Breezy). Minimum visibility was 2.5 miles (Low visibility). Present weather codes/summary: -RA:02 BR:1 |RA BR |RA (5); ||RA (1); RA:02 BR:1 |RA BR |RA (1); -RA:02 |RA |RA (1). Sky conditions: FEW:02 6 BKN:07 11 OVC:08 17 (2); FEW:02 14 FEW:02 28 BKN:07 60 (2); FEW:02 9 BKN:07 15 OVC:08 25 (1); FEW:02 8 BKN:07 12 OVC:08 17 (1); FEW:02 7 OVC:08 14 (1). The local downtown station SAN FRANCISCO DOWNTOWN, CA US (USW00023272) recorded 0.820 inches of daily precipitation, categorized as Heavy downtown daily rain.",2021-10-23 20:34:33 - SNS,6157737586,2021-10-23T20:34:33-07:00,2021-10-23T23:20:11-07:00,NOAA NCEI legacy route weather pipeline,NOAA NCEI,Unknown hourly station,legacy_fixed_local_window,,,,,
2021-10-30,21:15:55 - SNS,https://handicapskater.com/common/maps/20211030-21_15_55-SNS-6190242861.html,False,False,False,No recorded rain from 9 PM to midnight,No downtown daily rain,0.0,0.0,0,0.0,60.125,58.0,63.0,Mild,51.875,74.5,10.0,17.0,,237.5385027065417,Breezy,10.0,10.0,Good visibility,BKN:07 20 BKN:07 200 (2); FEW:02 5 BKN:07 31 (1); BKN:07 29 (1); FEW:02 9 BKN:07 32 (1); BKN:07 25 BKN:07 200 (1),,2021-10-30T21:00:00-07:00,2021-10-30T23:59:59-07:00,True,8,UNKNOWN,Unknown hourly station,,,USW00023272,"SAN FRANCISCO DOWNTOWN, CA US",37.7705,-122.4269,Hourly LCDv2 weather used for 9 PM to midnight,"Skate route '21:15:55 - SNS' occurred on 2021-10-30. Hourly weather from Unknown hourly station (UNKNOWN) was summarized for 9 PM to midnight local time. Mean temperature was 60.1°F (Mild). No hourly precipitation was recorded in the 9 PM to midnight window. Mean wind was 10.0 mph, max wind 17.0 mph, max gust nan mph (Breezy). Minimum visibility was 10.0 miles (Good visibility). Sky conditions: BKN:07 20 BKN:07 200 (2); FEW:02 5 BKN:07 31 (1); BKN:07 29 (1); FEW:02 9 BKN:07 32 (1); BKN:07 25 BKN:07 200 (1).",2021-10-30 21:15:55 - SNS,6190242861,2021-10-30T21:15:55-07:00,2021-10-30T23:27:16-07:00,NOAA NCEI legacy route weather pipeline,NOAA NCEI,Unknown hourly station,legacy_fixed_local_window,,,,,
2021-11-05,20:55:24 - FNS,https://handicapskater.com/common/maps/20211105-20_55_24-FNS-6217659020.html,False,False,False,No recorded rain from 9 PM to midnight,No downtown daily rain,0.0,0.0,0,0.0,58.714285714285715,55.0,63.0,Mild,51.857142857142854,79.28571428571429,7.142857142857143,14.0,,274.5522871110629,Breezy,10.0,10.0,Good visibility,FEW:02 8 SCT:04 180 (2); FEW:02 8 (1); FEW:02 10 BKN:07 200 BKN:07 250 (1); FEW:02 30 SCT:04 80 BKN:07 180 (1); FEW:02 14 SCT:04 80 BKN:07 180 (1),,2021-11-05T21:00:00-07:00,2021-11-05T23:59:59-07:00,True,7,UNKNOWN,Unknown hourly station,,,USW00023272,"SAN FRANCISCO DOWNTOWN, CA US",37.7705,-122.4269,Hourly LCDv2 weather used for 9 PM to midnight,"Skate route '20:55:24 - FNS' occurred on 2021-11-05. Hourly weather from Unknown hourly station (UNKNOWN) was summarized for 9 PM to midnight local time. Mean temperature was 58.7°F (Mild). No hourly precipitation was recorded in the 9 PM to midnight window. Mean wind was 7.1 mph, max wind 14.0 mph, max gust nan mph (Breezy). Minimum visibility was 10.0 miles (Good visibility). Sky conditions: FEW:02 8 SCT:04 180 (2); FEW:02 8 (1); FEW:02 10 BKN:07 200 BKN:07 250 (1); FEW:02 30 SCT:04 80 BKN:07 180 (1); FEW:02 14 SCT:04 80 BKN:07 180 (1).",2021-11-05 20:55:24 - FNS,6217659020,2021-11-05T20:55:24-07:00,2021-11-05T23:26:23-07:00,NOAA NCEI legacy route weather pipeline,NOAA NCEI,Unknown hourly station,legacy_fixed_local_window,,,,,
2021-11-12,20:59:26 - FNS,https://handicapskater.com/common/maps/20211112-20_59_26-FNS-6252907390.html,False,False,False,No recorded rain from 9 PM to midnight,No downtown daily rain,0.0,0.0,0,0.0,63.0,59.0,68.0,Mild,56.0,78.71428571428571,4.428571428571429,11.0,,300.0,Breezy,10.0,10.0,Good visibility,CLR:00 (3); FEW:02 220 (2); FEW:02 200 (1),,2021-11-12T21:00:00-08:00,2021-11-12T23:59:59-08:00,True,7,UNKNOWN,Unknown hourly station,,,USW00023272,"SAN FRANCISCO DOWNTOWN, CA US",37.7705,-122.4269,Hourly LCDv2 weather used for 9 PM to midnight,"Skate route '20:59:26 - FNS' occurred on 2021-11-12. Hourly weather from Unknown hourly station (UNKNOWN) was summarized for 9 PM to midnight local time. Mean temperature was 63.0°F (Mild). No hourly precipitation was recorded in the 9 PM to midnight window. Mean wind was 4.4 mph, max wind 11.0 mph, max gust nan mph (Breezy). Minimum visibility was 10.0 miles (Good visibility). Sky conditions: CLR:00 (3); FEW:02 220 (2); FEW:02 200 (1).",2021-11-12 20:59:26 - FNS,6252907390,2021-11-12T20:59:26-08:00,2021-11-12T23:59:02-08:00,NOAA NCEI legacy route weather pipeline,NOAA NCEI,Unknown hourly station,legacy_fixed_local_window,,,,,
2021-11-13,20:31:45 - SNS,https://handicapskater.com/common/maps/20211113-20_31_45-SNS-6254828226.html,False,False,False,No recorded rain from 9 PM to midnight,No downtown daily rain,0.0,0.0,0,0.0,63.25,58.0,70.0,Mild,53.875,73.125,5.375,8.0,,313.3295630553023,Calm / light wind,10.0,10.0,Good visibility,CLR:00 (3); FEW:02 180 FEW:02 250 (2); FEW:02 3 (1); FEW:02 8 FEW:02 180 (1),,2021-11-13T21:00:00-08:00,2021-11-13T23:59:59-08:00,True,8,UNKNOWN,Unknown hourly station,,,USW00023272,"SAN FRANCISCO DOWNTOWN, CA US",37.7705,-122.4269,Hourly LCDv2 weather used for 9 PM to midnight,"Skate route '20:31:45 - SNS' occurred on 2021-11-13. Hourly weather from Unknown hourly station (UNKNOWN) was summarized for 9 PM to midnight local time. Mean temperature was 63.2°F (Mild). No hourly precipitation was recorded in the 9 PM to midnight window. Mean wind was 5.4 mph, max wind 8.0 mph, max gust nan mph (Calm / light wind). Minimum visibility was 10.0 miles (Good visibility). Sky conditions: CLR:00 (3); FEW:02 180 FEW:02 250 (2); FEW:02 3 (1); FEW:02 8 FEW:02 180 (1).",2021-11-13 20:31:45 - SNS,6254828226,2021-11-13T20:31:45-08:00,2021-11-13T23:04:33-08:00,NOAA NCEI legacy route weather pipeline,NOAA NCEI,Unknown hourly station,legacy_fixed_local_window,,,,,
2021-11-19,20:41:11 - FNS,https://handicapskater.com/common/maps/20211119-20_41_11-FNS-6281501578.html,True,True,True,Light rain from 9 PM to midnight,Trace / damp pavement downtown daily rain,0.003,0.001,3,0.01,58.083333333333336,57.0,61.0,Mild,54.333333333333336,87.66666666666667,3.5,10.0,,306.03920998899434,Breezy,6.0,9.181818181818182,Reduced visibility,FEW:02 10 BKN:07 12 OVC:08 15 (2); BKN:07 8 OVC:08 14 (2); FEW:02 6 BKN:07 10 OVC:08 14 (2); FEW:02 9 BKN:07 12 OVC:08 21 (1); FEW:02 9 FEW:02 12 OVC:08 25 (1),-DZ:01 |DZ |DZ (2); -RA:02 BR:1 |RA BR |RA (2),2021-11-19T21:00:00-08:00,2021-11-19T23:59:59-08:00,True,12,UNKNOWN,Unknown hourly station,,,USW00023272,"SAN FRANCISCO DOWNTOWN, CA US",37.7705,-122.4269,Hourly LCDv2 weather used for 9 PM to midnight,"Skate route '20:41:11 - FNS' occurred on 2021-11-19. Hourly weather from Unknown hourly station (UNKNOWN) was summarized for 9 PM to midnight local time. Mean temperature was 58.1°F (Mild). Hourly precipitation totaled 0.003 inches with 3 rainy hour(s), categorized as Light rain from 9 PM to midnight. Mean wind was 3.5 mph, max wind 10.0 mph, max gust nan mph (Breezy). Minimum visibility was 6.0 miles (Reduced visibility). Present weather codes/summary: -DZ:01 |DZ |DZ (2); -RA:02 BR:1 |RA BR |RA (2). Sky conditions: FEW:02 10 BKN:07 12 OVC:08 15 (2); BKN:07 8 OVC:08 14 (2); FEW:02 6 BKN:07 10 OVC:08 14 (2); FEW:02 9 BKN:07 12 OVC:08 21 (1); FEW:02 9 FEW:02 12 OVC:08 25 (1). The local downtown station SAN FRANCISCO DOWNTOWN, CA US (USW00023272) recorded 0.010 inches of daily precipitation, categorized as Trace / damp pavement downtown daily rain.",2021-11-19 20:41:11 - FNS,6281501578,2021-11-19T20:41:11-08:00,2021-11-19T23:07:27-08:00,NOAA NCEI legacy route weather pipeline,NOAA NCEI,Unknown hourly station,legacy_fixed_local_window,,,,,
2021-11-20,20:36:11 - SNS,https://handicapskater.com/common/maps/20211120-20_36_11-SNS-6286198292.html,False,False,False,No recorded rain from 9 PM to midnight,No downtown daily rain,0.0,0.0,0,0.0,57.857142857142854,51.0,65.0,Mild,46.857142857142854,68.0,5.285714285714286,10.0,,297.9926550205025,Breezy,10.0,10.0,Good visibility,CLR:00 (3); FEW:02 200 (1); FEW:02 140 (1); FEW:02 10 (1),,2021-11-20T21:00:00-08:00,2021-11-20T23:59:59-08:00,True,7,UNKNOWN,Unknown hourly station,,,USW00023272,"SAN FRANCISCO DOWNTOWN, CA US",37.7705,-122.4269,Hourly LCDv2 weather used for 9 PM to midnight,"Skate route '20:36:11 - SNS' occurred on 2021-11-20. Hourly weather from Unknown hourly station (UNKNOWN) was summarized for 9 PM to midnight local time. Mean temperature was 57.9°F (Mild). No hourly precipitation was recorded in the 9 PM to midnight window. Mean wind was 5.3 mph, max wind 10.0 mph, max gust nan mph (Breezy). Minimum visibility was 10.0 miles (Good visibility). Sky conditions: CLR:00 (3); FEW:02 200 (1); FEW:02 140 (1); FEW:02 10 (1).",2021-11-20 20:36:11 - SNS,6286198292,2021-11-20T20:36:11-08:00,2021-11-20T23:08:03-08:00,NOAA NCEI legacy route weather pipeline,NOAA NCEI,Unknown hourly station,legacy_fixed_local_window,,,,,
2021-11-24,20:24:39 - ENS,https://handicapskater.com/common/maps/20211124-20_24_39-ENS-6304056838.html,False,False,,No precipitation at activity weather observation,Daily precipitation unavailable,,,,,57.38,57.38,57.38,Activity-time point observation,33.98,41,3.13171080888,3.13171080888,5.14495347173,23,Activity-time point observation,9.99972659668,9.99972659668,Activity-time point observation,Cloud cover fraction 0.47,Strava weather condition code 2.0,2021-11-24T20:24:39-08:00,2021-11-24T22:29:23-08:00,True,1,,Unavailable in Strava export,,,,,,,Strava activity-time point weather observation,Activity-time Strava weather observation for 2021-11-24 20:24:39 - ENS: Strava weather condition code 2.0; temperature 57.38 F; wind 3.13171080888 mph; precipitation intensity 0 inches/hour. The upstream provider and station were not supplied by the export.,2021-11-24 20:24:39 - ENS,6304056838,2021-11-24T20:24:39-08:00,2021-11-24T22:29:23-08:00,Strava export activity weather fields,Unavailable in Strava export,Unavailable in Strava export,activity_time_point_observation,,2021-11-24T19:58:56-08:00,2.0,,0
2021-11-26,21:16:55 - FNS,https://handicapskater.com/common/maps/20211126-21_16_55-FNS-6311784050.html,False,False,False,No recorded rain from 9 PM to midnight,No downtown daily rain,0.0,0.0,0,0.0,57.42857142857143,53.0,64.0,Mild,46.142857142857146,68.0,6.571428571428571,9.0,,286.6231533451969,Calm / light wind,10.0,10.0,Good visibility,SCT:04 180 (1); FEW:02 6 SCT:04 180 (1); FEW:02 6 FEW:02 180 (1); SCT:04 200 (1); SCT:04 200 BKN:07 250 (1),,2021-11-26T21:00:00-08:00,2021-11-26T23:59:59-08:00,True,7,UNKNOWN,Unknown hourly station,,,USW00023272,"SAN FRANCISCO DOWNTOWN, CA US",37.7705,-122.4269,Hourly LCDv2 weather used for 9 PM to midnight,"Skate route '21:16:55 - FNS' occurred on 2021-11-26. Hourly weather from Unknown hourly station (UNKNOWN) was summarized for 9 PM to midnight local time. Mean temperature was 57.4°F (Mild). No hourly precipitation was recorded in the 9 PM to midnight window. Mean wind was 6.6 mph, max wind 9.0 mph, max gust nan mph (Calm / light wind). Minimum visibility was 10.0 miles (Good visibility). Sky conditions: SCT:04 180 (1); FEW:02 6 SCT:04 180 (1); FEW:02 6 FEW:02 180 (1); SCT:04 200 (1); SCT:04 200 BKN:07 250 (1).",2021-11-26 21:16:55 - FNS,6311784050,2021-11-26T21:16:55-08:00,2021-11-26T23:24:57-08:00,NOAA NCEI legacy route weather pipeline,NOAA NCEI,Unknown hourly station,legacy_fixed_local_window,,,,,
2021-11-27,20:34:16 - SNS,https://handicapskater.com/common/maps/20211127-20_34_16-SNS-6315827063.html,False,False,False,No recorded rain from 9 PM to midnight,No downtown daily rain,0.0,0.0,0,0.0,60.714285714285715,55.0,67.0,Mild,46.285714285714285,59.57142857142857,3.857142857142857,11.0,,306.636272588377,Breezy,10.0,10.0,Good visibility,CLR:00 (3); FEW:02 10 SCT:04 200 (1); FEW:02 80 SCT:04 180 SCT:04 220 (1); SCT:04 180 SCT:04 220 (1),,2021-11-27T21:00:00-08:00,2021-11-27T23:59:59-08:00,True,7,UNKNOWN,Unknown hourly station,,,USW00023272,"SAN FRANCISCO DOWNTOWN, CA US",37.7705,-122.4269,Hourly LCDv2 weather used for 9 PM to midnight,"Skate route '20:34:16 - SNS' occurred on 2021-11-27. Hourly weather from Unknown hourly station (UNKNOWN) was summarized for 9 PM to midnight local time. Mean temperature was 60.7°F (Mild). No hourly precipitation was recorded in the 9 PM to midnight window. Mean wind was 3.9 mph, max wind 11.0 mph, max gust nan mph (Breezy). Minimum visibility was 10.0 miles (Good visibility). Sky conditions: CLR:00 (3); FEW:02 10 SCT:04 200 (1); FEW:02 80 SCT:04 180 SCT:04 220 (1); SCT:04 180 SCT:04 220 (1).",2021-11-27 20:34:16 - SNS,6315827063,2021-11-27T20:34:16-08:00,2021-11-27T23:03:11-08:00,NOAA NCEI legacy route weather pipeline,NOAA NCEI,Unknown hourly station,legacy_fixed_local_window,,,,,
2021-12-03,20:58:33 - FNS,https://handicapskater.com/common/maps/20211203-20_58_33-FNS-6340835273.html,True,False,False,No recorded rain from 9 PM to midnight,No downtown daily rain,0.0,0.0,0,0.0,54.75,54.0,56.0,Cool,48.25,78.5,4.25,8.0,,287.0109634205278,Calm / light wind,5.0,7.714285714285714,Reduced visibility,FEW:02 9 OVC:08 15 (2); OVC:08 12 (2); OVC:08 15 (2); FEW:02 11 BKN:07 17 (1),HZ:7 |FU |HZ (2),2021-12-03T21:00:00-08:00,2021-12-03T23:59:59-08:00,True,8,UNKNOWN,Unknown hourly station,,,USW00023272,"SAN FRANCISCO DOWNTOWN, CA US",37.7705,-122.4269,Hourly LCDv2 weather used for 9 PM to midnight,"Skate route '20:58:33 - FNS' occurred on 2021-12-03. Hourly weather from Unknown hourly station (UNKNOWN) was summarized for 9 PM to midnight local time. Mean temperature was 54.8°F (Cool). No hourly precipitation was recorded in the 9 PM to midnight window. Mean wind was 4.2 mph, max wind 8.0 mph, max gust nan mph (Calm / light wind). Minimum visibility was 5.0 miles (Reduced visibility). Present weather codes/summary: HZ:7 |FU |HZ (2). Sky conditions: FEW:02 9 OVC:08 15 (2); OVC:08 12 (2); OVC:08 15 (2); FEW:02 11 BKN:07 17 (1).",2021-12-03 20:58:33 - FNS,6340835273,2021-12-03T20:58:33-08:00,2021-12-03T23:48:55-08:00,NOAA NCEI legacy route weather pipeline,NOAA NCEI,Unknown hourly station,legacy_fixed_local_window,,,,,
2021-12-04,20:46:25 - FNS - Saturday,https://handicapskater.com/common/maps/20211204-20_46_25-FNS - Saturday -6346770791.html,False,False,False,No recorded rain from 9 PM to midnight,No downtown daily rain,0.0,0.0,0,0.0,54.857142857142854,53.0,58.0,Cool,48.857142857142854,80.14285714285714,6.714285714285714,10.0,,275.3538158216214,Breezy,10.0,10.0,Good visibility,FEW:02 5 OVC:08 8 (1); FEW:02 4 OVC:08 8 (1); FEW:02 5 BKN:07 9 (1); SCT:04 17 (1); FEW:02 17 (1),,2021-12-04T21:00:00-08:00,2021-12-04T23:59:59-08:00,True,7,UNKNOWN,Unknown hourly station,,,USW00023272,"SAN FRANCISCO DOWNTOWN, CA US",37.7705,-122.4269,Hourly LCDv2 weather used for 9 PM to midnight,"Skate route '20:46:25 - FNS - Saturday' occurred on 2021-12-04. Hourly weather from Unknown hourly station (UNKNOWN) was summarized for 9 PM to midnight local time. Mean temperature was 54.9°F (Cool). No hourly precipitation was recorded in the 9 PM to midnight window. Mean wind was 6.7 mph, max wind 10.0 mph, max gust nan mph (Breezy). Minimum visibility was 10.0 miles (Good visibility). Sky conditions: FEW:02 5 OVC:08 8 (1); FEW:02 4 OVC:08 8 (1); FEW:02 5 BKN:07 9 (1); SCT:04 17 (1); FEW:02 17 (1).",2021-12-04 20:46:25 - FNS - Saturday,6346770791,2021-12-04T20:46:25-08:00,2021-12-04T23:14:54-08:00,NOAA NCEI legacy route weather pipeline,NOAA NCEI,Unknown hourly station,legacy_fixed_local_window,,,,,
2021-12-10,20:57:09 - FNS,https://handicapskater.com/common/maps/20211210-20_57_09-FNS-6368883101.html,False,False,False,No recorded rain from 9 PM to midnight,No downtown daily rain,0.0,0.0,0,0.0,50.285714285714285,45.0,56.0,Cool,35.57142857142857,59.714285714285715,5.285714285714286,9.0,,247.57301294192837,Calm / light wind,10.0,10.0,Good visibility,FEW:02 200 (3); FEW:02 180 FEW:02 250 (2); CLR:00 (1),,2021-12-10T21:00:00-08:00,2021-12-10T23:59:59-08:00,True,7,UNKNOWN,Unknown hourly station,,,USW00023272,"SAN FRANCISCO DOWNTOWN, CA US",37.7705,-122.4269,Hourly LCDv2 weather used for 9 PM to midnight,"Skate route '20:57:09 - FNS' occurred on 2021-12-10. Hourly weather from Unknown hourly station (UNKNOWN) was summarized for 9 PM to midnight local time. Mean temperature was 50.3°F (Cool). No hourly precipitation was recorded in the 9 PM to midnight window. Mean wind was 5.3 mph, max wind 9.0 mph, max gust nan mph (Calm / light wind). Minimum visibility was 10.0 miles (Good visibility). Sky conditions: FEW:02 200 (3); FEW:02 180 FEW:02 250 (2); CLR:00 (1).",2021-12-10 20:57:09 - FNS,6368883101,2021-12-10T20:57:09-08:00,2021-12-10T23:56:42-08:00,NOAA NCEI legacy route weather pipeline,NOAA NCEI,Unknown hourly station,legacy_fixed_local_window,,,,,
2021-12-11,20:30:27 - SNS,https://handicapskater.com/common/maps/20211211-20_30_27-SNS-6373045230.html,False,False,False,No recorded rain from 9 PM to midnight,No downtown daily rain,0.0,0.0,0,0.0,51.857142857142854,50.0,55.0,Cool,37.857142857142854,60.142857142857146,7.857142857142857,11.0,,179.81297359340877,Breezy,10.0,10.0,Good visibility,FEW:02 150 BKN:07 180 (1); SCT:04 120 BKN:07 180 (1); BKN:07 100 (1); FEW:02 15 SCT:04 120 BKN:07 200 (1); FEW:02 12 FEW:02 120 SCT:04 200 (1),,2021-12-11T21:00:00-08:00,2021-12-11T23:59:59-08:00,True,7,UNKNOWN,Unknown hourly station,,,USW00023272,"SAN FRANCISCO DOWNTOWN, CA US",37.7705,-122.4269,Hourly LCDv2 weather used for 9 PM to midnight,"Skate route '20:30:27 - SNS' occurred on 2021-12-11. Hourly weather from Unknown hourly station (UNKNOWN) was summarized for 9 PM to midnight local time. Mean temperature was 51.9°F (Cool). No hourly precipitation was recorded in the 9 PM to midnight window. Mean wind was 7.9 mph, max wind 11.0 mph, max gust nan mph (Breezy). Minimum visibility was 10.0 miles (Good visibility). Sky conditions: FEW:02 150 BKN:07 180 (1); SCT:04 120 BKN:07 180 (1); BKN:07 100 (1); FEW:02 15 SCT:04 120 BKN:07 200 (1); FEW:02 12 FEW:02 120 SCT:04 200 (1).",2021-12-11 20:30:27 - SNS,6373045230,2021-12-11T20:30:27-08:00,2021-12-11T23:05:32-08:00,NOAA NCEI legacy route weather pipeline,NOAA NCEI,Unknown hourly station,legacy_fixed_local_window,,,,,
2021-12-18,21:11:27 - SNS,https://handicapskater.com/common/maps/20211218-21_11_27-SNS-6401197037.html,False,False,False,No recorded rain from 9 PM to midnight,No downtown daily rain,0.0,0.0,0,0.0,48.57142857142857,44.0,55.0,Cool,40.857142857142854,75.0,3.857142857142857,9.0,,114.67829745981753,Calm / light wind,9.0,9.833333333333334,Good visibility,FEW:02 200 (2); SCT:04 11 (1); FEW:02 25 FEW:02 100 SCT:04 200 (1); FEW:02 10 FEW:02 25 BKN:07 250 (1); FEW:02 14 FEW:02 180 BKN:07 250 (1),,2021-12-18T21:00:00-08:00,2021-12-18T23:59:59-08:00,True,7,UNKNOWN,Unknown hourly station,,,USW00023272,"SAN FRANCISCO DOWNTOWN, CA US",37.7705,-122.4269,Hourly LCDv2 weather used for 9 PM to midnight,"Skate route '21:11:27 - SNS' occurred on 2021-12-18. Hourly weather from Unknown hourly station (UNKNOWN) was summarized for 9 PM to midnight local time. Mean temperature was 48.6°F (Cool). No hourly precipitation was recorded in the 9 PM to midnight window. Mean wind was 3.9 mph, max wind 9.0 mph, max gust nan mph (Calm / light wind). Minimum visibility was 9.0 miles (Good visibility). Sky conditions: FEW:02 200 (2); SCT:04 11 (1); FEW:02 25 FEW:02 100 SCT:04 200 (1); FEW:02 10 FEW:02 25 BKN:07 250 (1); FEW:02 14 FEW:02 180 BKN:07 250 (1).",2021-12-18 21:11:27 - SNS,6401197037,2021-12-18T21:11:27-08:00,2021-12-18T22:49:27-08:00,NOAA NCEI legacy route weather pipeline,NOAA NCEI,Unknown hourly station,legacy_fixed_local_window,,,,,
2021-12-25,20:59:47 - XMAS ENS,https://handicapskater.com/common/maps/20211225-20_59_47-XMAS ENS-6427755578.html,True,True,True,Heavy rain from 9 PM to midnight,Moderate downtown daily rain,0.17099999999999999,0.09,6,0.6,48.57142857142857,46.0,53.0,Cool,42.42857142857143,79.57142857142857,13.428571428571429,20.0,28.0,258.8787429777225,Windy,4.0,9.0,Reduced visibility,FEW:02 20 BKN:07 35 (1); FEW:02 27 SCT:04 40 BKN:07 70 (1); FEW:02 40 SCT:04 75 BKN:07 95 (1); FEW:02 15 SCT:04 20 OVC:08 65 (1); FEW:02 12 SCT:04 20 BKN:07 44 (1),|RA |RA (2); RA:02 |RA |RA (1); -RA:02 |RA |RA (1),2021-12-25T21:00:00-08:00,2021-12-25T23:59:59-08:00,True,10,UNKNOWN,Unknown hourly station,,,USW00023272,"SAN FRANCISCO DOWNTOWN, CA US",37.7705,-122.4269,Hourly LCDv2 weather used for 9 PM to midnight,"Skate route '20:59:47 - XMAS ENS' occurred on 2021-12-25. Hourly weather from Unknown hourly station (UNKNOWN) was summarized for 9 PM to midnight local time. Mean temperature was 48.6°F (Cool). Hourly precipitation totaled 0.171 inches with 6 rainy hour(s), categorized as Heavy rain from 9 PM to midnight. Mean wind was 13.4 mph, max wind 20.0 mph, max gust 28.0 mph (Windy). Minimum visibility was 4.0 miles (Reduced visibility). Present weather codes/summary: |RA |RA (2); RA:02 |RA |RA (1); -RA:02 |RA |RA (1). Sky conditions: FEW:02 20 BKN:07 35 (1); FEW:02 27 SCT:04 40 BKN:07 70 (1); FEW:02 40 SCT:04 75 BKN:07 95 (1); FEW:02 15 SCT:04 20 OVC:08 65 (1); FEW:02 12 SCT:04 20 BKN:07 44 (1). The local downtown station SAN FRANCISCO DOWNTOWN, CA US (USW00023272) recorded 0.600 inches of daily precipitation, categorized as Moderate downtown daily rain.",2021-12-25 20:59:47 - XMAS ENS,6427755578,2021-12-25T20:59:47-08:00,2021-12-25T23:34:02-08:00,NOAA NCEI legacy route weather pipeline,NOAA NCEI,Unknown hourly station,legacy_fixed_local_window,,,,,
2021-12-29,20:33:01 - ENS,https://handicapskater.com/common/maps/20211229-20_33_01-ENS-6445211874.html,False,False,,No precipitation at activity weather observation,Daily precipitation unavailable,,,,,44.24,44.24,44.24,Activity-time point observation,39.92,85,8.72405153901,8.72405153901,13.1979241231,54,Activity-time point observation,9.99972659668,9.99972659668,Activity-time point observation,Cloud cover fraction 0.86,Strava weather condition code 2.0,2021-12-29T20:33:01-08:00,2021-12-29T22:56:49-08:00,True,1,,Unavailable in Strava export,,,,,,,Strava activity-time point weather observation,Activity-time Strava weather observation for 2021-12-29 20:33:01 - ENS: Strava weather condition code 2.0; temperature 44.24 F; wind 8.72405153901 mph; precipitation intensity 0 inches/hour. The upstream provider and station were not supplied by the export.,2021-12-29 20:33:01 - ENS,6445211874,2021-12-29T20:33:01-08:00,2021-12-29T22:56:49-08:00,Strava export activity weather fields,Unavailable in Strava export,Unavailable in Strava export,activity_time_point_observation,,2021-12-29T20:01:04-08:00,2.0,,0
2022-01-01,20:33:11 - SNS,https://handicapskater.com/common/maps/20220101-20_33_11-SNS-6458931108.html,False,False,False,No recorded rain from 9 PM to midnight,No downtown daily rain,0.0,0.0,0,0.0,45.285714285714285,41.0,50.0,Cool,32.285714285714285,62.0,2.142857142857143,6.0,,270.0,Calm / light wind,10.0,10.0,Good visibility,CLR:00 (3); FEW:02 200 (3),,2022-01-01T21:00:00-08:00,2022-01-01T23:59:59-08:00,True,7,UNKNOWN,Unknown hourly station,,,USW00023272,"SAN FRANCISCO DOWNTOWN, CA US",37.7705,-122.4269,Hourly LCDv2 weather used for 9 PM to midnight,"Skate route '20:33:11 - SNS' occurred on 2022-01-01. Hourly weather from Unknown hourly station (UNKNOWN) was summarized for 9 PM to midnight local time. Mean temperature was 45.3°F (Cool). No hourly precipitation was recorded in the 9 PM to midnight window. Mean wind was 2.1 mph, max wind 6.0 mph, max gust nan mph (Calm / light wind). Minimum visibility was 10.0 miles (Good visibility). Sky conditions: CLR:00 (3); FEW:02 200 (3).",2022-01-01 20:33:11 - SNS,6458931108,2022-01-01T20:33:11-08:00,2022-01-01T23:01:04-08:00,NOAA NCEI legacy route weather pipeline,NOAA NCEI,Unknown hourly station,legacy_fixed_local_window,,,,,
2022-01-07,20:49:30 - FNS,https://handicapskater.com/common/maps/20220107-20_49_30-FNS-6489279855.html,True,False,True,No recorded rain from 9 PM to midnight,Light downtown daily rain,0.0,0.0,0,0.08,53.0,50.0,55.0,Cool,48.45454545454545,84.27272727272727,10.363636363636363,16.0,,274.435395741749,Breezy,10.0,10.0,Good visibility,FEW:02 4 BKN:07 10 (2); FEW:02 4 SCT:04 10 (2); FEW:02 10 SCT:04 18 BKN:07 30 (2); SCT:04 24 OVC:08 32 (1); FEW:02 10 BKN:07 18 OVC:08 30 (1),,2022-01-07T21:00:00-08:00,2022-01-07T23:59:59-08:00,True,11,UNKNOWN,Unknown hourly station,,,USW00023272,"SAN FRANCISCO DOWNTOWN, CA US",37.7705,-122.4269,Hourly LCDv2 weather used for 9 PM to midnight,"Skate route '20:49:30 - FNS' occurred on 2022-01-07. Hourly weather from Unknown hourly station (UNKNOWN) was summarized for 9 PM to midnight local time. Mean temperature was 53.0°F (Cool). No hourly precipitation was recorded in the 9 PM to midnight window. Mean wind was 10.4 mph, max wind 16.0 mph, max gust nan mph (Breezy). Minimum visibility was 10.0 miles (Good visibility). Sky conditions: FEW:02 4 BKN:07 10 (2); FEW:02 4 SCT:04 10 (2); FEW:02 10 SCT:04 18 BKN:07 30 (2); SCT:04 24 OVC:08 32 (1); FEW:02 10 BKN:07 18 OVC:08 30 (1). The local downtown station SAN FRANCISCO DOWNTOWN, CA US (USW00023272) recorded 0.080 inches of daily precipitation, categorized as Light downtown daily rain.",2022-01-07 20:49:30 - FNS,6489279855,2022-01-07T20:49:30-08:00,2022-01-07T23:51:10-08:00,NOAA NCEI legacy route weather pipeline,NOAA NCEI,Unknown hourly station,legacy_fixed_local_window,,,,,
2022-01-08,20:51:42 - SNS,https://handicapskater.com/common/maps/20220108-20_51_42-SNS-6494382494.html,False,False,False,No recorded rain from 9 PM to midnight,No downtown daily rain,0.0,0.0,0,0.0,51.44444444444444,49.0,54.0,Cool,45.111111111111114,79.33333333333333,5.111111111111111,9.0,,206.1072136987741,Calm / light wind,10.0,10.0,Good visibility,CLR:00 (3); SCT:04 15 BKN:07 23 (2); FEW:02 12 SCT:04 24 (2); FEW:02 20 FEW:02 180 FEW:02 250 (1),,2022-01-08T21:00:00-08:00,2022-01-08T23:59:59-08:00,True,9,UNKNOWN,Unknown hourly station,,,USW00023272,"SAN FRANCISCO DOWNTOWN, CA US",37.7705,-122.4269,Hourly LCDv2 weather used for 9 PM to midnight,"Skate route '20:51:42 - SNS' occurred on 2022-01-08. Hourly weather from Unknown hourly station (UNKNOWN) was summarized for 9 PM to midnight local time. Mean temperature was 51.4°F (Cool). No hourly precipitation was recorded in the 9 PM to midnight window. Mean wind was 5.1 mph, max wind 9.0 mph, max gust nan mph (Calm / light wind). Minimum visibility was 10.0 miles (Good visibility). Sky conditions: CLR:00 (3); SCT:04 15 BKN:07 23 (2); FEW:02 12 SCT:04 24 (2); FEW:02 20 FEW:02 180 FEW:02 250 (1).",2022-01-08 20:51:42 - SNS,6494382494,2022-01-08T20:51:42-08:00,2022-01-08T23:35:12-08:00,NOAA NCEI legacy route weather pipeline,NOAA NCEI,Unknown hourly station,legacy_fixed_local_window,,,,,
2022-01-15,20:40:02 - SNS,https://handicapskater.com/common/maps/20220115-20_40_02-SNS-6530749153.html,False,False,False,No recorded rain from 9 PM to midnight,No downtown daily rain,0.0,0.0,0,0.0,56.0,53.0,60.0,Mild,46.142857142857146,70.57142857142857,4.714285714285714,10.0,,320.0,Breezy,10.0,10.0,Good visibility,SCT:04 150 BKN:07 200 (2); BKN:07 180 (1); SCT:04 120 BKN:07 140 (1); OVC:08 110 (1); BKN:07 100 BKN:07 180 (1),,2022-01-15T21:00:00-08:00,2022-01-15T23:59:59-08:00,True,7,UNKNOWN,Unknown hourly station,,,USW00023272,"SAN FRANCISCO DOWNTOWN, CA US",37.7705,-122.4269,Hourly LCDv2 weather used for 9 PM to midnight,"Skate route '20:40:02 - SNS' occurred on 2022-01-15. Hourly weather from Unknown hourly station (UNKNOWN) was summarized for 9 PM to midnight local time. Mean temperature was 56.0°F (Mild). No hourly precipitation was recorded in the 9 PM to midnight window. Mean wind was 4.7 mph, max wind 10.0 mph, max gust nan mph (Breezy). Minimum visibility was 10.0 miles (Good visibility). Sky conditions: SCT:04 150 BKN:07 200 (2); BKN:07 180 (1); SCT:04 120 BKN:07 140 (1); OVC:08 110 (1); BKN:07 100 BKN:07 180 (1).",2022-01-15 20:40:02 - SNS,6530749153,2022-01-15T20:40:02-08:00,2022-01-15T22:43:41-08:00,NOAA NCEI legacy route weather pipeline,NOAA NCEI,Unknown hourly station,legacy_fixed_local_window,,,,,
2022-01-21,20:56:49 - FNS,https://handicapskater.com/common/maps/20220121-20_56_49-FNS-6561370961.html,True,False,False,No recorded rain from 9 PM to midnight,No downtown daily rain,0.0,0.0,0,0.0,61.142857142857146,59.0,66.0,Mild,37.142857142857146,41.714285714285715,9.571428571428571,15.0,23.0,73.370462834839,Windy,10.0,10.0,Good visibility,SCT:04 200 (3); SCT:04 180 BKN:07 240 (2); FEW:02 150 BKN:07 200 (1),,2022-01-21T21:00:00-08:00,2022-01-21T23:59:59-08:00,True,7,UNKNOWN,Unknown hourly station,,,USW00023272,"SAN FRANCISCO DOWNTOWN, CA US",37.7705,-122.4269,Hourly LCDv2 weather used for 9 PM to midnight,"Skate route '20:56:49 - FNS' occurred on 2022-01-21. Hourly weather from Unknown hourly station (UNKNOWN) was summarized for 9 PM to midnight local time. Mean temperature was 61.1°F (Mild). No hourly precipitation was recorded in the 9 PM to midnight window. Mean wind was 9.6 mph, max wind 15.0 mph, max gust 23.0 mph (Windy). Minimum visibility was 10.0 miles (Good visibility). Sky conditions: SCT:04 200 (3); SCT:04 180 BKN:07 240 (2); FEW:02 150 BKN:07 200 (1).",2022-01-21 20:56:49 - FNS,6561370961,2022-01-21T20:56:49-08:00,2022-01-21T23:27:51-08:00,NOAA NCEI legacy route weather pipeline,NOAA NCEI,Unknown hourly station,legacy_fixed_local_window,,,,,
2022-01-22,20:34:44 - SNS,https://handicapskater.com/common/maps/20220122-20_34_44-SNS-6569244686.html,True,False,False,No recorded rain from 9 PM to midnight,No downtown daily rain,0.0,0.0,0,0.0,58.285714285714285,49.0,68.0,Mild,36.857142857142854,48.42857142857143,6.285714285714286,16.0,20.0,61.93887906721884,Windy,10.0,10.0,Good visibility,CLR:00 (3); FEW:02 200 (1); FEW:02 180 FEW:02 220 (1); FEW:02 140 FEW:02 180 FEW:02 220 (1),,2022-01-22T21:00:00-08:00,2022-01-22T23:59:59-08:00,True,7,UNKNOWN,Unknown hourly station,,,USW00023272,"SAN FRANCISCO DOWNTOWN, CA US",37.7705,-122.4269,Hourly LCDv2 weather used for 9 PM to midnight,"Skate route '20:34:44 - SNS' occurred on 2022-01-22. Hourly weather from Unknown hourly station (UNKNOWN) was summarized for 9 PM to midnight local time. Mean temperature was 58.3°F (Mild). No hourly precipitation was recorded in the 9 PM to midnight window. Mean wind was 6.3 mph, max wind 16.0 mph, max gust 20.0 mph (Windy). Minimum visibility was 10.0 miles (Good visibility). Sky conditions: CLR:00 (3); FEW:02 200 (1); FEW:02 180 FEW:02 220 (1); FEW:02 140 FEW:02 180 FEW:02 220 (1).",2022-01-22 20:34:44 - SNS,6569244686,2022-01-22T20:34:44-08:00,2022-01-22T22:56:07-08:00,NOAA NCEI legacy route weather pipeline,NOAA NCEI,Unknown hourly station,legacy_fixed_local_window,,,,,
2022-01-28,20:51:19 - FNS,https://handicapskater.com/common/maps/20220128-20_51_19-FNS-6599283837.html,False,False,False,No recorded rain from 9 PM to midnight,No downtown daily rain,0.0,0.0,0,0.0,55.42857142857143,50.0,62.0,Mild,43.285714285714285,65.14285714285714,4.571428571428571,10.0,,253.08990486879821,Breezy,10.0,10.0,Good visibility,BKN:07 160 (2); SCT:04 180 BKN:07 220 (2); BKN:07 150 (1); SCT:04 200 (1),,2022-01-28T21:00:00-08:00,2022-01-28T23:59:59-08:00,True,7,UNKNOWN,Unknown hourly station,,,USW00023272,"SAN FRANCISCO DOWNTOWN, CA US",37.7705,-122.4269,Hourly LCDv2 weather used for 9 PM to midnight,"Skate route '20:51:19 - FNS' occurred on 2022-01-28. Hourly weather from Unknown hourly station (UNKNOWN) was summarized for 9 PM to midnight local time. Mean temperature was 55.4°F (Mild). No hourly precipitation was recorded in the 9 PM to midnight window. Mean wind was 4.6 mph, max wind 10.0 mph, max gust nan mph (Breezy). Minimum visibility was 10.0 miles (Good visibility). Sky conditions: BKN:07 160 (2); SCT:04 180 BKN:07 220 (2); BKN:07 150 (1); SCT:04 200 (1).",2022-01-28 20:51:19 - FNS,6599283837,2022-01-28T20:51:19-08:00,2022-01-29T00:01:55-08:00,NOAA NCEI legacy route weather pipeline,NOAA NCEI,Unknown hourly station,legacy_fixed_local_window,,,,,
2022-01-29,20:29:51 - SNS,https://handicapskater.com/common/maps/20220129-20_29_51-SNS-6604117459.html,False,False,False,No recorded rain from 9 PM to midnight,No downtown daily rain,0.0,0.0,0,0.0,54.142857142857146,48.0,62.0,Cool,42.714285714285715,66.85714285714286,4.0,8.0,,266.7772843266297,Calm / light wind,10.0,10.0,Good visibility,CLR:00 (3); SCT:04 200 (3),,2022-01-29T21:00:00-08:00,2022-01-29T23:59:59-08:00,True,7,UNKNOWN,Unknown hourly station,,,USW00023272,"SAN FRANCISCO DOWNTOWN, CA US",37.7705,-122.4269,Hourly LCDv2 weather used for 9 PM to midnight,"Skate route '20:29:51 - SNS' occurred on 2022-01-29. Hourly weather from Unknown hourly station (UNKNOWN) was summarized for 9 PM to midnight local time. Mean temperature was 54.1°F (Cool). No hourly precipitation was recorded in the 9 PM to midnight window. Mean wind was 4.0 mph, max wind 8.0 mph, max gust nan mph (Calm / light wind). Minimum visibility was 10.0 miles (Good visibility). Sky conditions: CLR:00 (3); SCT:04 200 (3).",2022-01-29 20:29:51 - SNS,6604117459,2022-01-29T20:29:51-08:00,2022-01-29T22:51:03-08:00,NOAA NCEI legacy route weather pipeline,NOAA NCEI,Unknown hourly station,legacy_fixed_local_window,,,,,
2022-02-04,21:00:09 - FNS,https://handicapskater.com/common/maps/20220204-21_00_09-FNS-6632960846.html,False,False,False,No recorded rain from 9 PM to midnight,No downtown daily rain,0.0,0.0,0,0.0,54.142857142857146,49.0,61.0,Cool,40.285714285714285,60.285714285714285,4.714285714285714,9.0,,280.96439678551036,Calm / light wind,8.0,9.5,Good visibility,FEW:02 180 (3); CLR:00 (1); FEW:02 80 (1); FEW:02 80 FEW:02 140 (1),,2022-02-04T21:00:00-08:00,2022-02-04T23:59:59-08:00,True,7,UNKNOWN,Unknown hourly station,,,USW00023272,"SAN FRANCISCO DOWNTOWN, CA US",37.7705,-122.4269,Hourly LCDv2 weather used for 9 PM to midnight,"Skate route '21:00:09 - FNS' occurred on 2022-02-04. Hourly weather from Unknown hourly station (UNKNOWN) was summarized for 9 PM to midnight local time. Mean temperature was 54.1°F (Cool). No hourly precipitation was recorded in the 9 PM to midnight window. Mean wind was 4.7 mph, max wind 9.0 mph, max gust nan mph (Calm / light wind). Minimum visibility was 8.0 miles (Good visibility). Sky conditions: FEW:02 180 (3); CLR:00 (1); FEW:02 80 (1); FEW:02 80 FEW:02 140 (1).",2022-02-04 21:00:09 - FNS,6632960846,2022-02-04T21:00:09-08:00,2022-02-04T23:43:00-08:00,NOAA NCEI legacy route weather pipeline,NOAA NCEI,Unknown hourly station,legacy_fixed_local_window,,,,,
2022-02-05,20:44:38 - SNS,https://handicapskater.com/common/maps/20220205-20_44_38-SNS-6638357150.html,False,False,False,No recorded rain from 9 PM to midnight,No downtown daily rain,0.0,0.0,0,0.0,53.5,49.0,62.0,Cool,39.625,62.125,4.5,6.0,,256.63560736453235,Calm / light wind,8.0,9.714285714285714,Good visibility,FEW:02 5 (4); SCT:04 200 BKN:07 250 (1); SCT:04 250 (1); FEW:02 250 (1),,2022-02-05T21:00:00-08:00,2022-02-05T23:59:59-08:00,True,8,UNKNOWN,Unknown hourly station,,,USW00023272,"SAN FRANCISCO DOWNTOWN, CA US",37.7705,-122.4269,Hourly LCDv2 weather used for 9 PM to midnight,"Skate route '20:44:38 - SNS' occurred on 2022-02-05. Hourly weather from Unknown hourly station (UNKNOWN) was summarized for 9 PM to midnight local time. Mean temperature was 53.5°F (Cool). No hourly precipitation was recorded in the 9 PM to midnight window. Mean wind was 4.5 mph, max wind 6.0 mph, max gust nan mph (Calm / light wind). Minimum visibility was 8.0 miles (Good visibility). Sky conditions: FEW:02 5 (4); SCT:04 200 BKN:07 250 (1); SCT:04 250 (1); FEW:02 250 (1).",2022-02-05 20:44:38 - SNS,6638357150,2022-02-05T20:44:38-08:00,2022-02-05T23:03:55-08:00,NOAA NCEI legacy route weather pipeline,NOAA NCEI,Unknown hourly station,legacy_fixed_local_window,,,,,
2022-02-11,20:48:46 - FNS,https://handicapskater.com/common/maps/20220211-20_48_46-FNS-6669409632.html,False,False,False,No recorded rain from 9 PM to midnight,No downtown daily rain,0.0,0.0,0,0.0,64.57142857142857,57.0,73.0,Mild,45.42857142857143,51.857142857142854,5.714285714285714,8.0,,294.67357353494015,Calm / light wind,10.0,10.0,Good visibility,CLR:00 (3); FEW:02 200 (1); SCT:04 200 SCT:04 250 (1); FEW:02 200 SCT:04 250 (1),,2022-02-11T21:00:00-08:00,2022-02-11T23:59:59-08:00,True,7,UNKNOWN,Unknown hourly station,,,USW00023272,"SAN FRANCISCO DOWNTOWN, CA US",37.7705,-122.4269,Hourly LCDv2 weather used for 9 PM to midnight,"Skate route '20:48:46 - FNS' occurred on 2022-02-11. Hourly weather from Unknown hourly station (UNKNOWN) was summarized for 9 PM to midnight local time. Mean temperature was 64.6°F (Mild). No hourly precipitation was recorded in the 9 PM to midnight window. Mean wind was 5.7 mph, max wind 8.0 mph, max gust nan mph (Calm / light wind). Minimum visibility was 10.0 miles (Good visibility). Sky conditions: CLR:00 (3); FEW:02 200 (1); SCT:04 200 SCT:04 250 (1); FEW:02 200 SCT:04 250 (1).",2022-02-11 20:48:46 - FNS,6669409632,2022-02-11T20:48:46-08:00,2022-02-11T23:45:04-08:00,NOAA NCEI legacy route weather pipeline,NOAA NCEI,Unknown hourly station,legacy_fixed_local_window,,,,,
2022-02-12,20:42:12 - SNS,https://handicapskater.com/common/maps/20220212-20_42_12-SNS-6674975049.html,False,False,False,No recorded rain from 9 PM to midnight,No downtown daily rain,0.0,0.0,0,0.0,63.285714285714285,58.0,69.0,Mild,49.285714285714285,61.714285714285715,3.0,6.0,,249.5839403346908,Calm / light wind,9.0,9.666666666666666,Good visibility,CLR:00 (3); FEW:02 200 (3),,2022-02-12T21:00:00-08:00,2022-02-12T23:59:59-08:00,True,7,UNKNOWN,Unknown hourly station,,,USW00023272,"SAN FRANCISCO DOWNTOWN, CA US",37.7705,-122.4269,Hourly LCDv2 weather used for 9 PM to midnight,"Skate route '20:42:12 - SNS' occurred on 2022-02-12. Hourly weather from Unknown hourly station (UNKNOWN) was summarized for 9 PM to midnight local time. Mean temperature was 63.3°F (Mild). No hourly precipitation was recorded in the 9 PM to midnight window. Mean wind was 3.0 mph, max wind 6.0 mph, max gust nan mph (Calm / light wind). Minimum visibility was 9.0 miles (Good visibility). Sky conditions: CLR:00 (3); FEW:02 200 (3).",2022-02-12 20:42:12 - SNS,6674975049,2022-02-12T20:42:12-08:00,2022-02-12T23:15:40-08:00,NOAA NCEI legacy route weather pipeline,NOAA NCEI,Unknown hourly station,legacy_fixed_local_window,,,,,
2022-02-18,20:55:00 - WHOOP FNS → 16.7 Day Strain,https://handicapskater.com/common/maps/20220218-20_55_00-WHOOP FNS → 16.7 Day Strain-6704718397.html,False,False,,No precipitation at activity weather observation,Daily precipitation unavailable,,,,,57.38,57.38,57.38,Activity-time point observation,40.64,54,4.0264853257,4.0264853257,5.59234073014,275,Activity-time point observation,9.99972659668,9.99972659668,Activity-time point observation,Cloud cover fraction 0.31,Strava weather condition code 1.0,2022-02-18T20:55:00-08:00,2022-02-19T00:05:49-08:00,True,1,,Unavailable in Strava export,,,,,,,Strava activity-time point weather observation,Activity-time Strava weather observation for 2022-02-18 20:55:00 - WHOOP FNS → 16.7 Day Strain: Strava weather condition code 1.0; temperature 57.38 F; wind 4.0264853257 mph; precipitation intensity 0 inches/hour. The upstream provider and station were not supplied by the export.,2022-02-18 20:55:00 - WHOOP FNS → 16.7 Day Strain,6704718397,2022-02-18T20:55:00-08:00,2022-02-19T00:05:49-08:00,Strava export activity weather fields,Unavailable in Strava export,Unavailable in Strava export,activity_time_point_observation,,2022-02-18T19:58:56-08:00,1.0,,0
2022-02-18,21:16:42 - FNS,https://handicapskater.com/common/maps/20220218-21_16_42-FNS-6704465919.html,False,False,False,No recorded rain from 9 PM to midnight,No downtown daily rain,0.0,0.0,0,0.0,57.714285714285715,53.0,65.0,Mild,40.857142857142854,54.285714285714285,5.285714285714286,10.0,,295.9779327752832,Breezy,10.0,10.0,Good visibility,SCT:04 180 SCT:04 220 (2); CLR:00 (1); FEW:02 200 (1); BKN:07 200 (1); FEW:02 180 SCT:04 200 (1),,2022-02-18T21:00:00-08:00,2022-02-18T23:59:59-08:00,True,7,UNKNOWN,Unknown hourly station,,,USW00023272,"SAN FRANCISCO DOWNTOWN, CA US",37.7705,-122.4269,Hourly LCDv2 weather used for 9 PM to midnight,"Skate route '21:16:42 - FNS' occurred on 2022-02-18. Hourly weather from Unknown hourly station (UNKNOWN) was summarized for 9 PM to midnight local time. Mean temperature was 57.7°F (Mild). No hourly precipitation was recorded in the 9 PM to midnight window. Mean wind was 5.3 mph, max wind 10.0 mph, max gust nan mph (Breezy). Minimum visibility was 10.0 miles (Good visibility). Sky conditions: SCT:04 180 SCT:04 220 (2); CLR:00 (1); FEW:02 200 (1); BKN:07 200 (1); FEW:02 180 SCT:04 200 (1).",2022-02-18 21:16:42 - FNS,6704465919,2022-02-18T21:16:42-08:00,2022-02-19T00:05:56-08:00,NOAA NCEI legacy route weather pipeline,NOAA NCEI,Unknown hourly station,legacy_fixed_local_window,,,,,
2022-02-19,20:38:28 - SNS,https://handicapskater.com/common/maps/20220219-20_38_28-SNS-6709484514.html,False,False,False,No recorded rain from 9 PM to midnight,No downtown daily rain,0.0,0.0,0,0.0,58.0,50.0,69.0,Mild,45.285714285714285,66.28571428571429,10.857142857142858,15.0,,300.04375324063926,Breezy,10.0,10.0,Good visibility,CLR:00 (3); FEW:02 4 (1); FEW:02 5 (1); FEW:02 6 (1),,2022-02-19T21:00:00-08:00,2022-02-19T23:59:59-08:00,True,7,UNKNOWN,Unknown hourly station,,,USW00023272,"SAN FRANCISCO DOWNTOWN, CA US",37.7705,-122.4269,Hourly LCDv2 weather used for 9 PM to midnight,"Skate route '20:38:28 - SNS' occurred on 2022-02-19. Hourly weather from Unknown hourly station (UNKNOWN) was summarized for 9 PM to midnight local time. Mean temperature was 58.0°F (Mild). No hourly precipitation was recorded in the 9 PM to midnight window. Mean wind was 10.9 mph, max wind 15.0 mph, max gust nan mph (Breezy). Minimum visibility was 10.0 miles (Good visibility). Sky conditions: CLR:00 (3); FEW:02 4 (1); FEW:02 5 (1); FEW:02 6 (1).",2022-02-19 20:38:28 - SNS,6709484514,2022-02-19T20:38:28-08:00,2022-02-19T22:47:41-08:00,NOAA NCEI legacy route weather pipeline,NOAA NCEI,Unknown hourly station,legacy_fixed_local_window,,,,,
2022-02-25,21:01:19 - FNS,https://handicapskater.com/common/maps/20220225-21_01_19-FNS-6743905932.html,False,False,False,No recorded rain from 9 PM to midnight,No downtown daily rain,0.0,0.0,0,0.0,51.285714285714285,46.0,58.0,Cool,34.714285714285715,55.57142857142857,4.857142857142857,8.0,,247.09704870350566,Calm / light wind,10.0,10.0,Good visibility,CLR:00 (4); FEW:02 240 (1); SCT:04 240 (1),,2022-02-25T21:00:00-08:00,2022-02-25T23:59:59-08:00,True,7,UNKNOWN,Unknown hourly station,,,USW00023272,"SAN FRANCISCO DOWNTOWN, CA US",37.7705,-122.4269,Hourly LCDv2 weather used for 9 PM to midnight,"Skate route '21:01:19 - FNS' occurred on 2022-02-25. Hourly weather from Unknown hourly station (UNKNOWN) was summarized for 9 PM to midnight local time. Mean temperature was 51.3°F (Cool). No hourly precipitation was recorded in the 9 PM to midnight window. Mean wind was 4.9 mph, max wind 8.0 mph, max gust nan mph (Calm / light wind). Minimum visibility was 10.0 miles (Good visibility). Sky conditions: CLR:00 (4); FEW:02 240 (1); SCT:04 240 (1).",2022-02-25 21:01:19 - FNS,6743905932,2022-02-25T21:01:19-08:00,2022-02-25T23:41:07-08:00,NOAA NCEI legacy route weather pipeline,NOAA NCEI,Unknown hourly station,legacy_fixed_local_window,,,,,
2022-02-26,20:35:45 - SNS,https://handicapskater.com/common/maps/20220226-20_35_45-SNS-6744133159.html,False,False,False,No recorded rain from 9 PM to midnight,No downtown daily rain,0.0,0.0,0,0.0,54.57142857142857,50.0,58.0,Cool,39.142857142857146,56.42857142857143,6.142857142857143,11.0,,270.84807211187916,Breezy,10.0,10.0,Good visibility,SCT:04 180 BKN:07 200 (3); SCT:04 110 OVC:08 150 (1); SCT:04 120 BKN:07 150 (1); FEW:02 120 (1),,2022-02-26T21:00:00-08:00,2022-02-26T23:59:59-08:00,True,7,UNKNOWN,Unknown hourly station,,,USW00023272,"SAN FRANCISCO DOWNTOWN, CA US",37.7705,-122.4269,Hourly LCDv2 weather used for 9 PM to midnight,"Skate route '20:35:45 - SNS' occurred on 2022-02-26. Hourly weather from Unknown hourly station (UNKNOWN) was summarized for 9 PM to midnight local time. Mean temperature was 54.6°F (Cool). No hourly precipitation was recorded in the 9 PM to midnight window. Mean wind was 6.1 mph, max wind 11.0 mph, max gust nan mph (Breezy). Minimum visibility was 10.0 miles (Good visibility). Sky conditions: SCT:04 180 BKN:07 200 (3); SCT:04 110 OVC:08 150 (1); SCT:04 120 BKN:07 150 (1); FEW:02 120 (1).",2022-02-26 20:35:45 - SNS,6744133159,2022-02-26T20:35:45-08:00,2022-02-26T23:24:48-08:00,NOAA NCEI legacy route weather pipeline,NOAA NCEI,Unknown hourly station,legacy_fixed_local_window,,,,,
2022-03-05,20:35:15 - SNS,https://handicapskater.com/common/maps/20220305-20_35_15-SNS-6779919153.html,True,False,False,No recorded rain from 9 PM to midnight,No downtown daily rain,0.0,0.0,0,0.0,52.57142857142857,49.0,58.0,Cool,38.57142857142857,62.57142857142857,11.0,17.0,28.0,295.47581071308537,Windy,10.0,10.0,Good visibility,CLR:00 (3); FEW:02 30 SCT:04 200 (1); SCT:04 130 (1); FEW:02 65 (1),,2022-03-05T21:00:00-08:00,2022-03-05T23:59:59-08:00,True,7,UNKNOWN,Unknown hourly station,,,USW00023272,"SAN FRANCISCO DOWNTOWN, CA US",37.7705,-122.4269,Hourly LCDv2 weather used for 9 PM to midnight,"Skate route '20:35:15 - SNS' occurred on 2022-03-05. Hourly weather from Unknown hourly station (UNKNOWN) was summarized for 9 PM to midnight local time. Mean temperature was 52.6°F (Cool). No hourly precipitation was recorded in the 9 PM to midnight window. Mean wind was 11.0 mph, max wind 17.0 mph, max gust 28.0 mph (Windy). Minimum visibility was 10.0 miles (Good visibility). Sky conditions: CLR:00 (3); FEW:02 30 SCT:04 200 (1); SCT:04 130 (1); FEW:02 65 (1).",2022-03-05 20:35:15 - SNS,6779919153,2022-03-05T20:35:15-08:00,2022-03-05T22:56:09-08:00,NOAA NCEI legacy route weather pipeline,NOAA NCEI,Unknown hourly station,legacy_fixed_local_window,,,,,
2022-03-11,20:57:13 - FNS,https://handicapskater.com/common/maps/20220311-20_57_13-FNS-6810321551.html,False,False,False,No recorded rain from 9 PM to midnight,No downtown daily rain,0.0,0.0,0,0.0,57.0,47.0,68.0,Mild,34.77777777777778,49.666666666666664,8.555555555555555,16.0,,287.7940313880987,Breezy,10.0,10.0,Good visibility,FEW:02 3 (2); CLR:00 (2); FEW:02 6 FEW:02 250 (2); FEW:02 200 (1); FEW:02 12 FEW:02 250 (1),,2022-03-11T21:00:00-08:00,2022-03-11T23:59:59-08:00,True,9,UNKNOWN,Unknown hourly station,,,USW00023272,"SAN FRANCISCO DOWNTOWN, CA US",37.7705,-122.4269,Hourly LCDv2 weather used for 9 PM to midnight,"Skate route '20:57:13 - FNS' occurred on 2022-03-11. Hourly weather from Unknown hourly station (UNKNOWN) was summarized for 9 PM to midnight local time. Mean temperature was 57.0°F (Mild). No hourly precipitation was recorded in the 9 PM to midnight window. Mean wind was 8.6 mph, max wind 16.0 mph, max gust nan mph (Breezy). Minimum visibility was 10.0 miles (Good visibility). Sky conditions: FEW:02 3 (2); CLR:00 (2); FEW:02 6 FEW:02 250 (2); FEW:02 200 (1); FEW:02 12 FEW:02 250 (1).",2022-03-11 20:57:13 - FNS,6810321551,2022-03-11T20:57:13-08:00,2022-03-11T23:12:18-08:00,NOAA NCEI legacy route weather pipeline,NOAA NCEI,Unknown hourly station,legacy_fixed_local_window,,,,,
2022-03-12,20:21:17 - SNS,https://handicapskater.com/common/maps/20220312-20_21_17-SNS-6815483797.html,True,True,False,Trace rain from 9 PM to midnight,No downtown daily rain,0.001,0.001,1,0.0,54.857142857142854,53.0,59.0,Cool,45.0,70.42857142857143,9.428571428571429,18.0,26.0,219.99999999999997,Windy,9.0,9.833333333333334,Good visibility,BKN:07 130 (2); FEW:02 8 BKN:07 16 OVC:08 31 (1); FEW:02 8 BKN:07 15 OVC:08 31 (1); FEW:02 8 BKN:07 18 OVC:08 26 (1); SCT:04 200 (1),,2022-03-12T21:00:00-08:00,2022-03-12T23:59:59-08:00,True,7,UNKNOWN,Unknown hourly station,,,USW00023272,"SAN FRANCISCO DOWNTOWN, CA US",37.7705,-122.4269,Hourly LCDv2 weather used for 9 PM to midnight,"Skate route '20:21:17 - SNS' occurred on 2022-03-12. Hourly weather from Unknown hourly station (UNKNOWN) was summarized for 9 PM to midnight local time. Mean temperature was 54.9°F (Cool). Hourly precipitation totaled 0.001 inches with 1 rainy hour(s), categorized as Trace rain from 9 PM to midnight. Mean wind was 9.4 mph, max wind 18.0 mph, max gust 26.0 mph (Windy). Minimum visibility was 9.0 miles (Good visibility). Sky conditions: BKN:07 130 (2); FEW:02 8 BKN:07 16 OVC:08 31 (1); FEW:02 8 BKN:07 15 OVC:08 31 (1); FEW:02 8 BKN:07 18 OVC:08 26 (1); SCT:04 200 (1).",2022-03-12 20:21:17 - SNS,6815483797,2022-03-12T20:21:17-08:00,2022-03-12T22:30:18-08:00,NOAA NCEI legacy route weather pipeline,NOAA NCEI,Unknown hourly station,legacy_fixed_local_window,,,,,
2022-03-18,20:56:50 - FNS,https://handicapskater.com/common/maps/20220318-20_56_50-FNS-6846210210.html,True,False,False,No recorded rain from 9 PM to midnight,No downtown daily rain,0.0,0.0,0,0.0,57.857142857142854,53.0,66.0,Mild,46.285714285714285,66.57142857142857,9.857142857142858,20.0,,295.6324036478285,Windy,10.0,10.0,Good visibility,FEW:02 5 BKN:07 180 (3); FEW:02 180 FEW:02 240 (1); FEW:02 180 SCT:04 240 (1); FEW:02 12 SCT:04 180 SCT:04 240 (1),,2022-03-18T21:00:00-07:00,2022-03-18T23:59:59-07:00,True,7,UNKNOWN,Unknown hourly station,,,USW00023272,"SAN FRANCISCO DOWNTOWN, CA US",37.7705,-122.4269,Hourly LCDv2 weather used for 9 PM to midnight,"Skate route '20:56:50 - FNS' occurred on 2022-03-18. Hourly weather from Unknown hourly station (UNKNOWN) was summarized for 9 PM to midnight local time. Mean temperature was 57.9°F (Mild). No hourly precipitation was recorded in the 9 PM to midnight window. Mean wind was 9.9 mph, max wind 20.0 mph, max gust nan mph (Windy). Minimum visibility was 10.0 miles (Good visibility). Sky conditions: FEW:02 5 BKN:07 180 (3); FEW:02 180 FEW:02 240 (1); FEW:02 180 SCT:04 240 (1); FEW:02 12 SCT:04 180 SCT:04 240 (1).",2022-03-18 20:56:50 - FNS,6846210210,2022-03-18T20:56:50-07:00,2022-03-18T23:48:02-07:00,NOAA NCEI legacy route weather pipeline,NOAA NCEI,Unknown hourly station,legacy_fixed_local_window,,,,,
2022-03-19,20:37:58 - SNS,https://handicapskater.com/common/maps/20220319-20_37_58-SNS-6851480247.html,True,True,False,Light rain from 9 PM to midnight,No downtown daily rain,0.002,0.001,2,0.0,53.0,50.0,57.0,Cool,44.857142857142854,74.0,12.857142857142858,15.0,,280.0,Breezy,10.0,10.0,Good visibility,FEW:02 27 SCT:04 60 (1); SCT:04 60 (1); FEW:02 60 (1); FEW:02 15 SCT:04 30 OVC:08 60 (1); FEW:02 25 BKN:07 80 OVC:08 120 (1),-RA:02 |RA |RA (1),2022-03-19T21:00:00-07:00,2022-03-19T23:59:59-07:00,True,7,UNKNOWN,Unknown hourly station,,,USW00023272,"SAN FRANCISCO DOWNTOWN, CA US",37.7705,-122.4269,Hourly LCDv2 weather used for 9 PM to midnight,"Skate route '20:37:58 - SNS' occurred on 2022-03-19. Hourly weather from Unknown hourly station (UNKNOWN) was summarized for 9 PM to midnight local time. Mean temperature was 53.0°F (Cool). Hourly precipitation totaled 0.002 inches with 2 rainy hour(s), categorized as Light rain from 9 PM to midnight. Mean wind was 12.9 mph, max wind 15.0 mph, max gust nan mph (Breezy). Minimum visibility was 10.0 miles (Good visibility). Present weather codes/summary: -RA:02 |RA |RA (1). Sky conditions: FEW:02 27 SCT:04 60 (1); SCT:04 60 (1); FEW:02 60 (1); FEW:02 15 SCT:04 30 OVC:08 60 (1); FEW:02 25 BKN:07 80 OVC:08 120 (1).",2022-03-19 20:37:58 - SNS,6851480247,2022-03-19T20:37:58-07:00,2022-03-19T22:46:03-07:00,NOAA NCEI legacy route weather pipeline,NOAA NCEI,Unknown hourly station,legacy_fixed_local_window,,,,,
2022-03-25,20:54:07 - FNS,https://handicapskater.com/common/maps/20220325-20_54_07-FNS-6883297885.html,False,False,False,No recorded rain from 9 PM to midnight,No downtown daily rain,0.0,0.0,0,0.0,55.714285714285715,52.0,61.0,Mild,45.42857142857143,68.85714285714286,10.0,13.0,,287.3216497425858,Breezy,10.0,10.0,Good visibility,FEW:02 10 FEW:02 180 FEW:02 250 (3); FEW:02 180 (2); CLR:00 (1),,2022-03-25T21:00:00-07:00,2022-03-25T23:59:59-07:00,True,7,UNKNOWN,Unknown hourly station,,,USW00023272,"SAN FRANCISCO DOWNTOWN, CA US",37.7705,-122.4269,Hourly LCDv2 weather used for 9 PM to midnight,"Skate route '20:54:07 - FNS' occurred on 2022-03-25. Hourly weather from Unknown hourly station (UNKNOWN) was summarized for 9 PM to midnight local time. Mean temperature was 55.7°F (Mild). No hourly precipitation was recorded in the 9 PM to midnight window. Mean wind was 10.0 mph, max wind 13.0 mph, max gust nan mph (Breezy). Minimum visibility was 10.0 miles (Good visibility). Sky conditions: FEW:02 10 FEW:02 180 FEW:02 250 (3); FEW:02 180 (2); CLR:00 (1).",2022-03-25 20:54:07 - FNS,6883297885,2022-03-25T20:54:07-07:00,2022-03-25T23:46:16-07:00,NOAA NCEI legacy route weather pipeline,NOAA NCEI,Unknown hourly station,legacy_fixed_local_window,,,,,
2022-03-26,20:36:17 - SNS,https://handicapskater.com/common/maps/20220326-20_36_17-SNS-6888870639.html,False,False,False,No recorded rain from 9 PM to midnight,No downtown daily rain,0.0,0.0,0,0.0,57.142857142857146,53.0,63.0,Mild,48.285714285714285,72.71428571428571,8.0,13.0,,281.43034733322025,Breezy,10.0,10.0,Good visibility,FEW:02 200 (2); FEW:02 4 BKN:07 180 (1); FEW:02 6 BKN:07 180 (1); FEW:02 8 BKN:07 180 (1); FEW:02 250 (1),,2022-03-26T21:00:00-07:00,2022-03-26T23:59:59-07:00,True,7,UNKNOWN,Unknown hourly station,,,USW00023272,"SAN FRANCISCO DOWNTOWN, CA US",37.7705,-122.4269,Hourly LCDv2 weather used for 9 PM to midnight,"Skate route '20:36:17 - SNS' occurred on 2022-03-26. Hourly weather from Unknown hourly station (UNKNOWN) was summarized for 9 PM to midnight local time. Mean temperature was 57.1°F (Mild). No hourly precipitation was recorded in the 9 PM to midnight window. Mean wind was 8.0 mph, max wind 13.0 mph, max gust nan mph (Breezy). Minimum visibility was 10.0 miles (Good visibility). Sky conditions: FEW:02 200 (2); FEW:02 4 BKN:07 180 (1); FEW:02 6 BKN:07 180 (1); FEW:02 8 BKN:07 180 (1); FEW:02 250 (1).",2022-03-26 20:36:17 - SNS,6888870639,2022-03-26T20:36:17-07:00,2022-03-26T23:15:38-07:00,NOAA NCEI legacy route weather pipeline,NOAA NCEI,Unknown hourly station,legacy_fixed_local_window,,,,,
2022-04-01,20:57:06 - FNS,https://handicapskater.com/common/maps/20220401-20_57_06-FNS-6918353074.html,False,False,False,No recorded rain from 9 PM to midnight,No downtown daily rain,0.0,0.0,0,0.0,57.285714285714285,51.0,66.0,Mild,46.142857142857146,67.57142857142857,7.714285714285714,16.0,,287.95545029831385,Breezy,9.0,9.833333333333334,Good visibility,FEW:02 9 (2); FEW:02 9 FEW:02 200 (1); FEW:02 180 (1); FEW:02 10 FEW:02 180 (1); FEW:02 10 FEW:02 220 (1),,2022-04-01T21:00:00-07:00,2022-04-01T23:59:59-07:00,True,7,UNKNOWN,Unknown hourly station,,,USW00023272,"SAN FRANCISCO DOWNTOWN, CA US",37.7705,-122.4269,Hourly LCDv2 weather used for 9 PM to midnight,"Skate route '20:57:06 - FNS' occurred on 2022-04-01. Hourly weather from Unknown hourly station (UNKNOWN) was summarized for 9 PM to midnight local time. Mean temperature was 57.3°F (Mild). No hourly precipitation was recorded in the 9 PM to midnight window. Mean wind was 7.7 mph, max wind 16.0 mph, max gust nan mph (Breezy). Minimum visibility was 9.0 miles (Good visibility). Sky conditions: FEW:02 9 (2); FEW:02 9 FEW:02 200 (1); FEW:02 180 (1); FEW:02 10 FEW:02 180 (1); FEW:02 10 FEW:02 220 (1).",2022-04-01 20:57:06 - FNS,6918353074,2022-04-01T20:57:06-07:00,2022-04-01T23:50:10-07:00,NOAA NCEI legacy route weather pipeline,NOAA NCEI,Unknown hourly station,legacy_fixed_local_window,,,,,
2022-04-02,21:03:11 - SNS,https://handicapskater.com/common/maps/20220402-21_03_11-SNS-6923295466.html,False,False,False,No recorded rain from 9 PM to midnight,No downtown daily rain,0.0,0.0,0,0.0,60.285714285714285,54.0,69.0,Mild,47.42857142857143,63.57142857142857,11.428571428571429,14.0,,285.9601515539738,Breezy,10.0,10.0,Good visibility,SCT:04 200 (5); FEW:02 200 (1),,2022-04-02T21:00:00-07:00,2022-04-02T23:59:59-07:00,True,7,UNKNOWN,Unknown hourly station,,,USW00023272,"SAN FRANCISCO DOWNTOWN, CA US",37.7705,-122.4269,Hourly LCDv2 weather used for 9 PM to midnight,"Skate route '21:03:11 - SNS' occurred on 2022-04-02. Hourly weather from Unknown hourly station (UNKNOWN) was summarized for 9 PM to midnight local time. Mean temperature was 60.3°F (Mild). No hourly precipitation was recorded in the 9 PM to midnight window. Mean wind was 11.4 mph, max wind 14.0 mph, max gust nan mph (Breezy). Minimum visibility was 10.0 miles (Good visibility). Sky conditions: SCT:04 200 (5); FEW:02 200 (1).",2022-04-02 21:03:11 - SNS,6923295466,2022-04-02T21:03:11-07:00,2022-04-02T23:38:25-07:00,NOAA NCEI legacy route weather pipeline,NOAA NCEI,Unknown hourly station,legacy_fixed_local_window,,,,,
2022-04-08,20:57:25 - FNS,https://handicapskater.com/common/maps/20220408-20_57_25-FNS-6957264791.html,True,False,False,No recorded rain from 9 PM to midnight,No downtown daily rain,0.0,0.0,0,0.0,58.857142857142854,51.0,69.0,Mild,46.57142857142857,64.57142857142857,19.285714285714285,28.0,37.0,272.85269255175086,Very windy,9.0,9.5,Good visibility,CLR:00 (3); SCT:04 200 (2); BKN:07 200 (1),,2022-04-08T21:00:00-07:00,2022-04-08T23:59:59-07:00,True,7,UNKNOWN,Unknown hourly station,,,USW00023272,"SAN FRANCISCO DOWNTOWN, CA US",37.7705,-122.4269,Hourly LCDv2 weather used for 9 PM to midnight,"Skate route '20:57:25 - FNS' occurred on 2022-04-08. Hourly weather from Unknown hourly station (UNKNOWN) was summarized for 9 PM to midnight local time. Mean temperature was 58.9°F (Mild). No hourly precipitation was recorded in the 9 PM to midnight window. Mean wind was 19.3 mph, max wind 28.0 mph, max gust 37.0 mph (Very windy). Minimum visibility was 9.0 miles (Good visibility). Sky conditions: CLR:00 (3); SCT:04 200 (2); BKN:07 200 (1).",2022-04-08 20:57:25 - FNS,6957264791,2022-04-08T20:57:25-07:00,2022-04-09T00:05:58-07:00,NOAA NCEI legacy route weather pipeline,NOAA NCEI,Unknown hourly station,legacy_fixed_local_window,,,,,
2022-04-09,21:06:32 - SNS,https://handicapskater.com/common/maps/20220409-21_06_32-SNS-6957737802.html,False,False,False,No recorded rain from 9 PM to midnight,No downtown daily rain,0.0,0.0,0,0.0,58.42857142857143,52.0,66.0,Mild,43.0,57.857142857142854,11.428571428571429,17.0,,282.88417150127117,Breezy,10.0,10.0,Good visibility,CLR:00 (5); FEW:02 120 (1),,2022-04-09T21:00:00-07:00,2022-04-09T23:59:59-07:00,True,7,UNKNOWN,Unknown hourly station,,,USW00023272,"SAN FRANCISCO DOWNTOWN, CA US",37.7705,-122.4269,Hourly LCDv2 weather used for 9 PM to midnight,"Skate route '21:06:32 - SNS' occurred on 2022-04-09. Hourly weather from Unknown hourly station (UNKNOWN) was summarized for 9 PM to midnight local time. Mean temperature was 58.4°F (Mild). No hourly precipitation was recorded in the 9 PM to midnight window. Mean wind was 11.4 mph, max wind 17.0 mph, max gust nan mph (Breezy). Minimum visibility was 10.0 miles (Good visibility). Sky conditions: CLR:00 (5); FEW:02 120 (1).",2022-04-09 21:06:32 - SNS,6957737802,2022-04-09T21:06:32-07:00,2022-04-09T23:36:25-07:00,NOAA NCEI legacy route weather pipeline,NOAA NCEI,Unknown hourly station,legacy_fixed_local_window,,,,,
2022-04-15,20:53:08 - FNS,https://handicapskater.com/common/maps/20220415-20_53_08-FNS-6994170198.html,False,False,False,No recorded rain from 9 PM to midnight,No downtown daily rain,0.0,0.0,0,0.0,58.285714285714285,56.0,62.0,Mild,43.0,57.857142857142854,9.142857142857142,16.0,,250.90240323153282,Breezy,10.0,10.0,Good visibility,FEW:02 9 SCT:04 120 BKN:07 180 (1); FEW:02 20 BKN:07 32 BKN:07 120 (1); FEW:02 32 BKN:07 120 (1); FEW:02 20 FEW:02 80 FEW:02 220 (1); FEW:02 20 FEW:02 80 FEW:02 240 (1),,2022-04-15T21:00:00-07:00,2022-04-15T23:59:59-07:00,True,7,UNKNOWN,Unknown hourly station,,,USW00023272,"SAN FRANCISCO DOWNTOWN, CA US",37.7705,-122.4269,Hourly LCDv2 weather used for 9 PM to midnight,"Skate route '20:53:08 - FNS' occurred on 2022-04-15. Hourly weather from Unknown hourly station (UNKNOWN) was summarized for 9 PM to midnight local time. Mean temperature was 58.3°F (Mild). No hourly precipitation was recorded in the 9 PM to midnight window. Mean wind was 9.1 mph, max wind 16.0 mph, max gust nan mph (Breezy). Minimum visibility was 10.0 miles (Good visibility). Sky conditions: FEW:02 9 SCT:04 120 BKN:07 180 (1); FEW:02 20 BKN:07 32 BKN:07 120 (1); FEW:02 32 BKN:07 120 (1); FEW:02 20 FEW:02 80 FEW:02 220 (1); FEW:02 20 FEW:02 80 FEW:02 240 (1).",2022-04-15 20:53:08 - FNS,6994170198,2022-04-15T20:53:08-07:00,2022-04-15T23:53:24-07:00,NOAA NCEI legacy route weather pipeline,NOAA NCEI,Unknown hourly station,legacy_fixed_local_window,,,,,
2022-04-16,20:28:00 - SNS,https://handicapskater.com/common/maps/20220416-20_28_00-SNS-6994349068.html,True,False,True,No recorded rain from 9 PM to midnight,Moderate downtown daily rain,0.0,0.0,0,0.28,52.285714285714285,48.0,58.0,Cool,42.57142857142857,70.0,12.285714285714286,18.0,,248.95661651295984,Breezy,8.0,9.666666666666666,Good visibility,CLR:00 (4); FEW:02 16 (1); FEW:02 130 (1),,2022-04-16T21:00:00-07:00,2022-04-16T23:59:59-07:00,True,7,UNKNOWN,Unknown hourly station,,,USW00023272,"SAN FRANCISCO DOWNTOWN, CA US",37.7705,-122.4269,Hourly LCDv2 weather used for 9 PM to midnight,"Skate route '20:28:00 - SNS' occurred on 2022-04-16. Hourly weather from Unknown hourly station (UNKNOWN) was summarized for 9 PM to midnight local time. Mean temperature was 52.3°F (Cool). No hourly precipitation was recorded in the 9 PM to midnight window. Mean wind was 12.3 mph, max wind 18.0 mph, max gust nan mph (Breezy). Minimum visibility was 8.0 miles (Good visibility). Sky conditions: CLR:00 (4); FEW:02 16 (1); FEW:02 130 (1). The local downtown station SAN FRANCISCO DOWNTOWN, CA US (USW00023272) recorded 0.280 inches of daily precipitation, categorized as Moderate downtown daily rain.",2022-04-16 20:28:00 - SNS,6994349068,2022-04-16T20:28:00-07:00,2022-04-16T22:45:42-07:00,NOAA NCEI legacy route weather pipeline,NOAA NCEI,Unknown hourly station,legacy_fixed_local_window,,,,,
2022-04-22,20:52:43 - FNS,https://handicapskater.com/common/maps/20220422-20_52_43-FNS-7025831477.html,True,False,False,No recorded rain from 9 PM to midnight,No downtown daily rain,0.0,0.0,0,0.0,57.142857142857146,53.0,62.0,Mild,46.285714285714285,68.14285714285714,16.142857142857142,20.0,21.0,282.8147874812403,Windy,10.0,10.0,Good visibility,FEW:02 6 SCT:04 200 (2); FEW:02 6 (1); SCT:04 24 (1); FEW:02 20 FEW:02 30 FEW:02 250 (1); FEW:02 14 FEW:02 28 SCT:04 180 (1),,2022-04-22T21:00:00-07:00,2022-04-22T23:59:59-07:00,True,7,UNKNOWN,Unknown hourly station,,,USW00023272,"SAN FRANCISCO DOWNTOWN, CA US",37.7705,-122.4269,Hourly LCDv2 weather used for 9 PM to midnight,"Skate route '20:52:43 - FNS' occurred on 2022-04-22. Hourly weather from Unknown hourly station (UNKNOWN) was summarized for 9 PM to midnight local time. Mean temperature was 57.1°F (Mild). No hourly precipitation was recorded in the 9 PM to midnight window. Mean wind was 16.1 mph, max wind 20.0 mph, max gust 21.0 mph (Windy). Minimum visibility was 10.0 miles (Good visibility). Sky conditions: FEW:02 6 SCT:04 200 (2); FEW:02 6 (1); SCT:04 24 (1); FEW:02 20 FEW:02 30 FEW:02 250 (1); FEW:02 14 FEW:02 28 SCT:04 180 (1).",2022-04-22 20:52:43 - FNS,7025831477,2022-04-22T20:52:43-07:00,2022-04-22T23:50:53-07:00,NOAA NCEI legacy route weather pipeline,NOAA NCEI,Unknown hourly station,legacy_fixed_local_window,,,,,
2022-04-23,20:27:58 - SNS,https://handicapskater.com/common/maps/20220423-20_27_58-SNS-7031173328.html,False,False,False,No recorded rain from 9 PM to midnight,No downtown daily rain,0.0,0.0,0,0.0,57.75,53.0,67.0,Mild,48.125,72.0,14.25,18.0,,291.26021521788516,Breezy,9.0,9.857142857142858,Good visibility,CLR:00 (3); FEW:02 6 (2); FEW:02 7 (1); FEW:02 8 (1),,2022-04-23T21:00:00-07:00,2022-04-23T23:59:59-07:00,True,8,UNKNOWN,Unknown hourly station,,,USW00023272,"SAN FRANCISCO DOWNTOWN, CA US",37.7705,-122.4269,Hourly LCDv2 weather used for 9 PM to midnight,"Skate route '20:27:58 - SNS' occurred on 2022-04-23. Hourly weather from Unknown hourly station (UNKNOWN) was summarized for 9 PM to midnight local time. Mean temperature was 57.8°F (Mild). No hourly precipitation was recorded in the 9 PM to midnight window. Mean wind was 14.2 mph, max wind 18.0 mph, max gust nan mph (Breezy). Minimum visibility was 9.0 miles (Good visibility). Sky conditions: CLR:00 (3); FEW:02 6 (2); FEW:02 7 (1); FEW:02 8 (1).",2022-04-23 20:27:58 - SNS,7031173328,2022-04-23T20:27:58-07:00,2022-04-23T23:17:57-07:00,NOAA NCEI legacy route weather pipeline,NOAA NCEI,Unknown hourly station,legacy_fixed_local_window,,,,,
2022-04-29,21:03:14 - FNS,https://handicapskater.com/common/maps/20220429-21_03_14-FNS-7062690085.html,False,False,False,No recorded rain from 9 PM to midnight,No downtown daily rain,0.0,0.0,0,0.0,59.285714285714285,53.0,68.0,Mild,43.857142857142854,58.142857142857146,12.428571428571429,17.0,,275.7416217549603,Breezy,10.0,10.0,Good visibility,SCT:04 200 (2); FEW:02 200 (1); SCT:04 200 SCT:04 250 (1); SCT:04 200 BKN:07 250 (1); SCT:04 180 SCT:04 250 (1),,2022-04-29T21:00:00-07:00,2022-04-29T23:59:59-07:00,True,7,UNKNOWN,Unknown hourly station,,,USW00023272,"SAN FRANCISCO DOWNTOWN, CA US",37.7705,-122.4269,Hourly LCDv2 weather used for 9 PM to midnight,"Skate route '21:03:14 - FNS' occurred on 2022-04-29. Hourly weather from Unknown hourly station (UNKNOWN) was summarized for 9 PM to midnight local time. Mean temperature was 59.3°F (Mild). No hourly precipitation was recorded in the 9 PM to midnight window. Mean wind was 12.4 mph, max wind 17.0 mph, max gust nan mph (Breezy). Minimum visibility was 10.0 miles (Good visibility). Sky conditions: SCT:04 200 (2); FEW:02 200 (1); SCT:04 200 SCT:04 250 (1); SCT:04 200 BKN:07 250 (1); SCT:04 180 SCT:04 250 (1).",2022-04-29 21:03:14 - FNS,7062690085,2022-04-29T21:03:14-07:00,2022-04-29T23:46:28-07:00,NOAA NCEI legacy route weather pipeline,NOAA NCEI,Unknown hourly station,legacy_fixed_local_window,,,,,
2022-04-30,20:27:49 - SNS,https://handicapskater.com/common/maps/20220430-20_27_49-SNS-7068067382.html,True,False,False,No recorded rain from 9 PM to midnight,No downtown daily rain,0.0,0.0,0,0.0,56.75,51.0,64.0,Mild,47.75,72.5,21.25,24.0,37.0,276.2529830137688,Very windy,9.0,9.714285714285714,Good visibility,BKN:07 17 (1); FEW:02 9 SCT:04 14 (1); FEW:02 8 FEW:02 14 (1); FEW:02 8 FEW:02 12 (1); FEW:02 200 (1),,2022-04-30T21:00:00-07:00,2022-04-30T23:59:59-07:00,True,11,UNKNOWN,Unknown hourly station,,,USW00023272,"SAN FRANCISCO DOWNTOWN, CA US",37.7705,-122.4269,Hourly LCDv2 weather used for 9 PM to midnight,"Skate route '20:27:49 - SNS' occurred on 2022-04-30. Hourly weather from Unknown hourly station (UNKNOWN) was summarized for 9 PM to midnight local time. Mean temperature was 56.8°F (Mild). No hourly precipitation was recorded in the 9 PM to midnight window. Mean wind was 21.2 mph, max wind 24.0 mph, max gust 37.0 mph (Very windy). Minimum visibility was 9.0 miles (Good visibility). Sky conditions: BKN:07 17 (1); FEW:02 9 SCT:04 14 (1); FEW:02 8 FEW:02 14 (1); FEW:02 8 FEW:02 12 (1); FEW:02 200 (1).",2022-04-30 20:27:49 - SNS,7068067382,2022-04-30T20:27:49-07:00,2022-04-30T22:59:50-07:00,NOAA NCEI legacy route weather pipeline,NOAA NCEI,Unknown hourly station,legacy_fixed_local_window,,,,,
2022-05-06,21:00:49 - FNS,https://handicapskater.com/common/maps/20220506-21_00_49-FNS-7103407177.html,True,False,True,No recorded rain from 9 PM to midnight,Light downtown daily rain,0.0,0.0,0,0.02,60.9,57.0,66.0,Mild,54.2,79.3,10.7,17.0,,294.96935189744863,Breezy,10.0,10.0,Good visibility,BKN:07 18 BKN:07 90 BKN:07 180 (2); BKN:07 9 BKN:07 18 BKN:07 90 (2); FEW:02 3 BKN:07 6 OVC:08 9 (1); SCT:04 6 BKN:07 10 OVC:08 35 (1); BKN:07 8 BKN:07 14 OVC:08 35 (1),,2022-05-06T21:00:00-07:00,2022-05-06T23:59:59-07:00,True,10,UNKNOWN,Unknown hourly station,,,USW00023272,"SAN FRANCISCO DOWNTOWN, CA US",37.7705,-122.4269,Hourly LCDv2 weather used for 9 PM to midnight,"Skate route '21:00:49 - FNS' occurred on 2022-05-06. Hourly weather from Unknown hourly station (UNKNOWN) was summarized for 9 PM to midnight local time. Mean temperature was 60.9°F (Mild). No hourly precipitation was recorded in the 9 PM to midnight window. Mean wind was 10.7 mph, max wind 17.0 mph, max gust nan mph (Breezy). Minimum visibility was 10.0 miles (Good visibility). Sky conditions: BKN:07 18 BKN:07 90 BKN:07 180 (2); BKN:07 9 BKN:07 18 BKN:07 90 (2); FEW:02 3 BKN:07 6 OVC:08 9 (1); SCT:04 6 BKN:07 10 OVC:08 35 (1); BKN:07 8 BKN:07 14 OVC:08 35 (1). The local downtown station SAN FRANCISCO DOWNTOWN, CA US (USW00023272) recorded 0.020 inches of daily precipitation, categorized as Light downtown daily rain.",2022-05-06 21:00:49 - FNS,7103407177,2022-05-06T21:00:49-07:00,2022-05-06T23:55:09-07:00,NOAA NCEI legacy route weather pipeline,NOAA NCEI,Unknown hourly station,legacy_fixed_local_window,,,,,
2022-05-07,20:45:52 - SNS,https://handicapskater.com/common/maps/20220507-20_45_52-SNS-7105879083.html,True,False,False,No recorded rain from 9 PM to midnight,No downtown daily rain,0.0,0.0,0,0.0,57.42857142857143,51.0,66.0,Mild,43.142857142857146,59.857142857142854,26.571428571428573,32.0,43.0,287.14730744824914,Very windy,9.0,9.833333333333334,Good visibility,CLR:00 (3); FEW:02 50 FEW:02 200 (1); FEW:02 50 SCT:04 200 (1); FEW:02 80 FEW:02 200 (1),,2022-05-07T21:00:00-07:00,2022-05-07T23:59:59-07:00,True,7,UNKNOWN,Unknown hourly station,,,USW00023272,"SAN FRANCISCO DOWNTOWN, CA US",37.7705,-122.4269,Hourly LCDv2 weather used for 9 PM to midnight,"Skate route '20:45:52 - SNS' occurred on 2022-05-07. Hourly weather from Unknown hourly station (UNKNOWN) was summarized for 9 PM to midnight local time. Mean temperature was 57.4°F (Mild). No hourly precipitation was recorded in the 9 PM to midnight window. Mean wind was 26.6 mph, max wind 32.0 mph, max gust 43.0 mph (Very windy). Minimum visibility was 9.0 miles (Good visibility). Sky conditions: CLR:00 (3); FEW:02 50 FEW:02 200 (1); FEW:02 50 SCT:04 200 (1); FEW:02 80 FEW:02 200 (1).",2022-05-07 20:45:52 - SNS,7105879083,2022-05-07T20:45:52-07:00,2022-05-07T23:28:54-07:00,NOAA NCEI legacy route weather pipeline,NOAA NCEI,Unknown hourly station,legacy_fixed_local_window,,,,,
2022-05-13,20:46:46 - FNS,https://handicapskater.com/common/maps/20220513-20_46_46-FNS-7138673070.html,True,False,False,No recorded rain from 9 PM to midnight,No downtown daily rain,0.0,0.0,0,0.0,59.375,53.0,68.0,Mild,52.25,78.75,19.375,25.0,,281.4840869481884,Windy,10.0,10.0,Good visibility,FEW:02 2 BKN:07 4 (3); FEW:02 12 FEW:02 120 FEW:02 250 (2); FEW:02 3 BKN:07 6 (1); FEW:02 14 FEW:02 120 FEW:02 250 (1),,2022-05-13T21:00:00-07:00,2022-05-13T23:59:59-07:00,True,8,UNKNOWN,Unknown hourly station,,,USW00023272,"SAN FRANCISCO DOWNTOWN, CA US",37.7705,-122.4269,Hourly LCDv2 weather used for 9 PM to midnight,"Skate route '20:46:46 - FNS' occurred on 2022-05-13. Hourly weather from Unknown hourly station (UNKNOWN) was summarized for 9 PM to midnight local time. Mean temperature was 59.4°F (Mild). No hourly precipitation was recorded in the 9 PM to midnight window. Mean wind was 19.4 mph, max wind 25.0 mph, max gust nan mph (Windy). Minimum visibility was 10.0 miles (Good visibility). Sky conditions: FEW:02 2 BKN:07 4 (3); FEW:02 12 FEW:02 120 FEW:02 250 (2); FEW:02 3 BKN:07 6 (1); FEW:02 14 FEW:02 120 FEW:02 250 (1).",2022-05-13 20:46:46 - FNS,7138673070,2022-05-13T20:46:46-07:00,2022-05-13T23:43:20-07:00,NOAA NCEI legacy route weather pipeline,NOAA NCEI,Unknown hourly station,legacy_fixed_local_window,,,,,
2022-05-14,20:28:13 - SNS,https://handicapskater.com/common/maps/20220514-20_28_13-SNS-7144331961.html,False,False,False,No recorded rain from 9 PM to midnight,No downtown daily rain,0.0,0.0,0,0.0,60.857142857142854,55.0,69.0,Mild,50.857142857142854,71.28571428571429,13.714285714285714,18.0,,295.72871826093234,Breezy,10.0,10.0,Good visibility,FEW:02 7 (3); CLR:00 (3),,2022-05-14T21:00:00-07:00,2022-05-14T23:59:59-07:00,True,7,UNKNOWN,Unknown hourly station,,,USW00023272,"SAN FRANCISCO DOWNTOWN, CA US",37.7705,-122.4269,Hourly LCDv2 weather used for 9 PM to midnight,"Skate route '20:28:13 - SNS' occurred on 2022-05-14. Hourly weather from Unknown hourly station (UNKNOWN) was summarized for 9 PM to midnight local time. Mean temperature was 60.9°F (Mild). No hourly precipitation was recorded in the 9 PM to midnight window. Mean wind was 13.7 mph, max wind 18.0 mph, max gust nan mph (Breezy). Minimum visibility was 10.0 miles (Good visibility). Sky conditions: FEW:02 7 (3); CLR:00 (3).",2022-05-14 20:28:13 - SNS,7144331961,2022-05-14T20:28:13-07:00,2022-05-14T22:59:05-07:00,NOAA NCEI legacy route weather pipeline,NOAA NCEI,Unknown hourly station,legacy_fixed_local_window,,,,,
2022-05-20,20:52:23 - FNS,https://handicapskater.com/common/maps/20220520-20_52_23-FNS-7176804017.html,True,False,False,No recorded rain from 9 PM to midnight,No downtown daily rain,0.0,0.0,0,0.0,61.57142857142857,53.0,72.0,Mild,43.714285714285715,55.0,14.857142857142858,23.0,,290.04533609072087,Windy,10.0,10.0,Good visibility,CLR:00 (3); FEW:02 220 (2); FEW:02 180 FEW:02 220 (1),,2022-05-20T21:00:00-07:00,2022-05-20T23:59:59-07:00,True,7,UNKNOWN,Unknown hourly station,,,USW00023272,"SAN FRANCISCO DOWNTOWN, CA US",37.7705,-122.4269,Hourly LCDv2 weather used for 9 PM to midnight,"Skate route '20:52:23 - FNS' occurred on 2022-05-20. Hourly weather from Unknown hourly station (UNKNOWN) was summarized for 9 PM to midnight local time. Mean temperature was 61.6°F (Mild). No hourly precipitation was recorded in the 9 PM to midnight window. Mean wind was 14.9 mph, max wind 23.0 mph, max gust nan mph (Windy). Minimum visibility was 10.0 miles (Good visibility). Sky conditions: CLR:00 (3); FEW:02 220 (2); FEW:02 180 FEW:02 220 (1).",2022-05-20 20:52:23 - FNS,7176804017,2022-05-20T20:52:23-07:00,2022-05-20T23:48:23-07:00,NOAA NCEI legacy route weather pipeline,NOAA NCEI,Unknown hourly station,legacy_fixed_local_window,,,,,
2022-05-21,20:38:47 - SNS,https://handicapskater.com/common/maps/20220521-20_38_47-SNS-7185662697.html,True,False,False,No recorded rain from 9 PM to midnight,No downtown daily rain,0.0,0.0,0,0.0,59.42857142857143,53.0,70.0,Mild,46.142857142857146,63.714285714285715,13.714285714285714,20.0,,297.13483726166163,Windy,9.0,9.5,Good visibility,CLR:00 (2); FEW:02 200 (2); FEW:02 12 (1); FEW:02 30 (1),,2022-05-21T21:00:00-07:00,2022-05-21T23:59:59-07:00,True,7,UNKNOWN,Unknown hourly station,,,USW00023272,"SAN FRANCISCO DOWNTOWN, CA US",37.7705,-122.4269,Hourly LCDv2 weather used for 9 PM to midnight,"Skate route '20:38:47 - SNS' occurred on 2022-05-21. Hourly weather from Unknown hourly station (UNKNOWN) was summarized for 9 PM to midnight local time. Mean temperature was 59.4°F (Mild). No hourly precipitation was recorded in the 9 PM to midnight window. Mean wind was 13.7 mph, max wind 20.0 mph, max gust nan mph (Windy). Minimum visibility was 9.0 miles (Good visibility). Sky conditions: CLR:00 (2); FEW:02 200 (2); FEW:02 12 (1); FEW:02 30 (1).",2022-05-21 20:38:47 - SNS,7185662697,2022-05-21T20:38:47-07:00,2022-05-21T23:27:51-07:00,NOAA NCEI legacy route weather pipeline,NOAA NCEI,Unknown hourly station,legacy_fixed_local_window,,,,,
2022-05-27,20:55:16 - FNS,https://handicapskater.com/common/maps/20220527-20_55_16-FNS-7214080881.html,True,False,False,No recorded rain from 9 PM to midnight,No downtown daily rain,0.0,0.0,0,0.0,59.375,56.0,65.0,Mild,50.875,74.5,14.375,17.0,23.0,277.53338021528407,Windy,9.0,9.857142857142858,Good visibility,FEW:02 4 BKN:07 9 (3); FEW:02 4 BKN:07 8 (1); SCT:04 30 BKN:07 200 (1); FEW:02 30 BKN:07 200 (1); OVC:08 200 (1),,2022-05-27T21:00:00-07:00,2022-05-27T23:59:59-07:00,True,8,UNKNOWN,Unknown hourly station,,,USW00023272,"SAN FRANCISCO DOWNTOWN, CA US",37.7705,-122.4269,Hourly LCDv2 weather used for 9 PM to midnight,"Skate route '20:55:16 - FNS' occurred on 2022-05-27. Hourly weather from Unknown hourly station (UNKNOWN) was summarized for 9 PM to midnight local time. Mean temperature was 59.4°F (Mild). No hourly precipitation was recorded in the 9 PM to midnight window. Mean wind was 14.4 mph, max wind 17.0 mph, max gust 23.0 mph (Windy). Minimum visibility was 9.0 miles (Good visibility). Sky conditions: FEW:02 4 BKN:07 9 (3); FEW:02 4 BKN:07 8 (1); SCT:04 30 BKN:07 200 (1); FEW:02 30 BKN:07 200 (1); OVC:08 200 (1).",2022-05-27 20:55:16 - FNS,7214080881,2022-05-27T20:55:16-07:00,2022-05-27T23:37:42-07:00,NOAA NCEI legacy route weather pipeline,NOAA NCEI,Unknown hourly station,legacy_fixed_local_window,,,,,
2022-05-28,20:27:59 - SNS,https://handicapskater.com/common/maps/20220528-20_27_59-SNS-7219528101.html,True,False,False,No recorded rain from 9 PM to midnight,No downtown daily rain,0.0,0.0,0,0.0,58.8,54.0,66.0,Mild,50.4,75.2,21.2,30.0,37.0,285.0,Very windy,8.0,9.777777777777779,Good visibility,FEW:02 2 BKN:07 4 OVC:08 7 (2); FEW:02 2 SCT:04 4 OVC:08 7 (1); SCT:04 4 BKN:07 7 (1); FEW:02 4 SCT:04 7 (1); FEW:02 6 (1),,2022-05-28T21:00:00-07:00,2022-05-28T23:59:59-07:00,True,10,UNKNOWN,Unknown hourly station,,,USW00023272,"SAN FRANCISCO DOWNTOWN, CA US",37.7705,-122.4269,Hourly LCDv2 weather used for 9 PM to midnight,"Skate route '20:27:59 - SNS' occurred on 2022-05-28. Hourly weather from Unknown hourly station (UNKNOWN) was summarized for 9 PM to midnight local time. Mean temperature was 58.8°F (Mild). No hourly precipitation was recorded in the 9 PM to midnight window. Mean wind was 21.2 mph, max wind 30.0 mph, max gust 37.0 mph (Very windy). Minimum visibility was 8.0 miles (Good visibility). Sky conditions: FEW:02 2 BKN:07 4 OVC:08 7 (2); FEW:02 2 SCT:04 4 OVC:08 7 (1); SCT:04 4 BKN:07 7 (1); FEW:02 4 SCT:04 7 (1); FEW:02 6 (1).",2022-05-28 20:27:59 - SNS,7219528101,2022-05-28T20:27:59-07:00,2022-05-28T23:10:20-07:00,NOAA NCEI legacy route weather pipeline,NOAA NCEI,Unknown hourly station,legacy_fixed_local_window,,,,,
2022-06-03,20:51:28 - FNS,https://handicapskater.com/common/maps/20220603-20_51_28-FNS-7256701794.html,False,False,False,No recorded rain from 9 PM to midnight,No downtown daily rain,0.0,0.0,0,0.0,60.77777777777778,58.0,66.0,Mild,52.888888888888886,75.66666666666667,9.11111111111111,16.0,,287.83201924308264,Breezy,10.0,10.0,Good visibility,FEW:02 7 BKN:07 180 (2); FEW:02 5 BKN:07 11 BKN:07 180 (1); FEW:02 5 SCT:04 11 BKN:07 180 (1); FEW:02 8 BKN:07 180 (1); FEW:02 10 FEW:02 80 SCT:04 140 (1),,2022-06-03T21:00:00-07:00,2022-06-03T23:59:59-07:00,True,9,UNKNOWN,Unknown hourly station,,,USW00023272,"SAN FRANCISCO DOWNTOWN, CA US",37.7705,-122.4269,Hourly LCDv2 weather used for 9 PM to midnight,"Skate route '20:51:28 - FNS' occurred on 2022-06-03. Hourly weather from Unknown hourly station (UNKNOWN) was summarized for 9 PM to midnight local time. Mean temperature was 60.8°F (Mild). No hourly precipitation was recorded in the 9 PM to midnight window. Mean wind was 9.1 mph, max wind 16.0 mph, max gust nan mph (Breezy). Minimum visibility was 10.0 miles (Good visibility). Sky conditions: FEW:02 7 BKN:07 180 (2); FEW:02 5 BKN:07 11 BKN:07 180 (1); FEW:02 5 SCT:04 11 BKN:07 180 (1); FEW:02 8 BKN:07 180 (1); FEW:02 10 FEW:02 80 SCT:04 140 (1).",2022-06-03 20:51:28 - FNS,7256701794,2022-06-03T20:51:28-07:00,2022-06-03T22:46:09-07:00,NOAA NCEI legacy route weather pipeline,NOAA NCEI,Unknown hourly station,legacy_fixed_local_window,,,,,
2022-06-04,20:30:52 - SNS,https://handicapskater.com/common/maps/20220604-20_30_52-SNS-7256951232.html,True,True,True,Light rain from 9 PM to midnight,Trace / damp pavement downtown daily rain,0.03,0.02,2,0.01,66.25,64.0,69.0,Mild,54.0,66.5,11.25,15.0,,228.64022641556792,Breezy,8.0,9.714285714285714,Good visibility,OVC:08 60 (2); FEW:02 17 BKN:07 38 BKN:07 46 (1); FEW:02 9 BKN:07 18 OVC:08 43 (1); SCT:04 16 BKN:07 36 OVC:08 44 (1); FEW:02 12 BKN:07 60 OVC:08 70 (1),-RA:02 |RA |RA (1),2022-06-04T21:00:00-07:00,2022-06-04T23:59:59-07:00,True,9,UNKNOWN,Unknown hourly station,,,USW00023272,"SAN FRANCISCO DOWNTOWN, CA US",37.7705,-122.4269,Hourly LCDv2 weather used for 9 PM to midnight,"Skate route '20:30:52 - SNS' occurred on 2022-06-04. Hourly weather from Unknown hourly station (UNKNOWN) was summarized for 9 PM to midnight local time. Mean temperature was 66.2°F (Mild). Hourly precipitation totaled 0.030 inches with 2 rainy hour(s), categorized as Light rain from 9 PM to midnight. Mean wind was 11.2 mph, max wind 15.0 mph, max gust nan mph (Breezy). Minimum visibility was 8.0 miles (Good visibility). Present weather codes/summary: -RA:02 |RA |RA (1). Sky conditions: OVC:08 60 (2); FEW:02 17 BKN:07 38 BKN:07 46 (1); FEW:02 9 BKN:07 18 OVC:08 43 (1); SCT:04 16 BKN:07 36 OVC:08 44 (1); FEW:02 12 BKN:07 60 OVC:08 70 (1). The local downtown station SAN FRANCISCO DOWNTOWN, CA US (USW00023272) recorded 0.010 inches of daily precipitation, categorized as Trace / damp pavement downtown daily rain.",2022-06-04 20:30:52 - SNS,7256951232,2022-06-04T20:30:52-07:00,2022-06-04T23:11:08-07:00,NOAA NCEI legacy route weather pipeline,NOAA NCEI,Unknown hourly station,legacy_fixed_local_window,,,,,
2022-06-10,20:51:31 - FNS,https://handicapskater.com/common/maps/20220610-20_51_31-FNS-7288768940.html,True,False,False,No recorded rain from 9 PM to midnight,No downtown daily rain,0.0,0.0,0,0.0,71.28571428571429,64.0,80.0,Warm,59.142857142857146,66.57142857142857,12.428571428571429,15.0,24.0,283.02082032676753,Windy,10.0,10.0,Good visibility,CLR:00 (3); FEW:02 10 SCT:04 180 BKN:07 240 (2); FEW:02 10 FEW:02 180 SCT:04 240 (1),,2022-06-10T21:00:00-07:00,2022-06-10T23:59:59-07:00,True,7,UNKNOWN,Unknown hourly station,,,USW00023272,"SAN FRANCISCO DOWNTOWN, CA US",37.7705,-122.4269,Hourly LCDv2 weather used for 9 PM to midnight,"Skate route '20:51:31 - FNS' occurred on 2022-06-10. Hourly weather from Unknown hourly station (UNKNOWN) was summarized for 9 PM to midnight local time. Mean temperature was 71.3°F (Warm). No hourly precipitation was recorded in the 9 PM to midnight window. Mean wind was 12.4 mph, max wind 15.0 mph, max gust 24.0 mph (Windy). Minimum visibility was 10.0 miles (Good visibility). Sky conditions: CLR:00 (3); FEW:02 10 SCT:04 180 BKN:07 240 (2); FEW:02 10 FEW:02 180 SCT:04 240 (1).",2022-06-10 20:51:31 - FNS,7288768940,2022-06-10T20:51:31-07:00,2022-06-10T23:51:08-07:00,NOAA NCEI legacy route weather pipeline,NOAA NCEI,Unknown hourly station,legacy_fixed_local_window,,,,,
2022-06-11,20:42:52 - SNS,https://handicapskater.com/common/maps/20220611-20_42_52-SNS-7294298574.html,True,False,False,No recorded rain from 9 PM to midnight,No downtown daily rain,0.0,0.0,0,0.0,67.125,63.0,75.0,Mild,59.0,76.5,13.5,18.0,22.0,281.1208034509669,Windy,10.0,10.0,Good visibility,CLR:00 (3); FEW:02 2 BKN:07 6 (1); FEW:02 3 BKN:07 6 (1); FEW:02 3 SCT:04 6 (1); FEW:02 4 (1),,2022-06-11T21:00:00-07:00,2022-06-11T23:59:59-07:00,True,8,UNKNOWN,Unknown hourly station,,,USW00023272,"SAN FRANCISCO DOWNTOWN, CA US",37.7705,-122.4269,Hourly LCDv2 weather used for 9 PM to midnight,"Skate route '20:42:52 - SNS' occurred on 2022-06-11. Hourly weather from Unknown hourly station (UNKNOWN) was summarized for 9 PM to midnight local time. Mean temperature was 67.1°F (Mild). No hourly precipitation was recorded in the 9 PM to midnight window. Mean wind was 13.5 mph, max wind 18.0 mph, max gust 22.0 mph (Windy). Minimum visibility was 10.0 miles (Good visibility). Sky conditions: CLR:00 (3); FEW:02 2 BKN:07 6 (1); FEW:02 3 BKN:07 6 (1); FEW:02 3 SCT:04 6 (1); FEW:02 4 (1).",2022-06-11 20:42:52 - SNS,7294298574,2022-06-11T20:42:52-07:00,2022-06-11T23:02:50-07:00,NOAA NCEI legacy route weather pipeline,NOAA NCEI,Unknown hourly station,legacy_fixed_local_window,,,,,
2022-06-17,20:56:12 - FNS,https://handicapskater.com/common/maps/20220617-20_56_12-FNS-7326843952.html,False,False,False,No recorded rain from 9 PM to midnight,No downtown daily rain,0.0,0.0,0,0.0,60.625,57.0,66.0,Mild,49.75,68.625,13.5,17.0,,272.5240638780266,Breezy,10.0,10.0,Good visibility,SCT:04 38 (3); FEW:02 7 SCT:04 15 (1); FEW:02 7 SCT:04 16 (1); FEW:02 7 SCT:04 13 BKN:07 23 (1); FEW:02 7 FEW:02 12 SCT:04 26 (1),,2022-06-17T21:00:00-07:00,2022-06-17T23:59:59-07:00,True,8,UNKNOWN,Unknown hourly station,,,USW00023272,"SAN FRANCISCO DOWNTOWN, CA US",37.7705,-122.4269,Hourly LCDv2 weather used for 9 PM to midnight,"Skate route '20:56:12 - FNS' occurred on 2022-06-17. Hourly weather from Unknown hourly station (UNKNOWN) was summarized for 9 PM to midnight local time. Mean temperature was 60.6°F (Mild). No hourly precipitation was recorded in the 9 PM to midnight window. Mean wind was 13.5 mph, max wind 17.0 mph, max gust nan mph (Breezy). Minimum visibility was 10.0 miles (Good visibility). Sky conditions: SCT:04 38 (3); FEW:02 7 SCT:04 15 (1); FEW:02 7 SCT:04 16 (1); FEW:02 7 SCT:04 13 BKN:07 23 (1); FEW:02 7 FEW:02 12 SCT:04 26 (1).",2022-06-17 20:56:12 - FNS,7326843952,2022-06-17T20:56:12-07:00,2022-06-17T23:50:18-07:00,NOAA NCEI legacy route weather pipeline,NOAA NCEI,Unknown hourly station,legacy_fixed_local_window,,,,,
2022-06-18,21:00:06 - SNS,https://handicapskater.com/common/maps/20220618-21_00_06-SNS-7332218251.html,True,False,False,No recorded rain from 9 PM to midnight,No downtown daily rain,0.0,0.0,0,0.0,60.857142857142854,55.0,69.0,Mild,47.57142857142857,63.857142857142854,15.285714285714286,20.0,29.0,275.7223373293459,Windy,10.0,10.0,Good visibility,FEW:02 8 (2); FEW:02 16 FEW:02 30 (2); FEW:02 9 (1); FEW:02 17 FEW:02 35 (1),,2022-06-18T21:00:00-07:00,2022-06-18T23:59:59-07:00,True,7,UNKNOWN,Unknown hourly station,,,USW00023272,"SAN FRANCISCO DOWNTOWN, CA US",37.7705,-122.4269,Hourly LCDv2 weather used for 9 PM to midnight,"Skate route '21:00:06 - SNS' occurred on 2022-06-18. Hourly weather from Unknown hourly station (UNKNOWN) was summarized for 9 PM to midnight local time. Mean temperature was 60.9°F (Mild). No hourly precipitation was recorded in the 9 PM to midnight window. Mean wind was 15.3 mph, max wind 20.0 mph, max gust 29.0 mph (Windy). Minimum visibility was 10.0 miles (Good visibility). Sky conditions: FEW:02 8 (2); FEW:02 16 FEW:02 30 (2); FEW:02 9 (1); FEW:02 17 FEW:02 35 (1).",2022-06-18 21:00:06 - SNS,7332218251,2022-06-18T21:00:06-07:00,2022-06-18T23:27:45-07:00,NOAA NCEI legacy route weather pipeline,NOAA NCEI,Unknown hourly station,legacy_fixed_local_window,,,,,
2022-06-24,20:52:58 - FNS,https://handicapskater.com/common/maps/20220624-20_52_58-FNS-7364004559.html,True,False,False,No recorded rain from 9 PM to midnight,No downtown daily rain,0.0,0.0,0,0.0,62.285714285714285,57.0,71.0,Mild,52.857142857142854,72.42857142857143,15.857142857142858,21.0,24.0,300.0,Windy,10.0,10.0,Good visibility,FEW:02 4 (3); FEW:02 10 (3),,2022-06-24T21:00:00-07:00,2022-06-24T23:59:59-07:00,True,7,UNKNOWN,Unknown hourly station,,,USW00023272,"SAN FRANCISCO DOWNTOWN, CA US",37.7705,-122.4269,Hourly LCDv2 weather used for 9 PM to midnight,"Skate route '20:52:58 - FNS' occurred on 2022-06-24. Hourly weather from Unknown hourly station (UNKNOWN) was summarized for 9 PM to midnight local time. Mean temperature was 62.3°F (Mild). No hourly precipitation was recorded in the 9 PM to midnight window. Mean wind was 15.9 mph, max wind 21.0 mph, max gust 24.0 mph (Windy). Minimum visibility was 10.0 miles (Good visibility). Sky conditions: FEW:02 4 (3); FEW:02 10 (3).",2022-06-24 20:52:58 - FNS,7364004559,2022-06-24T20:52:58-07:00,2022-06-24T23:57:40-07:00,NOAA NCEI legacy route weather pipeline,NOAA NCEI,Unknown hourly station,legacy_fixed_local_window,,,,,
2022-07-01,20:58:35 - FNS,https://handicapskater.com/common/maps/20220701-20_58_35-FNS-7400867971.html,True,True,True,Light rain from 9 PM to midnight,Trace / damp pavement downtown daily rain,0.01,0.01,1,0.01,59.142857142857146,56.0,64.0,Mild,51.714285714285715,77.71428571428571,12.142857142857142,17.0,20.0,271.39903155863686,Windy,9.0,9.5,Good visibility,FEW:02 10 (3); FEW:02 3 OVC:08 7 (1); FEW:02 3 OVC:08 8 (1); FEW:02 4 BKN:07 8 OVC:08 11 (1),,2022-07-01T21:00:00-07:00,2022-07-01T23:59:59-07:00,True,8,UNKNOWN,Unknown hourly station,,,USW00023272,"SAN FRANCISCO DOWNTOWN, CA US",37.7705,-122.4269,Hourly LCDv2 weather used for 9 PM to midnight,"Skate route '20:58:35 - FNS' occurred on 2022-07-01. Hourly weather from Unknown hourly station (UNKNOWN) was summarized for 9 PM to midnight local time. Mean temperature was 59.1°F (Mild). Hourly precipitation totaled 0.010 inches with 1 rainy hour(s), categorized as Light rain from 9 PM to midnight. Mean wind was 12.1 mph, max wind 17.0 mph, max gust 20.0 mph (Windy). Minimum visibility was 9.0 miles (Good visibility). Sky conditions: FEW:02 10 (3); FEW:02 3 OVC:08 7 (1); FEW:02 3 OVC:08 8 (1); FEW:02 4 BKN:07 8 OVC:08 11 (1). The local downtown station SAN FRANCISCO DOWNTOWN, CA US (USW00023272) recorded 0.010 inches of daily precipitation, categorized as Trace / damp pavement downtown daily rain.",2022-07-01 20:58:35 - FNS,7400867971,2022-07-01T20:58:35-07:00,2022-07-01T23:52:56-07:00,NOAA NCEI legacy route weather pipeline,NOAA NCEI,Unknown hourly station,legacy_fixed_local_window,,,,,
2022-07-02,20:55:02 - SNS,https://handicapskater.com/common/maps/20220702-20_55_02-SNS-7406251654.html,True,False,True,No recorded rain from 9 PM to midnight,Light downtown daily rain,0.0,0.0,0,0.04,59.5,58.0,61.0,Mild,51.875,76.0,15.5,17.0,26.0,268.74461549097725,Windy,7.0,9.142857142857142,Good visibility,BKN:07 16 (2); FEW:02 6 BKN:07 12 OVC:08 18 (1); FEW:02 6 SCT:04 13 OVC:08 17 (1); FEW:02 7 OVC:08 16 (1); OVC:08 13 (1),,2022-07-02T21:00:00-07:00,2022-07-02T23:59:59-07:00,True,8,UNKNOWN,Unknown hourly station,,,USW00023272,"SAN FRANCISCO DOWNTOWN, CA US",37.7705,-122.4269,Hourly LCDv2 weather used for 9 PM to midnight,"Skate route '20:55:02 - SNS' occurred on 2022-07-02. Hourly weather from Unknown hourly station (UNKNOWN) was summarized for 9 PM to midnight local time. Mean temperature was 59.5°F (Mild). No hourly precipitation was recorded in the 9 PM to midnight window. Mean wind was 15.5 mph, max wind 17.0 mph, max gust 26.0 mph (Windy). Minimum visibility was 7.0 miles (Good visibility). Sky conditions: BKN:07 16 (2); FEW:02 6 BKN:07 12 OVC:08 18 (1); FEW:02 6 SCT:04 13 OVC:08 17 (1); FEW:02 7 OVC:08 16 (1); OVC:08 13 (1). The local downtown station SAN FRANCISCO DOWNTOWN, CA US (USW00023272) recorded 0.040 inches of daily precipitation, categorized as Light downtown daily rain.",2022-07-02 20:55:02 - SNS,7406251654,2022-07-02T20:55:02-07:00,2022-07-02T23:26:23-07:00,NOAA NCEI legacy route weather pipeline,NOAA NCEI,Unknown hourly station,legacy_fixed_local_window,,,,,
2022-07-09,20:57:34 - SNS,https://handicapskater.com/common/maps/20220709-20_57_34-SNS-7443696543.html,True,False,False,No recorded rain from 9 PM to midnight,No downtown daily rain,0.0,0.0,0,0.0,62.57142857142857,59.0,68.0,Mild,54.714285714285715,75.85714285714286,15.571428571428571,21.0,29.0,284.28393283033796,Windy,10.0,10.0,Good visibility,FEW:02 10 (3); FEW:02 4 BKN:07 7 (2); FEW:02 3 BKN:07 8 (1),,2022-07-09T21:00:00-07:00,2022-07-09T23:59:59-07:00,True,7,UNKNOWN,Unknown hourly station,,,USW00023272,"SAN FRANCISCO DOWNTOWN, CA US",37.7705,-122.4269,Hourly LCDv2 weather used for 9 PM to midnight,"Skate route '20:57:34 - SNS' occurred on 2022-07-09. Hourly weather from Unknown hourly station (UNKNOWN) was summarized for 9 PM to midnight local time. Mean temperature was 62.6°F (Mild). No hourly precipitation was recorded in the 9 PM to midnight window. Mean wind was 15.6 mph, max wind 21.0 mph, max gust 29.0 mph (Windy). Minimum visibility was 10.0 miles (Good visibility). Sky conditions: FEW:02 10 (3); FEW:02 4 BKN:07 7 (2); FEW:02 3 BKN:07 8 (1).",2022-07-09 20:57:34 - SNS,7443696543,2022-07-09T20:57:34-07:00,2022-07-09T23:23:00-07:00,NOAA NCEI legacy route weather pipeline,NOAA NCEI,Unknown hourly station,legacy_fixed_local_window,,,,,
2022-07-15,20:54:35 - FNS,https://handicapskater.com/common/maps/20220715-20_54_35-FNS-7476385622.html,False,False,False,No recorded rain from 9 PM to midnight,No downtown daily rain,0.0,0.0,0,0.0,60.285714285714285,55.0,67.0,Mild,52.714285714285715,77.57142857142857,12.142857142857142,15.0,,294.3535440921042,Breezy,10.0,10.0,Good visibility,FEW:02 10 (3); FEW:02 4 FEW:02 10 (1); FEW:02 3 SCT:04 8 (1); FEW:02 3 (1),,2022-07-15T21:00:00-07:00,2022-07-15T23:59:59-07:00,True,7,UNKNOWN,Unknown hourly station,,,USW00023272,"SAN FRANCISCO DOWNTOWN, CA US",37.7705,-122.4269,Hourly LCDv2 weather used for 9 PM to midnight,"Skate route '20:54:35 - FNS' occurred on 2022-07-15. Hourly weather from Unknown hourly station (UNKNOWN) was summarized for 9 PM to midnight local time. Mean temperature was 60.3°F (Mild). No hourly precipitation was recorded in the 9 PM to midnight window. Mean wind was 12.1 mph, max wind 15.0 mph, max gust nan mph (Breezy). Minimum visibility was 10.0 miles (Good visibility). Sky conditions: FEW:02 10 (3); FEW:02 4 FEW:02 10 (1); FEW:02 3 SCT:04 8 (1); FEW:02 3 (1).",2022-07-15 20:54:35 - FNS,7476385622,2022-07-15T20:54:35-07:00,2022-07-16T00:26:56-07:00,NOAA NCEI legacy route weather pipeline,NOAA NCEI,Unknown hourly station,legacy_fixed_local_window,,,,,
2022-07-16,20:42:44 - SNS,https://handicapskater.com/common/maps/20220716-20_42_44-SNS-7481541671.html,False,False,False,No recorded rain from 9 PM to midnight,No downtown daily rain,0.0,0.0,0,0.0,64.28571428571429,58.0,74.0,Mild,53.42857142857143,69.42857142857143,14.428571428571429,16.0,,301.43034733322025,Breezy,10.0,10.0,Good visibility,FEW:02 8 (3); FEW:02 10 (2); CLR:00 (1),,2022-07-16T21:00:00-07:00,2022-07-16T23:59:59-07:00,True,7,UNKNOWN,Unknown hourly station,,,USW00023272,"SAN FRANCISCO DOWNTOWN, CA US",37.7705,-122.4269,Hourly LCDv2 weather used for 9 PM to midnight,"Skate route '20:42:44 - SNS' occurred on 2022-07-16. Hourly weather from Unknown hourly station (UNKNOWN) was summarized for 9 PM to midnight local time. Mean temperature was 64.3°F (Mild). No hourly precipitation was recorded in the 9 PM to midnight window. Mean wind was 14.4 mph, max wind 16.0 mph, max gust nan mph (Breezy). Minimum visibility was 10.0 miles (Good visibility). Sky conditions: FEW:02 8 (3); FEW:02 10 (2); CLR:00 (1).",2022-07-16 20:42:44 - SNS,7481541671,2022-07-16T20:42:44-07:00,2022-07-16T23:24:34-07:00,NOAA NCEI legacy route weather pipeline,NOAA NCEI,Unknown hourly station,legacy_fixed_local_window,,,,,
2022-07-22,20:54:38 - FNS,https://handicapskater.com/common/maps/20220722-20_54_38-FNS-7513168246.html,False,False,False,No recorded rain from 9 PM to midnight,No downtown daily rain,0.0,0.0,0,0.0,61.57142857142857,56.0,69.0,Mild,52.0,72.28571428571429,10.142857142857142,13.0,,292.89711632682645,Breezy,10.0,10.0,Good visibility,FEW:02 6 (3); FEW:02 10 FEW:02 180 (3),,2022-07-22T21:00:00-07:00,2022-07-22T23:59:59-07:00,True,7,UNKNOWN,Unknown hourly station,,,USW00023272,"SAN FRANCISCO DOWNTOWN, CA US",37.7705,-122.4269,Hourly LCDv2 weather used for 9 PM to midnight,"Skate route '20:54:38 - FNS' occurred on 2022-07-22. Hourly weather from Unknown hourly station (UNKNOWN) was summarized for 9 PM to midnight local time. Mean temperature was 61.6°F (Mild). No hourly precipitation was recorded in the 9 PM to midnight window. Mean wind was 10.1 mph, max wind 13.0 mph, max gust nan mph (Breezy). Minimum visibility was 10.0 miles (Good visibility). Sky conditions: FEW:02 6 (3); FEW:02 10 FEW:02 180 (3).",2022-07-22 20:54:38 - FNS,7513168246,2022-07-22T20:54:38-07:00,2022-07-22T23:49:18-07:00,NOAA NCEI legacy route weather pipeline,NOAA NCEI,Unknown hourly station,legacy_fixed_local_window,,,,,
2022-07-23,20:30:08 - SNS,https://handicapskater.com/common/maps/20220723-20_30_08-SNS-7518607323.html,True,True,False,Trace rain from 9 PM to midnight,No downtown daily rain,0.001,0.001,1,0.0,59.285714285714285,54.0,67.0,Mild,51.42857142857143,76.85714285714286,13.571428571428571,21.0,,301.43034733322025,Windy,10.0,10.0,Good visibility,FEW:02 8 (3); FEW:02 4 (2); FEW:02 6 (1),,2022-07-23T21:00:00-07:00,2022-07-23T23:59:59-07:00,True,7,UNKNOWN,Unknown hourly station,,,USW00023272,"SAN FRANCISCO DOWNTOWN, CA US",37.7705,-122.4269,Hourly LCDv2 weather used for 9 PM to midnight,"Skate route '20:30:08 - SNS' occurred on 2022-07-23. Hourly weather from Unknown hourly station (UNKNOWN) was summarized for 9 PM to midnight local time. Mean temperature was 59.3°F (Mild). Hourly precipitation totaled 0.001 inches with 1 rainy hour(s), categorized as Trace rain from 9 PM to midnight. Mean wind was 13.6 mph, max wind 21.0 mph, max gust nan mph (Windy). Minimum visibility was 10.0 miles (Good visibility). Sky conditions: FEW:02 8 (3); FEW:02 4 (2); FEW:02 6 (1).",2022-07-23 20:30:08 - SNS,7518607323,2022-07-23T20:30:08-07:00,2022-07-23T23:11:01-07:00,NOAA NCEI legacy route weather pipeline,NOAA NCEI,Unknown hourly station,legacy_fixed_local_window,,,,,
2022-07-29,20:50:12 - FNS,https://handicapskater.com/common/maps/20220729-20_50_12-FNS-7551460452.html,True,False,True,No recorded rain from 9 PM to midnight,Light downtown daily rain,0.0,0.0,0,0.02,64.44444444444444,61.0,68.0,Mild,56.111111111111114,74.88888888888889,14.0,17.0,,275.56073851626047,Breezy,10.0,10.0,Good visibility,SCT:04 12 SCT:04 150 (3); FEW:02 4 SCT:04 8 OVC:08 11 (2); FEW:02 4 BKN:07 9 OVC:08 14 (1); BKN:07 12 (1); SCT:04 12 SCT:04 20 SCT:04 150 (1),,2022-07-29T21:00:00-07:00,2022-07-29T23:59:59-07:00,True,9,UNKNOWN,Unknown hourly station,,,USW00023272,"SAN FRANCISCO DOWNTOWN, CA US",37.7705,-122.4269,Hourly LCDv2 weather used for 9 PM to midnight,"Skate route '20:50:12 - FNS' occurred on 2022-07-29. Hourly weather from Unknown hourly station (UNKNOWN) was summarized for 9 PM to midnight local time. Mean temperature was 64.4°F (Mild). No hourly precipitation was recorded in the 9 PM to midnight window. Mean wind was 14.0 mph, max wind 17.0 mph, max gust nan mph (Breezy). Minimum visibility was 10.0 miles (Good visibility). Sky conditions: SCT:04 12 SCT:04 150 (3); FEW:02 4 SCT:04 8 OVC:08 11 (2); FEW:02 4 BKN:07 9 OVC:08 14 (1); BKN:07 12 (1); SCT:04 12 SCT:04 20 SCT:04 150 (1). The local downtown station SAN FRANCISCO DOWNTOWN, CA US (USW00023272) recorded 0.020 inches of daily precipitation, categorized as Light downtown daily rain.",2022-07-29 20:50:12 - FNS,7551460452,2022-07-29T20:50:12-07:00,2022-07-29T23:50:58-07:00,NOAA NCEI legacy route weather pipeline,NOAA NCEI,Unknown hourly station,legacy_fixed_local_window,,,,,
2022-07-30,20:43:20 - SNS,https://handicapskater.com/common/maps/20220730-20_43_20-SNS-7556833840.html,False,False,False,No recorded rain from 9 PM to midnight,No downtown daily rain,0.0,0.0,0,0.0,64.33333333333333,61.0,68.0,Mild,56.888888888888886,77.44444444444444,10.777777777777779,15.0,,272.2059686119013,Breezy,9.0,9.625,Good visibility,FEW:02 8 SCT:04 20 SCT:04 150 (2); FEW:02 4 BKN:07 8 OVC:08 12 (1); FEW:02 4 BKN:07 8 OVC:08 13 (1); FEW:02 4 SCT:04 9 BKN:07 12 (1); FEW:02 8 BKN:07 20 BKN:07 150 (1),,2022-07-30T21:00:00-07:00,2022-07-30T23:59:59-07:00,True,9,UNKNOWN,Unknown hourly station,,,USW00023272,"SAN FRANCISCO DOWNTOWN, CA US",37.7705,-122.4269,Hourly LCDv2 weather used for 9 PM to midnight,"Skate route '20:43:20 - SNS' occurred on 2022-07-30. Hourly weather from Unknown hourly station (UNKNOWN) was summarized for 9 PM to midnight local time. Mean temperature was 64.3°F (Mild). No hourly precipitation was recorded in the 9 PM to midnight window. Mean wind was 10.8 mph, max wind 15.0 mph, max gust nan mph (Breezy). Minimum visibility was 9.0 miles (Good visibility). Sky conditions: FEW:02 8 SCT:04 20 SCT:04 150 (2); FEW:02 4 BKN:07 8 OVC:08 12 (1); FEW:02 4 BKN:07 8 OVC:08 13 (1); FEW:02 4 SCT:04 9 BKN:07 12 (1); FEW:02 8 BKN:07 20 BKN:07 150 (1).",2022-07-30 20:43:20 - SNS,7556833840,2022-07-30T20:43:20-07:00,2022-07-30T23:08:09-07:00,NOAA NCEI legacy route weather pipeline,NOAA NCEI,Unknown hourly station,legacy_fixed_local_window,,,,,
2022-08-05,20:59:48 - FNS,https://handicapskater.com/common/maps/20220805-20_59_48-FNS-7590046092.html,False,False,False,No recorded rain from 9 PM to midnight,No downtown daily rain,0.0,0.0,0,0.0,67.75,64.0,73.0,Mild,57.5,70.5,9.625,17.0,,251.15557493813031,Breezy,10.0,10.0,Good visibility,FEW:02 10 FEW:02 30 SCT:04 180 (2); SCT:04 16 BKN:07 180 (1); SCT:04 17 BKN:07 180 (1); FEW:02 8 FEW:02 16 SCT:04 180 (1); FEW:02 8 SCT:04 25 (1),,2022-08-05T21:00:00-07:00,2022-08-05T23:59:59-07:00,True,8,UNKNOWN,Unknown hourly station,,,USW00023272,"SAN FRANCISCO DOWNTOWN, CA US",37.7705,-122.4269,Hourly LCDv2 weather used for 9 PM to midnight,"Skate route '20:59:48 - FNS' occurred on 2022-08-05. Hourly weather from Unknown hourly station (UNKNOWN) was summarized for 9 PM to midnight local time. Mean temperature was 67.8°F (Mild). No hourly precipitation was recorded in the 9 PM to midnight window. Mean wind was 9.6 mph, max wind 17.0 mph, max gust nan mph (Breezy). Minimum visibility was 10.0 miles (Good visibility). Sky conditions: FEW:02 10 FEW:02 30 SCT:04 180 (2); SCT:04 16 BKN:07 180 (1); SCT:04 17 BKN:07 180 (1); FEW:02 8 FEW:02 16 SCT:04 180 (1); FEW:02 8 SCT:04 25 (1).",2022-08-05 20:59:48 - FNS,7590046092,2022-08-05T20:59:48-07:00,2022-08-05T23:51:25-07:00,NOAA NCEI legacy route weather pipeline,NOAA NCEI,Unknown hourly station,legacy_fixed_local_window,,,,,
2022-08-06,20:55:31 - SNS,https://handicapskater.com/common/maps/20220806-20_55_31-SNS-7595548538.html,False,False,False,No recorded rain from 9 PM to midnight,No downtown daily rain,0.0,0.0,0,0.0,67.42857142857143,64.0,73.0,Mild,55.42857142857143,66.14285714285714,11.571428571428571,17.0,,264.34773142858205,Breezy,10.0,10.0,Good visibility,CLR:00 (3); FEW:02 15 (2); FEW:02 10 (1),,2022-08-06T21:00:00-07:00,2022-08-06T23:59:59-07:00,True,7,UNKNOWN,Unknown hourly station,,,USW00023272,"SAN FRANCISCO DOWNTOWN, CA US",37.7705,-122.4269,Hourly LCDv2 weather used for 9 PM to midnight,"Skate route '20:55:31 - SNS' occurred on 2022-08-06. Hourly weather from Unknown hourly station (UNKNOWN) was summarized for 9 PM to midnight local time. Mean temperature was 67.4°F (Mild). No hourly precipitation was recorded in the 9 PM to midnight window. Mean wind was 11.6 mph, max wind 17.0 mph, max gust nan mph (Breezy). Minimum visibility was 10.0 miles (Good visibility). Sky conditions: CLR:00 (3); FEW:02 15 (2); FEW:02 10 (1).",2022-08-06 20:55:31 - SNS,7595548538,2022-08-06T20:55:31-07:00,2022-08-06T23:25:58-07:00,NOAA NCEI legacy route weather pipeline,NOAA NCEI,Unknown hourly station,legacy_fixed_local_window,,,,,
2022-08-12,20:59:55 - FNS,https://handicapskater.com/common/maps/20220812-20_59_55-FNS-7629025975.html,False,False,False,No recorded rain from 9 PM to midnight,No downtown daily rain,0.0,0.0,0,0.0,65.71428571428571,60.0,72.0,Mild,55.0,69.0,12.571428571428571,16.0,,271.34173354549245,Breezy,10.0,10.0,Good visibility,FEW:02 9 (3); FEW:02 10 (3),,2022-08-12T21:00:00-07:00,2022-08-12T23:59:59-07:00,True,7,UNKNOWN,Unknown hourly station,,,USW00023272,"SAN FRANCISCO DOWNTOWN, CA US",37.7705,-122.4269,Hourly LCDv2 weather used for 9 PM to midnight,"Skate route '20:59:55 - FNS' occurred on 2022-08-12. Hourly weather from Unknown hourly station (UNKNOWN) was summarized for 9 PM to midnight local time. Mean temperature was 65.7°F (Mild). No hourly precipitation was recorded in the 9 PM to midnight window. Mean wind was 12.6 mph, max wind 16.0 mph, max gust nan mph (Breezy). Minimum visibility was 10.0 miles (Good visibility). Sky conditions: FEW:02 9 (3); FEW:02 10 (3).",2022-08-12 20:59:55 - FNS,7629025975,2022-08-12T20:59:55-07:00,2022-08-12T23:56:07-07:00,NOAA NCEI legacy route weather pipeline,NOAA NCEI,Unknown hourly station,legacy_fixed_local_window,,,,,
2022-08-13,20:38:53 - SNS,https://handicapskater.com/common/maps/20220813-20_38_53-SNS-7634571791.html,False,False,False,No recorded rain from 9 PM to midnight,No downtown daily rain,0.0,0.0,0,0.0,66.14285714285714,61.0,73.0,Mild,55.285714285714285,68.85714285714286,10.857142857142858,17.0,,279.59329201804667,Breezy,9.0,9.666666666666666,Good visibility,CLR:00 (3); FEW:02 8 (2); FEW:02 9 (1),,2022-08-13T21:00:00-07:00,2022-08-13T23:59:59-07:00,True,7,UNKNOWN,Unknown hourly station,,,USW00023272,"SAN FRANCISCO DOWNTOWN, CA US",37.7705,-122.4269,Hourly LCDv2 weather used for 9 PM to midnight,"Skate route '20:38:53 - SNS' occurred on 2022-08-13. Hourly weather from Unknown hourly station (UNKNOWN) was summarized for 9 PM to midnight local time. Mean temperature was 66.1°F (Mild). No hourly precipitation was recorded in the 9 PM to midnight window. Mean wind was 10.9 mph, max wind 17.0 mph, max gust nan mph (Breezy). Minimum visibility was 9.0 miles (Good visibility). Sky conditions: CLR:00 (3); FEW:02 8 (2); FEW:02 9 (1).",2022-08-13 20:38:53 - SNS,7634571791,2022-08-13T20:38:53-07:00,2022-08-13T23:36:52-07:00,NOAA NCEI legacy route weather pipeline,NOAA NCEI,Unknown hourly station,legacy_fixed_local_window,,,,,
2022-08-19,21:10:39 - FNS,https://handicapskater.com/common/maps/20220819-21_10_39-FNS-7667551360.html,True,True,False,Trace rain from 9 PM to midnight,No downtown daily rain,0.001,0.001,1,0.0,64.28571428571429,61.0,69.0,Mild,55.42857142857143,73.57142857142857,13.285714285714286,16.0,34.0,291.3990315586369,Very windy,10.0,10.0,Good visibility,FEW:02 10 (3); FEW:02 8 (2); FEW:02 5 FEW:02 12 (1),,2022-08-19T21:00:00-07:00,2022-08-19T23:59:59-07:00,True,7,UNKNOWN,Unknown hourly station,,,USW00023272,"SAN FRANCISCO DOWNTOWN, CA US",37.7705,-122.4269,Hourly LCDv2 weather used for 9 PM to midnight,"Skate route '21:10:39 - FNS' occurred on 2022-08-19. Hourly weather from Unknown hourly station (UNKNOWN) was summarized for 9 PM to midnight local time. Mean temperature was 64.3°F (Mild). Hourly precipitation totaled 0.001 inches with 1 rainy hour(s), categorized as Trace rain from 9 PM to midnight. Mean wind was 13.3 mph, max wind 16.0 mph, max gust 34.0 mph (Very windy). Minimum visibility was 10.0 miles (Good visibility). Sky conditions: FEW:02 10 (3); FEW:02 8 (2); FEW:02 5 FEW:02 12 (1).",2022-08-19 21:10:39 - FNS,7667551360,2022-08-19T21:10:39-07:00,2022-08-19T23:59:16-07:00,NOAA NCEI legacy route weather pipeline,NOAA NCEI,Unknown hourly station,legacy_fixed_local_window,,,,,
2022-08-20,20:24:47 - SNS,https://handicapskater.com/common/maps/20220820-20_24_47-SNS-7673005492.html,False,False,False,No recorded rain from 9 PM to midnight,No downtown daily rain,0.0,0.0,0,0.0,65.57142857142857,59.0,75.0,Mild,55.714285714285715,71.28571428571429,13.428571428571429,18.0,,297.16609424741995,Breezy,10.0,10.0,Good visibility,FEW:02 4 (3); FEW:02 10 (2); CLR:00 (1),,2022-08-20T21:00:00-07:00,2022-08-20T23:59:59-07:00,True,7,UNKNOWN,Unknown hourly station,,,USW00023272,"SAN FRANCISCO DOWNTOWN, CA US",37.7705,-122.4269,Hourly LCDv2 weather used for 9 PM to midnight,"Skate route '20:24:47 - SNS' occurred on 2022-08-20. Hourly weather from Unknown hourly station (UNKNOWN) was summarized for 9 PM to midnight local time. Mean temperature was 65.6°F (Mild). No hourly precipitation was recorded in the 9 PM to midnight window. Mean wind was 13.4 mph, max wind 18.0 mph, max gust nan mph (Breezy). Minimum visibility was 10.0 miles (Good visibility). Sky conditions: FEW:02 4 (3); FEW:02 10 (2); CLR:00 (1).",2022-08-20 20:24:47 - SNS,7673005492,2022-08-20T20:24:47-07:00,2022-08-20T22:45:33-07:00,NOAA NCEI legacy route weather pipeline,NOAA NCEI,Unknown hourly station,legacy_fixed_local_window,,,,,
2022-08-26,20:51:28 - FNS,https://handicapskater.com/common/maps/20220826-20_51_28-FNS-7706588994.html,False,False,False,No recorded rain from 9 PM to midnight,No downtown daily rain,0.0,0.0,0,0.0,62.714285714285715,56.0,70.0,Mild,57.0,82.85714285714286,14.857142857142858,17.0,,302.8526925517509,Breezy,10.0,10.0,Good visibility,FEW:02 10 FEW:02 300 (3); FEW:02 3 (2); FEW:02 3 SCT:04 11 (1),,2022-08-26T21:00:00-07:00,2022-08-26T23:59:59-07:00,True,7,UNKNOWN,Unknown hourly station,,,USW00023272,"SAN FRANCISCO DOWNTOWN, CA US",37.7705,-122.4269,Hourly LCDv2 weather used for 9 PM to midnight,"Skate route '20:51:28 - FNS' occurred on 2022-08-26. Hourly weather from Unknown hourly station (UNKNOWN) was summarized for 9 PM to midnight local time. Mean temperature was 62.7°F (Mild). No hourly precipitation was recorded in the 9 PM to midnight window. Mean wind was 14.9 mph, max wind 17.0 mph, max gust nan mph (Breezy). Minimum visibility was 10.0 miles (Good visibility). Sky conditions: FEW:02 10 FEW:02 300 (3); FEW:02 3 (2); FEW:02 3 SCT:04 11 (1).",2022-08-26 20:51:28 - FNS,7706588994,2022-08-26T20:51:28-07:00,2022-08-26T23:55:23-07:00,NOAA NCEI legacy route weather pipeline,NOAA NCEI,Unknown hourly station,legacy_fixed_local_window,,,,,
2022-08-27,20:33:43 - SNS,https://handicapskater.com/common/maps/20220827-20_33_43-SNS-7715698037.html,False,False,False,No recorded rain from 9 PM to midnight,No downtown daily rain,0.0,0.0,0,0.0,63.44444444444444,60.0,69.0,Mild,55.22222222222222,74.88888888888889,11.444444444444445,17.0,,284.69098680194924,Breezy,10.0,10.0,Good visibility,FEW:02 10 (2); FEW:02 8 (2); FEW:02 7 FEW:02 14 SCT:04 22 (1); FEW:02 7 BKN:07 15 BKN:07 21 (1); FEW:02 7 SCT:04 14 SCT:04 21 (1),,2022-08-27T21:00:00-07:00,2022-08-27T23:59:59-07:00,True,9,UNKNOWN,Unknown hourly station,,,USW00023272,"SAN FRANCISCO DOWNTOWN, CA US",37.7705,-122.4269,Hourly LCDv2 weather used for 9 PM to midnight,"Skate route '20:33:43 - SNS' occurred on 2022-08-27. Hourly weather from Unknown hourly station (UNKNOWN) was summarized for 9 PM to midnight local time. Mean temperature was 63.4°F (Mild). No hourly precipitation was recorded in the 9 PM to midnight window. Mean wind was 11.4 mph, max wind 17.0 mph, max gust nan mph (Breezy). Minimum visibility was 10.0 miles (Good visibility). Sky conditions: FEW:02 10 (2); FEW:02 8 (2); FEW:02 7 FEW:02 14 SCT:04 22 (1); FEW:02 7 BKN:07 15 BKN:07 21 (1); FEW:02 7 SCT:04 14 SCT:04 21 (1).",2022-08-27 20:33:43 - SNS,7715698037,2022-08-27T20:33:43-07:00,2022-08-27T23:31:25-07:00,NOAA NCEI legacy route weather pipeline,NOAA NCEI,Unknown hourly station,legacy_fixed_local_window,,,,,
2022-09-02,20:54:56 - FNS,https://handicapskater.com/common/maps/20220902-20_54_56-FNS-7745242999.html,False,False,False,No recorded rain from 9 PM to midnight,No downtown daily rain,0.0,0.0,0,0.0,64.57142857142857,60.0,70.0,Mild,55.0,71.71428571428571,15.0,17.0,,288.60096844136314,Breezy,10.0,10.0,Good visibility,CLR:00 (2); FEW:02 9 (1); FEW:02 10 (1); FEW:02 10 FEW:02 80 (1); FEW:02 10 FEW:02 60 (1),,2022-09-02T21:00:00-07:00,2022-09-02T23:59:59-07:00,True,7,UNKNOWN,Unknown hourly station,,,USW00023272,"SAN FRANCISCO DOWNTOWN, CA US",37.7705,-122.4269,Hourly LCDv2 weather used for 9 PM to midnight,"Skate route '20:54:56 - FNS' occurred on 2022-09-02. Hourly weather from Unknown hourly station (UNKNOWN) was summarized for 9 PM to midnight local time. Mean temperature was 64.6°F (Mild). No hourly precipitation was recorded in the 9 PM to midnight window. Mean wind was 15.0 mph, max wind 17.0 mph, max gust nan mph (Breezy). Minimum visibility was 10.0 miles (Good visibility). Sky conditions: CLR:00 (2); FEW:02 9 (1); FEW:02 10 (1); FEW:02 10 FEW:02 80 (1); FEW:02 10 FEW:02 60 (1).",2022-09-02 20:54:56 - FNS,7745242999,2022-09-02T20:54:56-07:00,2022-09-02T23:51:18-07:00,NOAA NCEI legacy route weather pipeline,NOAA NCEI,Unknown hourly station,legacy_fixed_local_window,,,,,
2022-09-03,20:33:17 - WHOOP SNS → 14.3 Day Strain,https://handicapskater.com/common/maps/20220903-20_33_17-WHOOP SNS → 14.3 Day Strain-7752741660.html,False,False,,No precipitation at activity weather observation,Daily precipitation unavailable,,,,,64.58,64.58,64.58,Activity-time point observation,55.94,73,4.69756621331,4.69756621331,10.2899069435,228,Activity-time point observation,17.8780919431,17.8780919431,Activity-time point observation,Cloud cover fraction 0.45,Strava weather condition code 2.0,2022-09-03T20:33:17-07:00,2022-09-03T22:48:21-07:00,True,1,,Unavailable in Strava export,,,,,,,Strava activity-time point weather observation,Activity-time Strava weather observation for 2022-09-03 20:33:17 - WHOOP SNS → 14.3 Day Strain: Strava weather condition code 2.0; temperature 64.58 F; wind 4.69756621331 mph; precipitation intensity 0 inches/hour. The upstream provider and station were not supplied by the export.,2022-09-03 20:33:17 - WHOOP SNS → 14.3 Day Strain,7752741660,2022-09-03T20:33:17-07:00,2022-09-03T22:48:21-07:00,Strava export activity weather fields,Unavailable in Strava export,Unavailable in Strava export,activity_time_point_observation,,2022-09-03T19:59:12-07:00,2.0,1.0,0
2022-09-10,20:42:23 - SNS,https://handicapskater.com/common/maps/20220910-20_42_23-SNS-7789972047.html,True,False,False,No recorded rain from 9 PM to midnight,No downtown daily rain,0.0,0.0,0,0.0,69.625,64.0,75.0,Warm,61.875,77.0,12.625,18.0,23.0,297.5496029870197,Windy,9.0,9.714285714285714,Good visibility,FEW:02 10 SCT:04 20 OVC:08 200 (2); FEW:02 150 BKN:07 180 (1); FEW:02 150 OVC:08 180 (1); FEW:02 8 BKN:07 180 (1); SCT:04 30 BKN:07 200 (1),,2022-09-10T21:00:00-07:00,2022-09-10T23:59:59-07:00,True,8,UNKNOWN,Unknown hourly station,,,USW00023272,"SAN FRANCISCO DOWNTOWN, CA US",37.7705,-122.4269,Hourly LCDv2 weather used for 9 PM to midnight,"Skate route '20:42:23 - SNS' occurred on 2022-09-10. Hourly weather from Unknown hourly station (UNKNOWN) was summarized for 9 PM to midnight local time. Mean temperature was 69.6°F (Warm). No hourly precipitation was recorded in the 9 PM to midnight window. Mean wind was 12.6 mph, max wind 18.0 mph, max gust 23.0 mph (Windy). Minimum visibility was 9.0 miles (Good visibility). Sky conditions: FEW:02 10 SCT:04 20 OVC:08 200 (2); FEW:02 150 BKN:07 180 (1); FEW:02 150 OVC:08 180 (1); FEW:02 8 BKN:07 180 (1); SCT:04 30 BKN:07 200 (1).",2022-09-10 20:42:23 - SNS,7789972047,2022-09-10T20:42:23-07:00,2022-09-10T23:34:46-07:00,NOAA NCEI legacy route weather pipeline,NOAA NCEI,Unknown hourly station,legacy_fixed_local_window,,,,,
2022-09-16,20:54:37 - FNS,https://handicapskater.com/common/maps/20220916-20_54_37-FNS-7820428293.html,True,False,False,No recorded rain from 9 PM to midnight,No downtown daily rain,0.0,0.0,0,0.0,62.875,59.0,70.0,Mild,53.25,72.0,14.875,21.0,26.0,267.51437930669925,Windy,10.0,10.0,Good visibility,FEW:02 8 BKN:07 14 (2); FEW:02 10 (2); FEW:02 14 (1); FEW:02 8 FEW:02 14 (1); FEW:02 10 FEW:02 14 (1),,2022-09-16T21:00:00-07:00,2022-09-16T23:59:59-07:00,True,8,UNKNOWN,Unknown hourly station,,,USW00023272,"SAN FRANCISCO DOWNTOWN, CA US",37.7705,-122.4269,Hourly LCDv2 weather used for 9 PM to midnight,"Skate route '20:54:37 - FNS' occurred on 2022-09-16. Hourly weather from Unknown hourly station (UNKNOWN) was summarized for 9 PM to midnight local time. Mean temperature was 62.9°F (Mild). No hourly precipitation was recorded in the 9 PM to midnight window. Mean wind was 14.9 mph, max wind 21.0 mph, max gust 26.0 mph (Windy). Minimum visibility was 10.0 miles (Good visibility). Sky conditions: FEW:02 8 BKN:07 14 (2); FEW:02 10 (2); FEW:02 14 (1); FEW:02 8 FEW:02 14 (1); FEW:02 10 FEW:02 14 (1).",2022-09-16 20:54:37 - FNS,7820428293,2022-09-16T20:54:37-07:00,2022-09-16T23:49:29-07:00,NOAA NCEI legacy route weather pipeline,NOAA NCEI,Unknown hourly station,legacy_fixed_local_window,,,,,
2022-09-17,20:40:36 - SNS,https://handicapskater.com/common/maps/20220917-20_40_36-SNS-7825742365.html,True,False,False,No recorded rain from 9 PM to midnight,No downtown daily rain,0.0,0.0,0,0.0,64.28571428571429,63.0,67.0,Mild,54.42857142857143,70.85714285714286,13.285714285714286,24.0,32.0,225.5922131953639,Very windy,10.0,10.0,Good visibility,FEW:02 110 BKN:07 140 (1); SCT:04 23 SCT:04 100 BKN:07 150 (1); SCT:04 23 SCT:04 29 BKN:07 110 (1); FEW:02 10 SCT:04 25 SCT:04 200 (1); SCT:04 20 BKN:07 100 BKN:07 200 (1),,2022-09-17T21:00:00-07:00,2022-09-17T23:59:59-07:00,True,7,UNKNOWN,Unknown hourly station,,,USW00023272,"SAN FRANCISCO DOWNTOWN, CA US",37.7705,-122.4269,Hourly LCDv2 weather used for 9 PM to midnight,"Skate route '20:40:36 - SNS' occurred on 2022-09-17. Hourly weather from Unknown hourly station (UNKNOWN) was summarized for 9 PM to midnight local time. Mean temperature was 64.3°F (Mild). No hourly precipitation was recorded in the 9 PM to midnight window. Mean wind was 13.3 mph, max wind 24.0 mph, max gust 32.0 mph (Very windy). Minimum visibility was 10.0 miles (Good visibility). Sky conditions: FEW:02 110 BKN:07 140 (1); SCT:04 23 SCT:04 100 BKN:07 150 (1); SCT:04 23 SCT:04 29 BKN:07 110 (1); FEW:02 10 SCT:04 25 SCT:04 200 (1); SCT:04 20 BKN:07 100 BKN:07 200 (1).",2022-09-17 20:40:36 - SNS,7825742365,2022-09-17T20:40:36-07:00,2022-09-17T22:46:32-07:00,NOAA NCEI legacy route weather pipeline,NOAA NCEI,Unknown hourly station,legacy_fixed_local_window,,,,,
2022-09-23,21:03:24 - FNS,https://handicapskater.com/common/maps/20220923-21_03_24-FNS-7857345825.html,False,False,False,No recorded rain from 9 PM to midnight,No downtown daily rain,0.0,0.0,0,0.0,71.71428571428571,63.0,85.0,Warm,56.42857142857143,61.714285714285715,9.571428571428571,14.0,,291.4241277714905,Breezy,10.0,10.0,Good visibility,CLR:00 (6),,2022-09-23T21:00:00-07:00,2022-09-23T23:59:59-07:00,True,7,UNKNOWN,Unknown hourly station,,,USW00023272,"SAN FRANCISCO DOWNTOWN, CA US",37.7705,-122.4269,Hourly LCDv2 weather used for 9 PM to midnight,"Skate route '21:03:24 - FNS' occurred on 2022-09-23. Hourly weather from Unknown hourly station (UNKNOWN) was summarized for 9 PM to midnight local time. Mean temperature was 71.7°F (Warm). No hourly precipitation was recorded in the 9 PM to midnight window. Mean wind was 9.6 mph, max wind 14.0 mph, max gust nan mph (Breezy). Minimum visibility was 10.0 miles (Good visibility). Sky conditions: CLR:00 (6).",2022-09-23 21:03:24 - FNS,7857345825,2022-09-23T21:03:24-07:00,2022-09-23T23:46:55-07:00,NOAA NCEI legacy route weather pipeline,NOAA NCEI,Unknown hourly station,legacy_fixed_local_window,,,,,
2022-09-24,20:33:20 - SNS,https://handicapskater.com/common/maps/20220924-20_33_20-SNS-7862628641.html,False,False,False,No recorded rain from 9 PM to midnight,No downtown daily rain,0.0,0.0,0,0.0,67.25,61.0,79.0,Mild,57.25,71.75,10.125,15.0,,301.25538450902275,Breezy,10.0,10.0,Good visibility,CLR:00 (5); FEW:02 4 (2),,2022-09-24T21:00:00-07:00,2022-09-24T23:59:59-07:00,True,8,UNKNOWN,Unknown hourly station,,,USW00023272,"SAN FRANCISCO DOWNTOWN, CA US",37.7705,-122.4269,Hourly LCDv2 weather used for 9 PM to midnight,"Skate route '20:33:20 - SNS' occurred on 2022-09-24. Hourly weather from Unknown hourly station (UNKNOWN) was summarized for 9 PM to midnight local time. Mean temperature was 67.2°F (Mild). No hourly precipitation was recorded in the 9 PM to midnight window. Mean wind was 10.1 mph, max wind 15.0 mph, max gust nan mph (Breezy). Minimum visibility was 10.0 miles (Good visibility). Sky conditions: CLR:00 (5); FEW:02 4 (2).",2022-09-24 20:33:20 - SNS,7862628641,2022-09-24T20:33:20-07:00,2022-09-24T23:06:11-07:00,NOAA NCEI legacy route weather pipeline,NOAA NCEI,Unknown hourly station,legacy_fixed_local_window,,,,,
2022-09-30,20:50:25 - FNS,https://handicapskater.com/common/maps/20220930-20_50_25-FNS-7892588781.html,False,False,False,No recorded rain from 9 PM to midnight,No downtown daily rain,0.0,0.0,0,0.0,64.42857142857143,56.0,79.0,Mild,56.0,76.85714285714286,12.571428571428571,15.0,,300.0,Breezy,10.0,10.0,Good visibility,FEW:02 3 (3),,2022-09-30T21:00:00-07:00,2022-09-30T23:59:59-07:00,True,10,UNKNOWN,Unknown hourly station,,,USW00023272,"SAN FRANCISCO DOWNTOWN, CA US",37.7705,-122.4269,Hourly LCDv2 weather used for 9 PM to midnight,"Skate route '20:50:25 - FNS' occurred on 2022-09-30. Hourly weather from Unknown hourly station (UNKNOWN) was summarized for 9 PM to midnight local time. Mean temperature was 64.4°F (Mild). No hourly precipitation was recorded in the 9 PM to midnight window. Mean wind was 12.6 mph, max wind 15.0 mph, max gust nan mph (Breezy). Minimum visibility was 10.0 miles (Good visibility). Sky conditions: FEW:02 3 (3).",2022-09-30 20:50:25 - FNS,7892588781,2022-09-30T20:50:25-07:00,2022-09-30T23:53:25-07:00,NOAA NCEI legacy route weather pipeline,NOAA NCEI,Unknown hourly station,legacy_fixed_local_window,,,,,
2022-10-01,20:39:09 - SNS,https://handicapskater.com/common/maps/20221001-20_39_09-SNS-7897672676.html,False,False,False,No recorded rain from 9 PM to midnight,No downtown daily rain,0.0,0.0,0,0.0,65.28571428571429,63.0,69.0,Mild,55.714285714285715,72.0,11.0,16.0,,249.0292983986647,Breezy,,,Visibility unavailable,,,2022-10-01T21:00:00-07:00,2022-10-01T23:59:59-07:00,True,7,UNKNOWN,Unknown hourly station,,,USW00023272,"SAN FRANCISCO DOWNTOWN, CA US",37.7705,-122.4269,Hourly LCDv2 weather used for 9 PM to midnight,"Skate route '20:39:09 - SNS' occurred on 2022-10-01. Hourly weather from Unknown hourly station (UNKNOWN) was summarized for 9 PM to midnight local time. Mean temperature was 65.3°F (Mild). No hourly precipitation was recorded in the 9 PM to midnight window. Mean wind was 11.0 mph, max wind 16.0 mph, max gust nan mph (Breezy).",2022-10-01 20:39:09 - SNS,7897672676,2022-10-01T20:39:09-07:00,2022-10-01T23:01:42-07:00,NOAA NCEI legacy route weather pipeline,NOAA NCEI,Unknown hourly station,legacy_fixed_local_window,,,,,
2022-10-07,20:56:43 - FNS,https://handicapskater.com/common/maps/20221007-20_56_43-FNS-7933346210.html,False,False,False,No recorded rain from 9 PM to midnight,No downtown daily rain,0.0,0.0,0,0.0,60.857142857142854,55.0,70.0,Mild,54.714285714285715,81.57142857142857,11.714285714285714,15.0,,297.14730744824914,Breezy,10.0,10.0,Good visibility,FEW:02 3 (3); FEW:02 10 (1); FEW:02 10 FEW:02 20 (1); FEW:02 10 FEW:02 30 (1),,2022-10-07T21:00:00-07:00,2022-10-07T23:59:59-07:00,True,7,UNKNOWN,Unknown hourly station,,,USW00023272,"SAN FRANCISCO DOWNTOWN, CA US",37.7705,-122.4269,Hourly LCDv2 weather used for 9 PM to midnight,"Skate route '20:56:43 - FNS' occurred on 2022-10-07. Hourly weather from Unknown hourly station (UNKNOWN) was summarized for 9 PM to midnight local time. Mean temperature was 60.9°F (Mild). No hourly precipitation was recorded in the 9 PM to midnight window. Mean wind was 11.7 mph, max wind 15.0 mph, max gust nan mph (Breezy). Minimum visibility was 10.0 miles (Good visibility). Sky conditions: FEW:02 3 (3); FEW:02 10 (1); FEW:02 10 FEW:02 20 (1); FEW:02 10 FEW:02 30 (1).",2022-10-07 20:56:43 - FNS,7933346210,2022-10-07T20:56:43-07:00,2022-10-07T23:43:04-07:00,NOAA NCEI legacy route weather pipeline,NOAA NCEI,Unknown hourly station,legacy_fixed_local_window,,,,,
2022-10-08,20:38:42 - SNS,https://handicapskater.com/common/maps/20221008-20_38_42-SNS-7933929051.html,False,False,False,No recorded rain from 9 PM to midnight,No downtown daily rain,0.0,0.0,0,0.0,59.57142857142857,55.0,67.0,Mild,54.57142857142857,84.42857142857143,13.0,15.0,,301.4241277714905,Breezy,10.0,10.0,Good visibility,FEW:02 2 (2); FEW:02 1 (1); FEW:02 8 (1); FEW:02 9 FEW:02 20 (1); FEW:02 5 FEW:02 180 (1),,2022-10-08T21:00:00-07:00,2022-10-08T23:59:59-07:00,True,7,UNKNOWN,Unknown hourly station,,,USW00023272,"SAN FRANCISCO DOWNTOWN, CA US",37.7705,-122.4269,Hourly LCDv2 weather used for 9 PM to midnight,"Skate route '20:38:42 - SNS' occurred on 2022-10-08. Hourly weather from Unknown hourly station (UNKNOWN) was summarized for 9 PM to midnight local time. Mean temperature was 59.6°F (Mild). No hourly precipitation was recorded in the 9 PM to midnight window. Mean wind was 13.0 mph, max wind 15.0 mph, max gust nan mph (Breezy). Minimum visibility was 10.0 miles (Good visibility). Sky conditions: FEW:02 2 (2); FEW:02 1 (1); FEW:02 8 (1); FEW:02 9 FEW:02 20 (1); FEW:02 5 FEW:02 180 (1).",2022-10-08 20:38:42 - SNS,7933929051,2022-10-08T20:38:42-07:00,2022-10-08T23:32:56-07:00,NOAA NCEI legacy route weather pipeline,NOAA NCEI,Unknown hourly station,legacy_fixed_local_window,,,,,
2022-10-14,20:54:26 - FNS,https://handicapskater.com/common/maps/20221014-20_54_26-FNS-7964590195.html,False,False,False,No recorded rain from 9 PM to midnight,No downtown daily rain,0.0,0.0,0,0.0,60.0,55.0,66.0,Mild,54.0,81.57142857142857,7.142857142857143,16.0,,258.756734168398,Breezy,10.0,10.0,Good visibility,FEW:02 10 (3); FEW:02 6 (2); FEW:02 4 SCT:04 8 (1),,2022-10-14T21:00:00-07:00,2022-10-14T23:59:59-07:00,True,7,UNKNOWN,Unknown hourly station,,,USW00023272,"SAN FRANCISCO DOWNTOWN, CA US",37.7705,-122.4269,Hourly LCDv2 weather used for 9 PM to midnight,"Skate route '20:54:26 - FNS' occurred on 2022-10-14. Hourly weather from Unknown hourly station (UNKNOWN) was summarized for 9 PM to midnight local time. Mean temperature was 60.0°F (Mild). No hourly precipitation was recorded in the 9 PM to midnight window. Mean wind was 7.1 mph, max wind 16.0 mph, max gust nan mph (Breezy). Minimum visibility was 10.0 miles (Good visibility). Sky conditions: FEW:02 10 (3); FEW:02 6 (2); FEW:02 4 SCT:04 8 (1).",2022-10-14 20:54:26 - FNS,7964590195,2022-10-14T20:54:26-07:00,2022-10-14T23:56:12-07:00,NOAA NCEI legacy route weather pipeline,NOAA NCEI,Unknown hourly station,legacy_fixed_local_window,,,,,
2022-10-15,20:50:49 - SNS,https://handicapskater.com/common/maps/20221015-20_50_49-SNS-7969774260.html,False,False,False,No recorded rain from 9 PM to midnight,No downtown daily rain,0.0,0.0,0,0.0,64.125,63.0,66.0,Mild,55.0,72.875,10.375,16.0,,241.85309674962042,Breezy,10.0,10.0,Good visibility,SCT:04 22 (2); FEW:02 15 OVC:08 21 (1); FEW:02 12 OVC:08 21 (1); FEW:02 12 OVC:08 20 (1); FEW:02 13 BKN:07 21 (1),,2022-10-15T21:00:00-07:00,2022-10-15T23:59:59-07:00,True,8,UNKNOWN,Unknown hourly station,,,USW00023272,"SAN FRANCISCO DOWNTOWN, CA US",37.7705,-122.4269,Hourly LCDv2 weather used for 9 PM to midnight,"Skate route '20:50:49 - SNS' occurred on 2022-10-15. Hourly weather from Unknown hourly station (UNKNOWN) was summarized for 9 PM to midnight local time. Mean temperature was 64.1°F (Mild). No hourly precipitation was recorded in the 9 PM to midnight window. Mean wind was 10.4 mph, max wind 16.0 mph, max gust nan mph (Breezy). Minimum visibility was 10.0 miles (Good visibility). Sky conditions: SCT:04 22 (2); FEW:02 15 OVC:08 21 (1); FEW:02 12 OVC:08 21 (1); FEW:02 12 OVC:08 20 (1); FEW:02 13 BKN:07 21 (1).",2022-10-15 20:50:49 - SNS,7969774260,2022-10-15T20:50:49-07:00,2022-10-15T23:03:42-07:00,NOAA NCEI legacy route weather pipeline,NOAA NCEI,Unknown hourly station,legacy_fixed_local_window,,,,,
2022-10-21,20:55:31 - FNS,https://handicapskater.com/common/maps/20221021-20_55_31-FNS-7999739010.html,True,False,False,No recorded rain from 9 PM to midnight,No downtown daily rain,0.0,0.0,0,0.0,61.42857142857143,60.0,63.0,Mild,53.285714285714285,75.0,11.0,16.0,32.0,300.2011175492051,Very windy,10.0,10.0,Good visibility,FEW:02 8 BKN:07 180 (2); FEW:02 10 FEW:02 250 (2); FEW:02 8 BKN:07 15 BKN:07 180 (1); FEW:02 10 SCT:04 160 SCT:04 240 (1),,2022-10-21T21:00:00-07:00,2022-10-21T23:59:59-07:00,True,7,UNKNOWN,Unknown hourly station,,,USW00023272,"SAN FRANCISCO DOWNTOWN, CA US",37.7705,-122.4269,Hourly LCDv2 weather used for 9 PM to midnight,"Skate route '20:55:31 - FNS' occurred on 2022-10-21. Hourly weather from Unknown hourly station (UNKNOWN) was summarized for 9 PM to midnight local time. Mean temperature was 61.4°F (Mild). No hourly precipitation was recorded in the 9 PM to midnight window. Mean wind was 11.0 mph, max wind 16.0 mph, max gust 32.0 mph (Very windy). Minimum visibility was 10.0 miles (Good visibility). Sky conditions: FEW:02 8 BKN:07 180 (2); FEW:02 10 FEW:02 250 (2); FEW:02 8 BKN:07 15 BKN:07 180 (1); FEW:02 10 SCT:04 160 SCT:04 240 (1).",2022-10-21 20:55:31 - FNS,7999739010,2022-10-21T20:55:31-07:00,2022-10-21T23:04:08-07:00,NOAA NCEI legacy route weather pipeline,NOAA NCEI,Unknown hourly station,legacy_fixed_local_window,,,,,
2022-10-22,20:37:22 - SNS,https://handicapskater.com/common/maps/20221022-20_37_22-SNS-8005042701.html,True,False,False,No recorded rain from 9 PM to midnight,No downtown daily rain,0.0,0.0,0,0.0,60.0,55.0,67.0,Mild,46.285714285714285,61.857142857142854,16.0,25.0,33.0,284.38411137254934,Very windy,10.0,10.0,Good visibility,CLR:00 (3); FEW:02 20 BKN:07 150 (1); FEW:02 13 BKN:07 180 (1); FEW:02 15 BKN:07 180 (1),,2022-10-22T21:00:00-07:00,2022-10-22T23:59:59-07:00,True,7,UNKNOWN,Unknown hourly station,,,USW00023272,"SAN FRANCISCO DOWNTOWN, CA US",37.7705,-122.4269,Hourly LCDv2 weather used for 9 PM to midnight,"Skate route '20:37:22 - SNS' occurred on 2022-10-22. Hourly weather from Unknown hourly station (UNKNOWN) was summarized for 9 PM to midnight local time. Mean temperature was 60.0°F (Mild). No hourly precipitation was recorded in the 9 PM to midnight window. Mean wind was 16.0 mph, max wind 25.0 mph, max gust 33.0 mph (Very windy). Minimum visibility was 10.0 miles (Good visibility). Sky conditions: CLR:00 (3); FEW:02 20 BKN:07 150 (1); FEW:02 13 BKN:07 180 (1); FEW:02 15 BKN:07 180 (1).",2022-10-22 20:37:22 - SNS,8005042701,2022-10-22T20:37:22-07:00,2022-10-22T23:06:43-07:00,NOAA NCEI legacy route weather pipeline,NOAA NCEI,Unknown hourly station,legacy_fixed_local_window,,,,,
2022-10-28,20:51:57 - FNS,https://handicapskater.com/common/maps/20221028-20_51_57-FNS-8035025424.html,False,False,False,No recorded rain from 9 PM to midnight,No downtown daily rain,0.0,0.0,0,0.0,57.142857142857146,53.0,63.0,Mild,48.0,72.85714285714286,8.714285714285714,14.0,,284.78203213419533,Breezy,10.0,10.0,Good visibility,FEW:02 6 (2); CLR:00 (1); FEW:02 10 SCT:04 80 BKN:07 180 (1); FEW:02 10 FEW:02 80 BKN:07 180 (1); FEW:02 10 FEW:02 80 SCT:04 180 (1),,2022-10-28T21:00:00-07:00,2022-10-28T23:59:59-07:00,True,7,UNKNOWN,Unknown hourly station,,,USW00023272,"SAN FRANCISCO DOWNTOWN, CA US",37.7705,-122.4269,Hourly LCDv2 weather used for 9 PM to midnight,"Skate route '20:51:57 - FNS' occurred on 2022-10-28. Hourly weather from Unknown hourly station (UNKNOWN) was summarized for 9 PM to midnight local time. Mean temperature was 57.1°F (Mild). No hourly precipitation was recorded in the 9 PM to midnight window. Mean wind was 8.7 mph, max wind 14.0 mph, max gust nan mph (Breezy). Minimum visibility was 10.0 miles (Good visibility). Sky conditions: FEW:02 6 (2); CLR:00 (1); FEW:02 10 SCT:04 80 BKN:07 180 (1); FEW:02 10 FEW:02 80 BKN:07 180 (1); FEW:02 10 FEW:02 80 SCT:04 180 (1).",2022-10-28 20:51:57 - FNS,8035025424,2022-10-28T20:51:57-07:00,2022-10-28T23:57:18-07:00,NOAA NCEI legacy route weather pipeline,NOAA NCEI,Unknown hourly station,legacy_fixed_local_window,,,,,
2022-10-29,20:16:58 - SNS,https://handicapskater.com/common/maps/20221029-20_16_58-SNS-8040185724.html,True,False,False,No recorded rain from 9 PM to midnight,No downtown daily rain,0.0,0.0,0,0.0,60.75,57.0,66.0,Mild,54.75,82.75,12.875,15.0,,281.22186457651725,Breezy,2.5,6.857142857142857,Low visibility,BKN:07 200 (2); FEW:02 2 BKN:07 4 OVC:08 6 (1); OVC:08 3 (1); BKN:07 2 OVC:08 3 (1); SCT:04 2 OVC:08 3 (1),BR:1 |BR | (3),2022-10-29T21:00:00-07:00,2022-10-29T23:59:59-07:00,True,8,UNKNOWN,Unknown hourly station,,,USW00023272,"SAN FRANCISCO DOWNTOWN, CA US",37.7705,-122.4269,Hourly LCDv2 weather used for 9 PM to midnight,"Skate route '20:16:58 - SNS' occurred on 2022-10-29. Hourly weather from Unknown hourly station (UNKNOWN) was summarized for 9 PM to midnight local time. Mean temperature was 60.8°F (Mild). No hourly precipitation was recorded in the 9 PM to midnight window. Mean wind was 12.9 mph, max wind 15.0 mph, max gust nan mph (Breezy). Minimum visibility was 2.5 miles (Low visibility). Present weather codes/summary: BR:1 |BR | (3). Sky conditions: BKN:07 200 (2); FEW:02 2 BKN:07 4 OVC:08 6 (1); OVC:08 3 (1); BKN:07 2 OVC:08 3 (1); SCT:04 2 OVC:08 3 (1).",2022-10-29 20:16:58 - SNS,8040185724,2022-10-29T20:16:58-07:00,2022-10-29T22:40:00-07:00,NOAA NCEI legacy route weather pipeline,NOAA NCEI,Unknown hourly station,legacy_fixed_local_window,,,,,
2022-11-04,20:55:10 - FNS,https://handicapskater.com/common/maps/20221104-20_55_10-FNS-8069981814.html,False,False,False,No recorded rain from 9 PM to midnight,No downtown daily rain,0.0,0.0,0,0.0,58.0,56.0,61.0,Mild,50.888888888888886,78.33333333333333,4.888888888888889,10.0,,241.1646932017263,Breezy,10.0,10.0,Good visibility,FEW:02 18 SCT:04 22 BKN:07 180 (2); FEW:02 5 BKN:07 11 (1); FEW:02 5 BKN:07 9 (1); FEW:02 4 OVC:08 9 (1); FEW:02 4 OVC:08 8 (1),,2022-11-04T21:00:00-07:00,2022-11-04T23:59:59-07:00,True,9,UNKNOWN,Unknown hourly station,,,USW00023272,"SAN FRANCISCO DOWNTOWN, CA US",37.7705,-122.4269,Hourly LCDv2 weather used for 9 PM to midnight,"Skate route '20:55:10 - FNS' occurred on 2022-11-04. Hourly weather from Unknown hourly station (UNKNOWN) was summarized for 9 PM to midnight local time. Mean temperature was 58.0°F (Mild). No hourly precipitation was recorded in the 9 PM to midnight window. Mean wind was 4.9 mph, max wind 10.0 mph, max gust nan mph (Breezy). Minimum visibility was 10.0 miles (Good visibility). Sky conditions: FEW:02 18 SCT:04 22 BKN:07 180 (2); FEW:02 5 BKN:07 11 (1); FEW:02 5 BKN:07 9 (1); FEW:02 4 OVC:08 9 (1); FEW:02 4 OVC:08 8 (1).",2022-11-04 20:55:10 - FNS,8069981814,2022-11-04T20:55:10-07:00,2022-11-04T23:40:24-07:00,NOAA NCEI legacy route weather pipeline,NOAA NCEI,Unknown hourly station,legacy_fixed_local_window,,,,,
2022-11-05,20:34:07 - SNS,https://handicapskater.com/common/maps/20221105-20_34_07-SNS-8075193853.html,True,True,False,Light rain from 9 PM to midnight,No downtown daily rain,0.002,0.001,2,0.0,60.45454545454545,57.0,61.0,Mild,55.63636363636363,84.81818181818181,5.090909090909091,8.0,,201.860614457862,Calm / light wind,5.0,9.4,Reduced visibility,FEW:02 4 SCT:04 14 BKN:07 150 (2); FEW:02 8 SCT:04 12 OVC:08 19 (2); FEW:02 4 BKN:07 17 BKN:07 150 (1); FEW:02 5 BKN:07 14 BKN:07 21 (1); FEW:02 6 FEW:02 12 BKN:07 27 (1),-RA:02 |RA |RA (1),2022-11-05T21:00:00-07:00,2022-11-05T23:59:59-07:00,True,11,UNKNOWN,Unknown hourly station,,,USW00023272,"SAN FRANCISCO DOWNTOWN, CA US",37.7705,-122.4269,Hourly LCDv2 weather used for 9 PM to midnight,"Skate route '20:34:07 - SNS' occurred on 2022-11-05. Hourly weather from Unknown hourly station (UNKNOWN) was summarized for 9 PM to midnight local time. Mean temperature was 60.5°F (Mild). Hourly precipitation totaled 0.002 inches with 2 rainy hour(s), categorized as Light rain from 9 PM to midnight. Mean wind was 5.1 mph, max wind 8.0 mph, max gust nan mph (Calm / light wind). Minimum visibility was 5.0 miles (Reduced visibility). Present weather codes/summary: -RA:02 |RA |RA (1). Sky conditions: FEW:02 4 SCT:04 14 BKN:07 150 (2); FEW:02 8 SCT:04 12 OVC:08 19 (2); FEW:02 4 BKN:07 17 BKN:07 150 (1); FEW:02 5 BKN:07 14 BKN:07 21 (1); FEW:02 6 FEW:02 12 BKN:07 27 (1).",2022-11-05 20:34:07 - SNS,8075193853,2022-11-05T20:34:07-07:00,2022-11-05T23:24:46-07:00,NOAA NCEI legacy route weather pipeline,NOAA NCEI,Unknown hourly station,legacy_fixed_local_window,,,,,
2022-11-11,20:52:30 - FNS,https://handicapskater.com/common/maps/20221111-20_52_30-FNS-8104757139.html,False,False,False,No recorded rain from 9 PM to midnight,No downtown daily rain,0.0,0.0,0,0.0,53.714285714285715,50.0,58.0,Cool,43.285714285714285,69.0,6.428571428571429,9.0,,295.0,Calm / light wind,10.0,10.0,Good visibility,CLR:00 (3); BKN:07 250 BKN:07 300 (2); FEW:02 180 SCT:04 220 BKN:07 250 (1),,2022-11-11T21:00:00-08:00,2022-11-11T23:59:59-08:00,True,7,UNKNOWN,Unknown hourly station,,,USW00023272,"SAN FRANCISCO DOWNTOWN, CA US",37.7705,-122.4269,Hourly LCDv2 weather used for 9 PM to midnight,"Skate route '20:52:30 - FNS' occurred on 2022-11-11. Hourly weather from Unknown hourly station (UNKNOWN) was summarized for 9 PM to midnight local time. Mean temperature was 53.7°F (Cool). No hourly precipitation was recorded in the 9 PM to midnight window. Mean wind was 6.4 mph, max wind 9.0 mph, max gust nan mph (Calm / light wind). Minimum visibility was 10.0 miles (Good visibility). Sky conditions: CLR:00 (3); BKN:07 250 BKN:07 300 (2); FEW:02 180 SCT:04 220 BKN:07 250 (1).",2022-11-11 20:52:30 - FNS,8104757139,2022-11-11T20:52:30-08:00,2022-11-11T23:48:22-08:00,NOAA NCEI legacy route weather pipeline,NOAA NCEI,Unknown hourly station,legacy_fixed_local_window,,,,,
2022-11-12,20:39:11 - SNS,https://handicapskater.com/common/maps/20221112-20_39_11-SNS-8109900975.html,True,False,True,No recorded rain from 9 PM to midnight,Light downtown daily rain,0.0,0.0,0,0.03,55.0,52.0,60.0,Mild,45.57142857142857,71.85714285714286,11.428571428571429,17.0,31.0,284.89228844527906,Very windy,10.0,10.0,Good visibility,FEW:02 20 (2); FEW:02 40 BKN:07 70 BKN:07 150 (1); FEW:02 9 FEW:02 14 SCT:04 70 (1); FEW:02 9 FEW:02 32 BKN:07 44 (1); FEW:02 15 FEW:02 30 (1),,2022-11-12T21:00:00-08:00,2022-11-12T23:59:59-08:00,True,7,UNKNOWN,Unknown hourly station,,,USW00023272,"SAN FRANCISCO DOWNTOWN, CA US",37.7705,-122.4269,Hourly LCDv2 weather used for 9 PM to midnight,"Skate route '20:39:11 - SNS' occurred on 2022-11-12. Hourly weather from Unknown hourly station (UNKNOWN) was summarized for 9 PM to midnight local time. Mean temperature was 55.0°F (Mild). No hourly precipitation was recorded in the 9 PM to midnight window. Mean wind was 11.4 mph, max wind 17.0 mph, max gust 31.0 mph (Very windy). Minimum visibility was 10.0 miles (Good visibility). Sky conditions: FEW:02 20 (2); FEW:02 40 BKN:07 70 BKN:07 150 (1); FEW:02 9 FEW:02 14 SCT:04 70 (1); FEW:02 9 FEW:02 32 BKN:07 44 (1); FEW:02 15 FEW:02 30 (1). The local downtown station SAN FRANCISCO DOWNTOWN, CA US (USW00023272) recorded 0.030 inches of daily precipitation, categorized as Light downtown daily rain.",2022-11-12 20:39:11 - SNS,8109900975,2022-11-12T20:39:11-08:00,2022-11-12T23:08:55-08:00,NOAA NCEI legacy route weather pipeline,NOAA NCEI,Unknown hourly station,legacy_fixed_local_window,,,,,
2022-11-18,20:52:54 - FNS,https://handicapskater.com/common/maps/20221118-20_52_54-FNS-8137796095.html,False,False,False,No recorded rain from 9 PM to midnight,No downtown daily rain,0.0,0.0,0,0.0,55.857142857142854,50.0,62.0,Mild,38.714285714285715,53.285714285714285,4.714285714285714,8.0,,248.2889375509244,Calm / light wind,10.0,10.0,Good visibility,CLR:00 (6),,2022-11-18T21:00:00-08:00,2022-11-18T23:59:59-08:00,True,7,UNKNOWN,Unknown hourly station,,,USW00023272,"SAN FRANCISCO DOWNTOWN, CA US",37.7705,-122.4269,Hourly LCDv2 weather used for 9 PM to midnight,"Skate route '20:52:54 - FNS' occurred on 2022-11-18. Hourly weather from Unknown hourly station (UNKNOWN) was summarized for 9 PM to midnight local time. Mean temperature was 55.9°F (Mild). No hourly precipitation was recorded in the 9 PM to midnight window. Mean wind was 4.7 mph, max wind 8.0 mph, max gust nan mph (Calm / light wind). Minimum visibility was 10.0 miles (Good visibility). Sky conditions: CLR:00 (6).",2022-11-18 20:52:54 - FNS,8137796095,2022-11-18T20:52:54-08:00,2022-11-18T23:44:33-08:00,NOAA NCEI legacy route weather pipeline,NOAA NCEI,Unknown hourly station,legacy_fixed_local_window,,,,,
2022-11-19,20:29:04 - SNS,https://handicapskater.com/common/maps/20221119-20_29_04-SNS-8142527026.html,False,False,False,No recorded rain from 9 PM to midnight,No downtown daily rain,0.0,0.0,0,0.0,54.142857142857146,49.0,60.0,Cool,36.57142857142857,53.714285714285715,3.2857142857142856,7.0,,212.1466925396211,Calm / light wind,10.0,10.0,Good visibility,CLR:00 (3); FEW:02 200 (3),,2022-11-19T21:00:00-08:00,2022-11-19T23:59:59-08:00,True,7,UNKNOWN,Unknown hourly station,,,USW00023272,"SAN FRANCISCO DOWNTOWN, CA US",37.7705,-122.4269,Hourly LCDv2 weather used for 9 PM to midnight,"Skate route '20:29:04 - SNS' occurred on 2022-11-19. Hourly weather from Unknown hourly station (UNKNOWN) was summarized for 9 PM to midnight local time. Mean temperature was 54.1°F (Cool). No hourly precipitation was recorded in the 9 PM to midnight window. Mean wind was 3.3 mph, max wind 7.0 mph, max gust nan mph (Calm / light wind). Minimum visibility was 10.0 miles (Good visibility). Sky conditions: CLR:00 (3); FEW:02 200 (3).",2022-11-19 20:29:04 - SNS,8142527026,2022-11-19T20:29:04-08:00,2022-11-19T22:58:15-08:00,NOAA NCEI legacy route weather pipeline,NOAA NCEI,Unknown hourly station,legacy_fixed_local_window,,,,,
2022-11-25,20:50:10 - FNS,https://handicapskater.com/common/maps/20221125-20_50_10-FNS-8169200189.html,False,False,False,No recorded rain from 9 PM to midnight,No downtown daily rain,0.0,0.0,0,0.0,58.142857142857146,49.0,69.0,Mild,36.285714285714285,45.42857142857143,2.4285714285714284,7.0,,333.3295630553023,Calm / light wind,10.0,10.0,Good visibility,CLR:00 (2); SCT:04 200 (1); SCT:04 160 BKN:07 250 (1); SCT:04 180 BKN:07 250 BKN:07 300 (1); FEW:02 180 SCT:04 250 SCT:04 300 (1),,2022-11-25T21:00:00-08:00,2022-11-25T23:59:59-08:00,True,7,UNKNOWN,Unknown hourly station,,,USW00023272,"SAN FRANCISCO DOWNTOWN, CA US",37.7705,-122.4269,Hourly LCDv2 weather used for 9 PM to midnight,"Skate route '20:50:10 - FNS' occurred on 2022-11-25. Hourly weather from Unknown hourly station (UNKNOWN) was summarized for 9 PM to midnight local time. Mean temperature was 58.1°F (Mild). No hourly precipitation was recorded in the 9 PM to midnight window. Mean wind was 2.4 mph, max wind 7.0 mph, max gust nan mph (Calm / light wind). Minimum visibility was 10.0 miles (Good visibility). Sky conditions: CLR:00 (2); SCT:04 200 (1); SCT:04 160 BKN:07 250 (1); SCT:04 180 BKN:07 250 BKN:07 300 (1); FEW:02 180 SCT:04 250 SCT:04 300 (1).",2022-11-25 20:50:10 - FNS,8169200189,2022-11-25T20:50:10-08:00,2022-11-25T23:38:41-08:00,NOAA NCEI legacy route weather pipeline,NOAA NCEI,Unknown hourly station,legacy_fixed_local_window,,,,,
2022-11-26,20:36:01 - SNS,https://handicapskater.com/common/maps/20221126-20_36_01-SNS-8173929733.html,False,False,False,No recorded rain from 9 PM to midnight,No downtown daily rain,0.0,0.0,0,0.0,55.714285714285715,50.0,62.0,Mild,43.285714285714285,63.714285714285715,4.0,9.0,,261.1656111869436,Calm / light wind,10.0,10.0,Good visibility,CLR:00 (6),,2022-11-26T21:00:00-08:00,2022-11-26T23:59:59-08:00,True,7,UNKNOWN,Unknown hourly station,,,USW00023272,"SAN FRANCISCO DOWNTOWN, CA US",37.7705,-122.4269,Hourly LCDv2 weather used for 9 PM to midnight,"Skate route '20:36:01 - SNS' occurred on 2022-11-26. Hourly weather from Unknown hourly station (UNKNOWN) was summarized for 9 PM to midnight local time. Mean temperature was 55.7°F (Mild). No hourly precipitation was recorded in the 9 PM to midnight window. Mean wind was 4.0 mph, max wind 9.0 mph, max gust nan mph (Calm / light wind). Minimum visibility was 10.0 miles (Good visibility). Sky conditions: CLR:00 (6).",2022-11-26 20:36:01 - SNS,8173929733,2022-11-26T20:36:01-08:00,2022-11-26T23:17:03-08:00,NOAA NCEI legacy route weather pipeline,NOAA NCEI,Unknown hourly station,legacy_fixed_local_window,,,,,
2022-12-02,20:50:20 - FNS,https://handicapskater.com/common/maps/20221202-20_50_20-FNS-8200256874.html,False,False,False,No recorded rain from 9 PM to midnight,No downtown daily rain,0.0,0.0,0,0.0,48.142857142857146,46.0,52.0,Cool,39.0,71.14285714285714,2.7142857142857144,7.0,,230.0,Calm / light wind,10.0,10.0,Good visibility,SCT:04 48 BKN:07 100 BKN:07 180 (1); SCT:04 50 BKN:07 100 BKN:07 180 (1); SCT:04 48 (1); FEW:02 200 (1); FEW:02 10 SCT:04 180 (1),,2022-12-02T21:00:00-08:00,2022-12-02T23:59:59-08:00,True,7,UNKNOWN,Unknown hourly station,,,USW00023272,"SAN FRANCISCO DOWNTOWN, CA US",37.7705,-122.4269,Hourly LCDv2 weather used for 9 PM to midnight,"Skate route '20:50:20 - FNS' occurred on 2022-12-02. Hourly weather from Unknown hourly station (UNKNOWN) was summarized for 9 PM to midnight local time. Mean temperature was 48.1°F (Cool). No hourly precipitation was recorded in the 9 PM to midnight window. Mean wind was 2.7 mph, max wind 7.0 mph, max gust nan mph (Calm / light wind). Minimum visibility was 10.0 miles (Good visibility). Sky conditions: SCT:04 48 BKN:07 100 BKN:07 180 (1); SCT:04 50 BKN:07 100 BKN:07 180 (1); SCT:04 48 (1); FEW:02 200 (1); FEW:02 10 SCT:04 180 (1).",2022-12-02 20:50:20 - FNS,8200256874,2022-12-02T20:50:20-08:00,2022-12-02T23:47:12-08:00,NOAA NCEI legacy route weather pipeline,NOAA NCEI,Unknown hourly station,legacy_fixed_local_window,,,,,
2022-12-03,21:19:00 - SNS,https://handicapskater.com/common/maps/20221203-21_19_00-SNS-8204603831.html,True,True,True,Heavy rain from 9 PM to midnight,Moderate downtown daily rain,0.273,0.13,6,0.32,49.0,47.0,50.0,Cool,47.166666666666664,93.83333333333333,1.3333333333333333,5.0,,342.6714431845865,Calm / light wind,1.25,5.5,Low visibility,FEW:02 3 FEW:02 16 BKN:07 80 (2); SCT:04 5 OVC:08 16 (2); BKN:07 3 OVC:08 14 (2); SCT:04 7 BKN:07 16 BKN:07 80 (1); FEW:02 6 SCT:04 80 (1),-RA:02 BR:1 |RA BR |RA (5); -RA:02 |RA |RA (1); RA:02 BR:1 |RA BR |RA (1),2022-12-03T21:00:00-08:00,2022-12-03T23:59:59-08:00,True,12,UNKNOWN,Unknown hourly station,,,USW00023272,"SAN FRANCISCO DOWNTOWN, CA US",37.7705,-122.4269,Hourly LCDv2 weather used for 9 PM to midnight,"Skate route '21:19:00 - SNS' occurred on 2022-12-03. Hourly weather from Unknown hourly station (UNKNOWN) was summarized for 9 PM to midnight local time. Mean temperature was 49.0°F (Cool). Hourly precipitation totaled 0.273 inches with 6 rainy hour(s), categorized as Heavy rain from 9 PM to midnight. Mean wind was 1.3 mph, max wind 5.0 mph, max gust nan mph (Calm / light wind). Minimum visibility was 1.2 miles (Low visibility). Present weather codes/summary: -RA:02 BR:1 |RA BR |RA (5); -RA:02 |RA |RA (1); RA:02 BR:1 |RA BR |RA (1). Sky conditions: FEW:02 3 FEW:02 16 BKN:07 80 (2); SCT:04 5 OVC:08 16 (2); BKN:07 3 OVC:08 14 (2); SCT:04 7 BKN:07 16 BKN:07 80 (1); FEW:02 6 SCT:04 80 (1). The local downtown station SAN FRANCISCO DOWNTOWN, CA US (USW00023272) recorded 0.320 inches of daily precipitation, categorized as Moderate downtown daily rain.",2022-12-03 21:19:00 - SNS,8204603831,2022-12-03T21:19:00-08:00,2022-12-03T23:31:36-08:00,NOAA NCEI legacy route weather pipeline,NOAA NCEI,Unknown hourly station,legacy_fixed_local_window,,,,,
2022-12-09,20:53:16 - FNS,https://handicapskater.com/common/maps/20221209-20_53_16-FNS-8230028077.html,False,False,False,No recorded rain from 9 PM to midnight,No downtown daily rain,0.0,0.0,0,0.0,52.625,52.0,54.0,Cool,42.125,68.75,6.0,15.0,,158.0801592085687,Breezy,10.0,10.0,Good visibility,FEW:02 18 BKN:07 140 BKN:07 180 (2); BKN:07 22 BKN:07 44 OVC:08 100 (1); SCT:04 22 BKN:07 43 OVC:08 95 (1); FEW:02 23 BKN:07 43 OVC:08 100 (1); BKN:07 40 OVC:08 100 (1),,2022-12-09T21:00:00-08:00,2022-12-09T23:59:59-08:00,True,8,UNKNOWN,Unknown hourly station,,,USW00023272,"SAN FRANCISCO DOWNTOWN, CA US",37.7705,-122.4269,Hourly LCDv2 weather used for 9 PM to midnight,"Skate route '20:53:16 - FNS' occurred on 2022-12-09. Hourly weather from Unknown hourly station (UNKNOWN) was summarized for 9 PM to midnight local time. Mean temperature was 52.6°F (Cool). No hourly precipitation was recorded in the 9 PM to midnight window. Mean wind was 6.0 mph, max wind 15.0 mph, max gust nan mph (Breezy). Minimum visibility was 10.0 miles (Good visibility). Sky conditions: FEW:02 18 BKN:07 140 BKN:07 180 (2); BKN:07 22 BKN:07 44 OVC:08 100 (1); SCT:04 22 BKN:07 43 OVC:08 95 (1); FEW:02 23 BKN:07 43 OVC:08 100 (1); BKN:07 40 OVC:08 100 (1).",2022-12-09 20:53:16 - FNS,8230028077,2022-12-09T20:53:16-08:00,2022-12-09T23:51:29-08:00,NOAA NCEI legacy route weather pipeline,NOAA NCEI,Unknown hourly station,legacy_fixed_local_window,,,,,
2022-12-10,21:05:00 - WHOOP SNS → 18.0 Day Strain,https://handicapskater.com/common/maps/20221210-21_05_00-WHOOP SNS → 18.0 Day Strain-8237411917.html,False,True,,Precipitation observed at activity weather observation,Daily precipitation unavailable,,,,,51.98,51.98,51.98,Activity-time point observation,47.48,85,8.2766642806,8.2766642806,14.7637795276,239,Activity-time point observation,6.19693490018,6.19693490018,Activity-time point observation,Cloud cover fraction 0.93,Strava weather condition code 5.0,2022-12-10T21:05:00-08:00,2022-12-10T23:33:00-08:00,True,1,,Unavailable in Strava export,,,,,,,Strava activity-time point weather observation,Activity-time Strava weather observation for 2022-12-10 21:05:00 - WHOOP SNS → 18.0 Day Strain: Strava weather condition code 5.0; temperature 51.98 F; wind 8.2766642806 mph; precipitation intensity 0.0826771653543 inches/hour. The upstream provider and station were not supplied by the export.,2022-12-10 21:05:00 - WHOOP SNS → 18.0 Day Strain,8237411917,2022-12-10T21:05:00-08:00,2022-12-10T23:33:00-08:00,Strava export activity weather fields,Unavailable in Strava export,Unavailable in Strava export,activity_time_point_observation,,2022-12-10T21:00:48-08:00,5.0,5.0,0.0826771653543
2022-12-10,21:08:51 - SNS,https://handicapskater.com/common/maps/20221210-21_08_51-SNS-8236409043.html,True,True,True,Very heavy rain from 9 PM to midnight,Moderate downtown daily rain,1.1439999999999997,0.22,14,0.7,53.53846153846154,48.0,56.0,Cool,49.76923076923077,87.15384615384616,13.461538461538462,21.0,31.0,230.75167060020587,Very windy,1.75,5.1875,Low visibility,BKN:07 12 BKN:07 17 OVC:08 25 (2); FEW:02 8 BKN:07 55 OVC:08 90 (1); SCT:04 55 BKN:07 110 (1); OVC:08 40 (1); OVC:08 37 (1),-RA:02 BR:1 |RA BR |RA (4); -RA:02 |RA |RA (3); RA:02 |RA |RA (2); ||RA (1); RA:02 BR:1 |RA BR |RA (1),2022-12-10T21:00:00-08:00,2022-12-10T23:59:59-08:00,True,15,UNKNOWN,Unknown hourly station,,,USW00023272,"SAN FRANCISCO DOWNTOWN, CA US",37.7705,-122.4269,Hourly LCDv2 weather used for 9 PM to midnight,"Skate route '21:08:51 - SNS' occurred on 2022-12-10. Hourly weather from Unknown hourly station (UNKNOWN) was summarized for 9 PM to midnight local time. Mean temperature was 53.5°F (Cool). Hourly precipitation totaled 1.144 inches with 14 rainy hour(s), categorized as Very heavy rain from 9 PM to midnight. Mean wind was 13.5 mph, max wind 21.0 mph, max gust 31.0 mph (Very windy). Minimum visibility was 1.8 miles (Low visibility). Present weather codes/summary: -RA:02 BR:1 |RA BR |RA (4); -RA:02 |RA |RA (3); RA:02 |RA |RA (2); ||RA (1); RA:02 BR:1 |RA BR |RA (1). Sky conditions: BKN:07 12 BKN:07 17 OVC:08 25 (2); FEW:02 8 BKN:07 55 OVC:08 90 (1); SCT:04 55 BKN:07 110 (1); OVC:08 40 (1); OVC:08 37 (1). The local downtown station SAN FRANCISCO DOWNTOWN, CA US (USW00023272) recorded 0.700 inches of daily precipitation, categorized as Moderate downtown daily rain.",2022-12-10 21:08:51 - SNS,8236409043,2022-12-10T21:08:51-08:00,2022-12-10T23:36:43-08:00,NOAA NCEI legacy route weather pipeline,NOAA NCEI,Unknown hourly station,legacy_fixed_local_window,,,,,
2022-12-16,20:51:10 - FNS,https://handicapskater.com/common/maps/20221216-20_51_10-FNS-8257407123.html,False,False,False,No recorded rain from 9 PM to midnight,No downtown daily rain,0.0,0.0,0,0.0,49.42857142857143,45.0,56.0,Cool,41.57142857142857,75.42857142857143,5.285714285714286,10.0,,184.16442881298994,Breezy,10.0,10.0,Good visibility,CLR:00 (3); FEW:02 180 FEW:02 220 (2); FEW:02 200 (1),,2022-12-16T21:00:00-08:00,2022-12-16T23:59:59-08:00,True,7,UNKNOWN,Unknown hourly station,,,USW00023272,"SAN FRANCISCO DOWNTOWN, CA US",37.7705,-122.4269,Hourly LCDv2 weather used for 9 PM to midnight,"Skate route '20:51:10 - FNS' occurred on 2022-12-16. Hourly weather from Unknown hourly station (UNKNOWN) was summarized for 9 PM to midnight local time. Mean temperature was 49.4°F (Cool). No hourly precipitation was recorded in the 9 PM to midnight window. Mean wind was 5.3 mph, max wind 10.0 mph, max gust nan mph (Breezy). Minimum visibility was 10.0 miles (Good visibility). Sky conditions: CLR:00 (3); FEW:02 180 FEW:02 220 (2); FEW:02 200 (1).",2022-12-16 20:51:10 - FNS,8257407123,2022-12-16T20:51:10-08:00,2022-12-16T23:48:21-08:00,NOAA NCEI legacy route weather pipeline,NOAA NCEI,Unknown hourly station,legacy_fixed_local_window,,,,,
2022-12-17,20:37:57 - SNS,https://handicapskater.com/common/maps/20221217-20_37_57-SNS-8261445452.html,False,False,False,No recorded rain from 9 PM to midnight,No downtown daily rain,0.0,0.0,0,0.0,48.57142857142857,45.0,54.0,Cool,39.714285714285715,72.57142857142857,4.428571428571429,7.0,,226.304916544084,Calm / light wind,10.0,10.0,Good visibility,CLR:00 (4); FEW:02 180 (2),,2022-12-17T21:00:00-08:00,2022-12-17T23:59:59-08:00,True,7,UNKNOWN,Unknown hourly station,,,USW00023272,"SAN FRANCISCO DOWNTOWN, CA US",37.7705,-122.4269,Hourly LCDv2 weather used for 9 PM to midnight,"Skate route '20:37:57 - SNS' occurred on 2022-12-17. Hourly weather from Unknown hourly station (UNKNOWN) was summarized for 9 PM to midnight local time. Mean temperature was 48.6°F (Cool). No hourly precipitation was recorded in the 9 PM to midnight window. Mean wind was 4.4 mph, max wind 7.0 mph, max gust nan mph (Calm / light wind). Minimum visibility was 10.0 miles (Good visibility). Sky conditions: CLR:00 (4); FEW:02 180 (2).",2022-12-17 20:37:57 - SNS,8261445452,2022-12-17T20:37:57-08:00,2022-12-17T22:59:12-08:00,NOAA NCEI legacy route weather pipeline,NOAA NCEI,Unknown hourly station,legacy_fixed_local_window,,,,,
2022-12-23,20:53:23 - FNS,https://handicapskater.com/common/maps/20221223-20_53_23-FNS-8284455882.html,True,False,False,No recorded rain from 9 PM to midnight,No downtown daily rain,0.0,0.0,0,0.0,52.857142857142854,50.0,57.0,Cool,46.0,78.14285714285714,5.285714285714286,9.0,,5.436105049353076,Calm / light wind,5.0,7.0,Reduced visibility,CLR:00 (3); SCT:04 70 BKN:07 180 (1); FEW:02 150 SCT:04 200 (1); SCT:04 180 (1),HZ:7 |FU |HZ (3),2022-12-23T21:00:00-08:00,2022-12-23T23:59:59-08:00,True,7,UNKNOWN,Unknown hourly station,,,USW00023272,"SAN FRANCISCO DOWNTOWN, CA US",37.7705,-122.4269,Hourly LCDv2 weather used for 9 PM to midnight,"Skate route '20:53:23 - FNS' occurred on 2022-12-23. Hourly weather from Unknown hourly station (UNKNOWN) was summarized for 9 PM to midnight local time. Mean temperature was 52.9°F (Cool). No hourly precipitation was recorded in the 9 PM to midnight window. Mean wind was 5.3 mph, max wind 9.0 mph, max gust nan mph (Calm / light wind). Minimum visibility was 5.0 miles (Reduced visibility). Present weather codes/summary: HZ:7 |FU |HZ (3). Sky conditions: CLR:00 (3); SCT:04 70 BKN:07 180 (1); FEW:02 150 SCT:04 200 (1); SCT:04 180 (1).",2022-12-23 20:53:23 - FNS,8284455882,2022-12-23T20:53:23-08:00,2022-12-23T23:46:00-08:00,NOAA NCEI legacy route weather pipeline,NOAA NCEI,Unknown hourly station,legacy_fixed_local_window,,,,,
2022-12-24,20:44:35 - SNS,https://handicapskater.com/common/maps/20221224-20_44_35-SNS-8288392115.html,False,False,False,No recorded rain from 9 PM to midnight,No downtown daily rain,0.0,0.0,0,0.0,53.857142857142854,51.0,57.0,Cool,47.857142857142854,81.0,5.142857142857143,7.0,,280.67377374989314,Calm / light wind,8.0,9.166666666666666,Good visibility,FEW:02 200 (3); SCT:04 200 (1); FEW:02 80 SCT:04 200 (1); SCT:04 120 BKN:07 200 (1),,2022-12-24T21:00:00-08:00,2022-12-24T23:59:59-08:00,True,7,UNKNOWN,Unknown hourly station,,,USW00023272,"SAN FRANCISCO DOWNTOWN, CA US",37.7705,-122.4269,Hourly LCDv2 weather used for 9 PM to midnight,"Skate route '20:44:35 - SNS' occurred on 2022-12-24. Hourly weather from Unknown hourly station (UNKNOWN) was summarized for 9 PM to midnight local time. Mean temperature was 53.9°F (Cool). No hourly precipitation was recorded in the 9 PM to midnight window. Mean wind was 5.1 mph, max wind 7.0 mph, max gust nan mph (Calm / light wind). Minimum visibility was 8.0 miles (Good visibility). Sky conditions: FEW:02 200 (3); SCT:04 200 (1); FEW:02 80 SCT:04 200 (1); SCT:04 120 BKN:07 200 (1).",2022-12-24 20:44:35 - SNS,8288392115,2022-12-24T20:44:35-08:00,2022-12-24T23:03:53-08:00,NOAA NCEI legacy route weather pipeline,NOAA NCEI,Unknown hourly station,legacy_fixed_local_window,,,,,
2022-12-30,20:29:48 - FNS,https://handicapskater.com/common/maps/20221230-20_29_48-FNS-8314342274.html,True,True,True,Very heavy rain from 9 PM to midnight,Heavy downtown daily rain,0.5730000000000001,0.14,10,0.81,59.4,58.0,60.0,Mild,57.4,93.0,16.6,21.0,33.0,227.05739038160073,Very windy,2.5,6.166666666666667,Low visibility,FEW:02 8 BKN:07 16 OVC:08 37 (1); BKN:07 11 BKN:07 16 OVC:08 24 (1); BKN:07 9 OVC:08 16 (1); SCT:04 9 BKN:07 16 OVC:08 22 (1); SCT:04 8 OVC:08 17 (1),-RA:02 BR:1 |RA BR |RA (4); ||RA (1); RA:02 BR:1 |RA BR |RA (1),2022-12-30T21:00:00-08:00,2022-12-30T23:59:59-08:00,True,13,UNKNOWN,Unknown hourly station,,,USW00023272,"SAN FRANCISCO DOWNTOWN, CA US",37.7705,-122.4269,Hourly LCDv2 weather used for 9 PM to midnight,"Skate route '20:29:48 - FNS' occurred on 2022-12-30. Hourly weather from Unknown hourly station (UNKNOWN) was summarized for 9 PM to midnight local time. Mean temperature was 59.4°F (Mild). Hourly precipitation totaled 0.573 inches with 10 rainy hour(s), categorized as Very heavy rain from 9 PM to midnight. Mean wind was 16.6 mph, max wind 21.0 mph, max gust 33.0 mph (Very windy). Minimum visibility was 2.5 miles (Low visibility). Present weather codes/summary: -RA:02 BR:1 |RA BR |RA (4); ||RA (1); RA:02 BR:1 |RA BR |RA (1). Sky conditions: FEW:02 8 BKN:07 16 OVC:08 37 (1); BKN:07 11 BKN:07 16 OVC:08 24 (1); BKN:07 9 OVC:08 16 (1); SCT:04 9 BKN:07 16 OVC:08 22 (1); SCT:04 8 OVC:08 17 (1). The local downtown station SAN FRANCISCO DOWNTOWN, CA US (USW00023272) recorded 0.810 inches of daily precipitation, categorized as Heavy downtown daily rain.",2022-12-30 20:29:48 - FNS,8314342274,2022-12-30T20:29:48-08:00,2022-12-30T22:57:03-08:00,NOAA NCEI legacy route weather pipeline,NOAA NCEI,Unknown hourly station,legacy_fixed_local_window,,,,,
2022-12-31,20:53:01 - SNS,https://handicapskater.com/common/maps/20221231-20_53_01-SNS-8321675160.html,True,True,True,Very heavy rain from 9 PM to midnight,Very heavy / storm day downtown daily rain,1.01,0.37,6,5.46,52.45454545454545,51.0,54.0,Cool,48.81818181818182,87.81818181818181,15.083333333333334,23.0,36.0,331.3847945486591,Very windy,0.25,3.659090909090909,Very low visibility,FEW:02 10 BKN:07 24 OVC:08 33 (2); FEW:02 60 (1); BKN:07 65 (1); BKN:07 80 (1); FEW:02 15 BKN:07 22 OVC:08 30 (1),|RA FG | (3); -RA:02 BR:1 |RA BR |RA (3); |RA BR | (1),2022-12-31T21:00:00-08:00,2022-12-31T23:59:59-08:00,True,15,UNKNOWN,Unknown hourly station,,,USW00023272,"SAN FRANCISCO DOWNTOWN, CA US",37.7705,-122.4269,Hourly LCDv2 weather used for 9 PM to midnight,"Skate route '20:53:01 - SNS' occurred on 2022-12-31. Hourly weather from Unknown hourly station (UNKNOWN) was summarized for 9 PM to midnight local time. Mean temperature was 52.5°F (Cool). Hourly precipitation totaled 1.010 inches with 6 rainy hour(s), categorized as Very heavy rain from 9 PM to midnight. Mean wind was 15.1 mph, max wind 23.0 mph, max gust 36.0 mph (Very windy). Minimum visibility was 0.2 miles (Very low visibility). Present weather codes/summary: |RA FG | (3); -RA:02 BR:1 |RA BR |RA (3); |RA BR | (1). Sky conditions: FEW:02 10 BKN:07 24 OVC:08 33 (2); FEW:02 60 (1); BKN:07 65 (1); BKN:07 80 (1); FEW:02 15 BKN:07 22 OVC:08 30 (1). The local downtown station SAN FRANCISCO DOWNTOWN, CA US (USW00023272) recorded 5.460 inches of daily precipitation, categorized as Very heavy / storm day downtown daily rain.",2022-12-31 20:53:01 - SNS,8321675160,2022-12-31T20:53:01-08:00,2023-01-01T00:34:00-08:00,NOAA NCEI legacy route weather pipeline,NOAA NCEI,Unknown hourly station,legacy_fixed_local_window,,,,,
2023-01-06,20:55:46 - FNS,https://handicapskater.com/common/maps/20230106-20_55_46-FNS-8350617903.html,False,False,False,No recorded rain from 9 PM to midnight,No downtown daily rain,0.0,0.0,0,0.0,57.142857142857146,55.0,60.0,Mild,46.42857142857143,68.0,7.714285714285714,13.0,,134.14929121956646,Breezy,10.0,10.0,Good visibility,OVC:08 180 (2); SCT:04 120 OVC:08 180 (1); FEW:02 35 BKN:07 55 (1); FEW:02 18 SCT:04 30 SCT:04 60 (1); FEW:02 12 SCT:04 34 BKN:07 80 (1),,2023-01-06T21:00:00-08:00,2023-01-06T23:59:59-08:00,True,7,UNKNOWN,Unknown hourly station,,,USW00023272,"SAN FRANCISCO DOWNTOWN, CA US",37.7705,-122.4269,Hourly LCDv2 weather used for 9 PM to midnight,"Skate route '20:55:46 - FNS' occurred on 2023-01-06. Hourly weather from Unknown hourly station (UNKNOWN) was summarized for 9 PM to midnight local time. Mean temperature was 57.1°F (Mild). No hourly precipitation was recorded in the 9 PM to midnight window. Mean wind was 7.7 mph, max wind 13.0 mph, max gust nan mph (Breezy). Minimum visibility was 10.0 miles (Good visibility). Sky conditions: OVC:08 180 (2); SCT:04 120 OVC:08 180 (1); FEW:02 35 BKN:07 55 (1); FEW:02 18 SCT:04 30 SCT:04 60 (1); FEW:02 12 SCT:04 34 BKN:07 80 (1).",2023-01-06 20:55:46 - FNS,8350617903,2023-01-06T20:55:46-08:00,2023-01-06T23:55:53-08:00,NOAA NCEI legacy route weather pipeline,NOAA NCEI,Unknown hourly station,legacy_fixed_local_window,,,,,
2023-01-07,20:37:46 - SNS,https://handicapskater.com/common/maps/20230107-20_37_46-SNS-8356216377.html,True,True,True,Moderate rain from 9 PM to midnight,Light downtown daily rain,0.10200000000000001,0.05,5,0.2,56.42857142857143,55.0,58.0,Mild,46.714285714285715,70.85714285714286,24.857142857142858,31.0,41.0,148.46124761219897,Very windy,4.0,9.0,Reduced visibility,BKN:07 27 BKN:07 32 (1); SCT:04 28 BKN:07 50 BKN:07 70 (1); SCT:04 25 BKN:07 30 OVC:08 37 (1); OVC:08 100 (1); SCT:04 21 OVC:08 95 (1),RA:02 |RA |RA (1); -RA:02 |RA |RA (1),2023-01-07T21:00:00-08:00,2023-01-07T23:59:59-08:00,True,9,UNKNOWN,Unknown hourly station,,,USW00023272,"SAN FRANCISCO DOWNTOWN, CA US",37.7705,-122.4269,Hourly LCDv2 weather used for 9 PM to midnight,"Skate route '20:37:46 - SNS' occurred on 2023-01-07. Hourly weather from Unknown hourly station (UNKNOWN) was summarized for 9 PM to midnight local time. Mean temperature was 56.4°F (Mild). Hourly precipitation totaled 0.102 inches with 5 rainy hour(s), categorized as Moderate rain from 9 PM to midnight. Mean wind was 24.9 mph, max wind 31.0 mph, max gust 41.0 mph (Very windy). Minimum visibility was 4.0 miles (Reduced visibility). Present weather codes/summary: RA:02 |RA |RA (1); -RA:02 |RA |RA (1). Sky conditions: BKN:07 27 BKN:07 32 (1); SCT:04 28 BKN:07 50 BKN:07 70 (1); SCT:04 25 BKN:07 30 OVC:08 37 (1); OVC:08 100 (1); SCT:04 21 OVC:08 95 (1). The local downtown station SAN FRANCISCO DOWNTOWN, CA US (USW00023272) recorded 0.200 inches of daily precipitation, categorized as Light downtown daily rain.",2023-01-07 20:37:46 - SNS,8356216377,2023-01-07T20:37:46-08:00,2023-01-07T23:10:38-08:00,NOAA NCEI legacy route weather pipeline,NOAA NCEI,Unknown hourly station,legacy_fixed_local_window,,,,,
2023-01-13,20:40:16 - FNS,https://handicapskater.com/common/maps/20230113-20_40_16-FNS-8388282403.html,True,True,True,Light rain from 9 PM to midnight,Moderate downtown daily rain,0.004,0.001,4,0.42,56.36363636363637,55.0,57.0,Mild,52.54545454545455,87.18181818181819,8.636363636363637,16.0,,144.07916447000497,Breezy,4.0,8.2,Reduced visibility,SCT:04 8 BKN:07 24 OVC:08 60 (2); SCT:04 18 SCT:04 30 BKN:07 60 (2); FEW:02 15 BKN:07 25 OVC:08 30 (1); FEW:02 26 SCT:04 120 OVC:08 180 (1); FEW:02 26 SCT:04 110 BKN:07 180 (1),BR:1 |BR | (4),2023-01-13T21:00:00-08:00,2023-01-13T23:59:59-08:00,True,11,UNKNOWN,Unknown hourly station,,,USW00023272,"SAN FRANCISCO DOWNTOWN, CA US",37.7705,-122.4269,Hourly LCDv2 weather used for 9 PM to midnight,"Skate route '20:40:16 - FNS' occurred on 2023-01-13. Hourly weather from Unknown hourly station (UNKNOWN) was summarized for 9 PM to midnight local time. Mean temperature was 56.4°F (Mild). Hourly precipitation totaled 0.004 inches with 4 rainy hour(s), categorized as Light rain from 9 PM to midnight. Mean wind was 8.6 mph, max wind 16.0 mph, max gust nan mph (Breezy). Minimum visibility was 4.0 miles (Reduced visibility). Present weather codes/summary: BR:1 |BR | (4). Sky conditions: SCT:04 8 BKN:07 24 OVC:08 60 (2); SCT:04 18 SCT:04 30 BKN:07 60 (2); FEW:02 15 BKN:07 25 OVC:08 30 (1); FEW:02 26 SCT:04 120 OVC:08 180 (1); FEW:02 26 SCT:04 110 BKN:07 180 (1). The local downtown station SAN FRANCISCO DOWNTOWN, CA US (USW00023272) recorded 0.420 inches of daily precipitation, categorized as Moderate downtown daily rain.",2023-01-13 20:40:16 - FNS,8388282403,2023-01-13T20:40:16-08:00,2023-01-13T23:03:17-08:00,NOAA NCEI legacy route weather pipeline,NOAA NCEI,Unknown hourly station,legacy_fixed_local_window,,,,,
2023-01-14,21:01:28 - SNS,https://handicapskater.com/common/maps/20230114-21_01_28-SNS-8393859270.html,True,True,True,Light rain from 9 PM to midnight,Heavy downtown daily rain,0.023,0.02,4,1.09,56.0,54.0,57.0,Mild,49.3,78.5,15.0,20.0,30.0,250.95311967997105,Very windy,4.0,7.555555555555555,Reduced visibility,SCT:04 23 SCT:04 30 BKN:07 55 (1); SCT:04 24 SCT:04 34 BKN:07 45 (1); SCT:04 25 SCT:04 44 BKN:07 55 (1); FEW:02 25 BKN:07 35 BKN:07 45 (1); FEW:02 23 BKN:07 28 OVC:08 43 (1),BR:1 |BR | (3),2023-01-14T21:00:00-08:00,2023-01-14T23:59:59-08:00,True,11,UNKNOWN,Unknown hourly station,,,USW00023272,"SAN FRANCISCO DOWNTOWN, CA US",37.7705,-122.4269,Hourly LCDv2 weather used for 9 PM to midnight,"Skate route '21:01:28 - SNS' occurred on 2023-01-14. Hourly weather from Unknown hourly station (UNKNOWN) was summarized for 9 PM to midnight local time. Mean temperature was 56.0°F (Mild). Hourly precipitation totaled 0.023 inches with 4 rainy hour(s), categorized as Light rain from 9 PM to midnight. Mean wind was 15.0 mph, max wind 20.0 mph, max gust 30.0 mph (Very windy). Minimum visibility was 4.0 miles (Reduced visibility). Present weather codes/summary: BR:1 |BR | (3). Sky conditions: SCT:04 23 SCT:04 30 BKN:07 55 (1); SCT:04 24 SCT:04 34 BKN:07 45 (1); SCT:04 25 SCT:04 44 BKN:07 55 (1); FEW:02 25 BKN:07 35 BKN:07 45 (1); FEW:02 23 BKN:07 28 OVC:08 43 (1). The local downtown station SAN FRANCISCO DOWNTOWN, CA US (USW00023272) recorded 1.090 inches of daily precipitation, categorized as Heavy downtown daily rain.",2023-01-14 21:01:28 - SNS,8393859270,2023-01-14T21:01:28-08:00,2023-01-14T23:35:38-08:00,NOAA NCEI legacy route weather pipeline,NOAA NCEI,Unknown hourly station,legacy_fixed_local_window,,,,,
2023-01-20,20:52:41 - FNS,https://handicapskater.com/common/maps/20230120-20_52_41-FNS-8425777498.html,False,False,False,No recorded rain from 9 PM to midnight,No downtown daily rain,0.0,0.0,0,0.0,50.0,46.0,55.0,Cool,32.142857142857146,52.0,7.428571428571429,15.0,,101.32792047702418,Breezy,10.0,10.0,Good visibility,CLR:00 (6),,2023-01-20T21:00:00-08:00,2023-01-20T23:59:59-08:00,True,7,UNKNOWN,Unknown hourly station,,,USW00023272,"SAN FRANCISCO DOWNTOWN, CA US",37.7705,-122.4269,Hourly LCDv2 weather used for 9 PM to midnight,"Skate route '20:52:41 - FNS' occurred on 2023-01-20. Hourly weather from Unknown hourly station (UNKNOWN) was summarized for 9 PM to midnight local time. Mean temperature was 50.0°F (Cool). No hourly precipitation was recorded in the 9 PM to midnight window. Mean wind was 7.4 mph, max wind 15.0 mph, max gust nan mph (Breezy). Minimum visibility was 10.0 miles (Good visibility). Sky conditions: CLR:00 (6).",2023-01-20 20:52:41 - FNS,8425777498,2023-01-20T20:52:41-08:00,2023-01-20T23:51:32-08:00,NOAA NCEI legacy route weather pipeline,NOAA NCEI,Unknown hourly station,legacy_fixed_local_window,,,,,
2023-01-21,20:59:29 - SNS,https://handicapskater.com/common/maps/20230121-20_59_29-SNS-8431348873.html,False,False,False,No recorded rain from 9 PM to midnight,No downtown daily rain,0.0,0.0,0,0.0,53.0,51.0,56.0,Cool,42.0,68.14285714285714,7.714285714285714,9.0,,278.86596249999724,Calm / light wind,10.0,10.0,Good visibility,BKN:07 180 (1); BKN:07 200 (1); FEW:02 18 BKN:07 200 (1); SCT:04 200 (1); FEW:02 75 SCT:04 200 (1),,2023-01-21T21:00:00-08:00,2023-01-21T23:59:59-08:00,True,7,UNKNOWN,Unknown hourly station,,,USW00023272,"SAN FRANCISCO DOWNTOWN, CA US",37.7705,-122.4269,Hourly LCDv2 weather used for 9 PM to midnight,"Skate route '20:59:29 - SNS' occurred on 2023-01-21. Hourly weather from Unknown hourly station (UNKNOWN) was summarized for 9 PM to midnight local time. Mean temperature was 53.0°F (Cool). No hourly precipitation was recorded in the 9 PM to midnight window. Mean wind was 7.7 mph, max wind 9.0 mph, max gust nan mph (Calm / light wind). Minimum visibility was 10.0 miles (Good visibility). Sky conditions: BKN:07 180 (1); BKN:07 200 (1); FEW:02 18 BKN:07 200 (1); SCT:04 200 (1); FEW:02 75 SCT:04 200 (1).",2023-01-21 20:59:29 - SNS,8431348873,2023-01-21T20:59:29-08:00,2023-01-21T23:18:20-08:00,NOAA NCEI legacy route weather pipeline,NOAA NCEI,Unknown hourly station,legacy_fixed_local_window,,,,,
2023-01-27,20:51:11 - FNS,https://handicapskater.com/common/maps/20230127-20_51_11-FNS-8463433326.html,False,False,False,No recorded rain from 9 PM to midnight,No downtown daily rain,0.0,0.0,0,0.0,52.857142857142854,51.0,56.0,Cool,46.714285714285715,80.14285714285714,8.142857142857142,16.0,,301.8702722712016,Breezy,10.0,10.0,Good visibility,CLR:00 (2); FEW:02 9 (1); FEW:02 200 (1); FEW:02 10 FEW:02 140 SCT:04 180 (1); FEW:02 10 FEW:02 120 BKN:07 180 (1),,2023-01-27T21:00:00-08:00,2023-01-27T23:59:59-08:00,True,7,UNKNOWN,Unknown hourly station,,,USW00023272,"SAN FRANCISCO DOWNTOWN, CA US",37.7705,-122.4269,Hourly LCDv2 weather used for 9 PM to midnight,"Skate route '20:51:11 - FNS' occurred on 2023-01-27. Hourly weather from Unknown hourly station (UNKNOWN) was summarized for 9 PM to midnight local time. Mean temperature was 52.9°F (Cool). No hourly precipitation was recorded in the 9 PM to midnight window. Mean wind was 8.1 mph, max wind 16.0 mph, max gust nan mph (Breezy). Minimum visibility was 10.0 miles (Good visibility). Sky conditions: CLR:00 (2); FEW:02 9 (1); FEW:02 200 (1); FEW:02 10 FEW:02 140 SCT:04 180 (1); FEW:02 10 FEW:02 120 BKN:07 180 (1).",2023-01-27 20:51:11 - FNS,8463433326,2023-01-27T20:51:11-08:00,2023-01-27T23:51:14-08:00,NOAA NCEI legacy route weather pipeline,NOAA NCEI,Unknown hourly station,legacy_fixed_local_window,,,,,
2023-01-28,20:39:01 - SNS,https://handicapskater.com/common/maps/20230128-20_39_01-SNS-8469075892.html,True,False,False,No recorded rain from 9 PM to midnight,No downtown daily rain,0.0,0.0,0,0.0,52.57142857142857,52.0,54.0,Cool,44.57142857142857,74.85714285714286,12.428571428571429,20.0,28.0,256.91751116596504,Windy,9.0,9.833333333333334,Good visibility,OVC:08 17 (1); BKN:07 19 OVC:08 24 (1); BKN:07 21 OVC:08 27 (1); FEW:02 4 FEW:02 50 (1); FEW:02 4 FEW:02 14 SCT:04 50 (1),,2023-01-28T21:00:00-08:00,2023-01-28T23:59:59-08:00,True,7,UNKNOWN,Unknown hourly station,,,USW00023272,"SAN FRANCISCO DOWNTOWN, CA US",37.7705,-122.4269,Hourly LCDv2 weather used for 9 PM to midnight,"Skate route '20:39:01 - SNS' occurred on 2023-01-28. Hourly weather from Unknown hourly station (UNKNOWN) was summarized for 9 PM to midnight local time. Mean temperature was 52.6°F (Cool). No hourly precipitation was recorded in the 9 PM to midnight window. Mean wind was 12.4 mph, max wind 20.0 mph, max gust 28.0 mph (Windy). Minimum visibility was 9.0 miles (Good visibility). Sky conditions: OVC:08 17 (1); BKN:07 19 OVC:08 24 (1); BKN:07 21 OVC:08 27 (1); FEW:02 4 FEW:02 50 (1); FEW:02 4 FEW:02 14 SCT:04 50 (1).",2023-01-28 20:39:01 - SNS,8469075892,2023-01-28T20:39:01-08:00,2023-01-28T23:09:34-08:00,NOAA NCEI legacy route weather pipeline,NOAA NCEI,Unknown hourly station,legacy_fixed_local_window,,,,,
2023-02-03,20:51:07 - FNS,https://handicapskater.com/common/maps/20230203-20_51_07-FNS-8501526922.html,True,True,True,Light rain from 9 PM to midnight,Moderate downtown daily rain,0.002,0.001,2,0.5,52.333333333333336,52.0,53.0,Cool,49.666666666666664,90.88888888888889,2.111111111111111,7.0,,303.2227156733703,Calm / light wind,6.0,7.625,Reduced visibility,OVC:08 25 (2); FEW:02 6 SCT:04 19 BKN:07 33 (1); FEW:02 19 BKN:07 33 (1); OVC:08 30 (1); OVC:08 20 (1),BR:1 |BR | (3),2023-02-03T21:00:00-08:00,2023-02-03T23:59:59-08:00,True,9,UNKNOWN,Unknown hourly station,,,USW00023272,"SAN FRANCISCO DOWNTOWN, CA US",37.7705,-122.4269,Hourly LCDv2 weather used for 9 PM to midnight,"Skate route '20:51:07 - FNS' occurred on 2023-02-03. Hourly weather from Unknown hourly station (UNKNOWN) was summarized for 9 PM to midnight local time. Mean temperature was 52.3°F (Cool). Hourly precipitation totaled 0.002 inches with 2 rainy hour(s), categorized as Light rain from 9 PM to midnight. Mean wind was 2.1 mph, max wind 7.0 mph, max gust nan mph (Calm / light wind). Minimum visibility was 6.0 miles (Reduced visibility). Present weather codes/summary: BR:1 |BR | (3). Sky conditions: OVC:08 25 (2); FEW:02 6 SCT:04 19 BKN:07 33 (1); FEW:02 19 BKN:07 33 (1); OVC:08 30 (1); OVC:08 20 (1). The local downtown station SAN FRANCISCO DOWNTOWN, CA US (USW00023272) recorded 0.500 inches of daily precipitation, categorized as Moderate downtown daily rain.",2023-02-03 20:51:07 - FNS,8501526922,2023-02-03T20:51:07-08:00,2023-02-03T23:49:52-08:00,NOAA NCEI legacy route weather pipeline,NOAA NCEI,Unknown hourly station,legacy_fixed_local_window,,,,,
2023-02-04,20:35:30 - SNS,https://handicapskater.com/common/maps/20230204-20_35_30-SNS-8507252830.html,True,True,True,Heavy rain from 9 PM to midnight,Moderate downtown daily rain,0.22000000000000003,0.05,5,0.25,55.93333333333333,55.0,58.0,Mild,51.666666666666664,85.66666666666667,16.533333333333335,25.0,32.0,181.70636782773812,Very windy,1.0,5.892857142857143,Low visibility,BKN:07 28 OVC:08 33 (3); FEW:02 15 BKN:07 21 (2); FEW:02 19 SCT:04 25 SCT:04 50 (1); FEW:02 9 SCT:04 22 SCT:04 47 (1); FEW:02 9 SCT:04 22 BKN:07 60 (1),-RA:02 BR:1 |RA BR |RA (6); |RA BR | (1); +RA:02 BR:1 |RA BR |RA (1),2023-02-04T21:00:00-08:00,2023-02-04T23:59:59-08:00,True,15,UNKNOWN,Unknown hourly station,,,USW00023272,"SAN FRANCISCO DOWNTOWN, CA US",37.7705,-122.4269,Hourly LCDv2 weather used for 9 PM to midnight,"Skate route '20:35:30 - SNS' occurred on 2023-02-04. Hourly weather from Unknown hourly station (UNKNOWN) was summarized for 9 PM to midnight local time. Mean temperature was 55.9°F (Mild). Hourly precipitation totaled 0.220 inches with 5 rainy hour(s), categorized as Heavy rain from 9 PM to midnight. Mean wind was 16.5 mph, max wind 25.0 mph, max gust 32.0 mph (Very windy). Minimum visibility was 1.0 miles (Low visibility). Present weather codes/summary: -RA:02 BR:1 |RA BR |RA (6); |RA BR | (1); +RA:02 BR:1 |RA BR |RA (1). Sky conditions: BKN:07 28 OVC:08 33 (3); FEW:02 15 BKN:07 21 (2); FEW:02 19 SCT:04 25 SCT:04 50 (1); FEW:02 9 SCT:04 22 SCT:04 47 (1); FEW:02 9 SCT:04 22 BKN:07 60 (1). The local downtown station SAN FRANCISCO DOWNTOWN, CA US (USW00023272) recorded 0.250 inches of daily precipitation, categorized as Moderate downtown daily rain.",2023-02-04 20:35:30 - SNS,8507252830,2023-02-04T20:35:30-08:00,2023-02-04T23:24:55-08:00,NOAA NCEI legacy route weather pipeline,NOAA NCEI,Unknown hourly station,legacy_fixed_local_window,,,,,
2023-02-10,20:54:28 - FNS,https://handicapskater.com/common/maps/20230210-20_54_28-FNS-8540637004.html,True,True,True,Light rain from 9 PM to midnight,Light downtown daily rain,0.021,0.01,3,0.02,52.857142857142854,49.0,57.0,Cool,43.714285714285715,71.42857142857143,9.857142857142858,15.0,,258.9776553241787,Breezy,10.0,10.0,Good visibility,FEW:02 17 SCT:04 36 BKN:07 44 (1); SCT:04 25 BKN:07 34 (1); SCT:04 20 BKN:07 45 (1); FEW:02 18 FEW:02 35 SCT:04 230 (1); FEW:02 18 FEW:02 37 SCT:04 230 (1),,2023-02-10T21:00:00-08:00,2023-02-10T23:59:59-08:00,True,9,UNKNOWN,Unknown hourly station,,,USW00023272,"SAN FRANCISCO DOWNTOWN, CA US",37.7705,-122.4269,Hourly LCDv2 weather used for 9 PM to midnight,"Skate route '20:54:28 - FNS' occurred on 2023-02-10. Hourly weather from Unknown hourly station (UNKNOWN) was summarized for 9 PM to midnight local time. Mean temperature was 52.9°F (Cool). Hourly precipitation totaled 0.021 inches with 3 rainy hour(s), categorized as Light rain from 9 PM to midnight. Mean wind was 9.9 mph, max wind 15.0 mph, max gust nan mph (Breezy). Minimum visibility was 10.0 miles (Good visibility). Sky conditions: FEW:02 17 SCT:04 36 BKN:07 44 (1); SCT:04 25 BKN:07 34 (1); SCT:04 20 BKN:07 45 (1); FEW:02 18 FEW:02 35 SCT:04 230 (1); FEW:02 18 FEW:02 37 SCT:04 230 (1). The local downtown station SAN FRANCISCO DOWNTOWN, CA US (USW00023272) recorded 0.020 inches of daily precipitation, categorized as Light downtown daily rain.",2023-02-10 20:54:28 - FNS,8540637004,2023-02-10T20:54:28-08:00,2023-02-10T23:29:47-08:00,NOAA NCEI legacy route weather pipeline,NOAA NCEI,Unknown hourly station,legacy_fixed_local_window,,,,,
2023-02-11,20:50:24 - SNS,https://handicapskater.com/common/maps/20230211-20_50_24-SNS-8546459792.html,True,False,True,No recorded rain from 9 PM to midnight,Light downtown daily rain,0.0,0.0,0,0.07,52.0,50.0,56.0,Cool,40.75,66.0,5.0,9.0,,357.75271004351765,Calm / light wind,10.0,10.0,Good visibility,BKN:07 90 (1); FEW:02 90 SCT:04 110 (1); FEW:02 100 (1); SCT:04 24 BKN:07 30 (1); BKN:07 33 BKN:07 41 (1),,2023-02-11T21:00:00-08:00,2023-02-11T23:59:59-08:00,True,8,UNKNOWN,Unknown hourly station,,,USW00023272,"SAN FRANCISCO DOWNTOWN, CA US",37.7705,-122.4269,Hourly LCDv2 weather used for 9 PM to midnight,"Skate route '20:50:24 - SNS' occurred on 2023-02-11. Hourly weather from Unknown hourly station (UNKNOWN) was summarized for 9 PM to midnight local time. Mean temperature was 52.0°F (Cool). No hourly precipitation was recorded in the 9 PM to midnight window. Mean wind was 5.0 mph, max wind 9.0 mph, max gust nan mph (Calm / light wind). Minimum visibility was 10.0 miles (Good visibility). Sky conditions: BKN:07 90 (1); FEW:02 90 SCT:04 110 (1); FEW:02 100 (1); SCT:04 24 BKN:07 30 (1); BKN:07 33 BKN:07 41 (1). The local downtown station SAN FRANCISCO DOWNTOWN, CA US (USW00023272) recorded 0.070 inches of daily precipitation, categorized as Light downtown daily rain.",2023-02-11 20:50:24 - SNS,8546459792,2023-02-11T20:50:24-08:00,2023-02-11T23:24:55-08:00,NOAA NCEI legacy route weather pipeline,NOAA NCEI,Unknown hourly station,legacy_fixed_local_window,,,,,
2023-02-17,20:51:38 - FNS,https://handicapskater.com/common/maps/20230217-20_51_38-FNS-8579396451.html,False,False,False,No recorded rain from 9 PM to midnight,No downtown daily rain,0.0,0.0,0,0.0,53.714285714285715,49.0,63.0,Cool,33.57142857142857,48.285714285714285,5.714285714285714,8.0,,210.18886622012874,Calm / light wind,10.0,10.0,Good visibility,CLR:00 (3); BKN:07 200 (1); FEW:02 140 BKN:07 200 BKN:07 250 (1); FEW:02 140 SCT:04 200 BKN:07 250 (1),,2023-02-17T21:00:00-08:00,2023-02-17T23:59:59-08:00,True,7,UNKNOWN,Unknown hourly station,,,USW00023272,"SAN FRANCISCO DOWNTOWN, CA US",37.7705,-122.4269,Hourly LCDv2 weather used for 9 PM to midnight,"Skate route '20:51:38 - FNS' occurred on 2023-02-17. Hourly weather from Unknown hourly station (UNKNOWN) was summarized for 9 PM to midnight local time. Mean temperature was 53.7°F (Cool). No hourly precipitation was recorded in the 9 PM to midnight window. Mean wind was 5.7 mph, max wind 8.0 mph, max gust nan mph (Calm / light wind). Minimum visibility was 10.0 miles (Good visibility). Sky conditions: CLR:00 (3); BKN:07 200 (1); FEW:02 140 BKN:07 200 BKN:07 250 (1); FEW:02 140 SCT:04 200 BKN:07 250 (1).",2023-02-17 20:51:38 - FNS,8579396451,2023-02-17T20:51:38-08:00,2023-02-17T23:53:20-08:00,NOAA NCEI legacy route weather pipeline,NOAA NCEI,Unknown hourly station,legacy_fixed_local_window,,,,,
2023-02-18,21:00:36 - SNS,https://handicapskater.com/common/maps/20230218-21_00_36-SNS-8585032779.html,False,False,False,No recorded rain from 9 PM to midnight,No downtown daily rain,0.0,0.0,0,0.0,54.42857142857143,50.0,61.0,Cool,36.714285714285715,53.857142857142854,5.857142857142857,8.0,,286.8622187215942,Calm / light wind,10.0,10.0,Good visibility,BKN:07 200 (3); FEW:02 180 (2); CLR:00 (1),,2023-02-18T21:00:00-08:00,2023-02-18T23:59:59-08:00,True,7,UNKNOWN,Unknown hourly station,,,USW00023272,"SAN FRANCISCO DOWNTOWN, CA US",37.7705,-122.4269,Hourly LCDv2 weather used for 9 PM to midnight,"Skate route '21:00:36 - SNS' occurred on 2023-02-18. Hourly weather from Unknown hourly station (UNKNOWN) was summarized for 9 PM to midnight local time. Mean temperature was 54.4°F (Cool). No hourly precipitation was recorded in the 9 PM to midnight window. Mean wind was 5.9 mph, max wind 8.0 mph, max gust nan mph (Calm / light wind). Minimum visibility was 10.0 miles (Good visibility). Sky conditions: BKN:07 200 (3); FEW:02 180 (2); CLR:00 (1).",2023-02-18 21:00:36 - SNS,8585032779,2023-02-18T21:00:36-08:00,2023-02-18T23:27:35-08:00,NOAA NCEI legacy route weather pipeline,NOAA NCEI,Unknown hourly station,legacy_fixed_local_window,,,,,
2023-02-24,20:49:09 - FNS,https://handicapskater.com/common/maps/20230224-20_49_09-FNS-8617741591.html,True,True,True,Light rain from 9 PM to midnight,Moderate downtown daily rain,0.012,0.01,3,0.74,46.333333333333336,44.0,49.0,Cool,38.44444444444444,74.66666666666667,12.11111111111111,18.0,31.0,346.5216657240839,Very windy,10.0,10.0,Good visibility,FEW:02 20 SCT:04 40 SCT:04 80 (2); BKN:07 18 BKN:07 47 (1); BKN:07 17 BKN:07 40 (1); BKN:07 16 BKN:07 32 OVC:08 40 (1); BKN:07 15 BKN:07 30 (1),-RA:02 |RA |RA (1),2023-02-24T21:00:00-08:00,2023-02-24T23:59:59-08:00,True,9,UNKNOWN,Unknown hourly station,,,USW00023272,"SAN FRANCISCO DOWNTOWN, CA US",37.7705,-122.4269,Hourly LCDv2 weather used for 9 PM to midnight,"Skate route '20:49:09 - FNS' occurred on 2023-02-24. Hourly weather from Unknown hourly station (UNKNOWN) was summarized for 9 PM to midnight local time. Mean temperature was 46.3°F (Cool). Hourly precipitation totaled 0.012 inches with 3 rainy hour(s), categorized as Light rain from 9 PM to midnight. Mean wind was 12.1 mph, max wind 18.0 mph, max gust 31.0 mph (Very windy). Minimum visibility was 10.0 miles (Good visibility). Present weather codes/summary: -RA:02 |RA |RA (1). Sky conditions: FEW:02 20 SCT:04 40 SCT:04 80 (2); BKN:07 18 BKN:07 47 (1); BKN:07 17 BKN:07 40 (1); BKN:07 16 BKN:07 32 OVC:08 40 (1); BKN:07 15 BKN:07 30 (1). The local downtown station SAN FRANCISCO DOWNTOWN, CA US (USW00023272) recorded 0.740 inches of daily precipitation, categorized as Moderate downtown daily rain.",2023-02-24 20:49:09 - FNS,8617741591,2023-02-24T20:49:09-08:00,2023-02-24T23:50:03-08:00,NOAA NCEI legacy route weather pipeline,NOAA NCEI,Unknown hourly station,legacy_fixed_local_window,,,,,
2023-02-25,20:31:06 - SNS,https://handicapskater.com/common/maps/20230225-20_31_06-SNS-8623266721.html,False,False,False,No recorded rain from 9 PM to midnight,No downtown daily rain,0.0,0.0,0,0.0,47.57142857142857,46.0,50.0,Cool,38.285714285714285,70.28571428571429,6.0,10.0,,235.55426843364506,Breezy,10.0,10.0,Good visibility,FEW:02 17 SCT:04 150 (1); FEW:02 17 BKN:07 90 (1); FEW:02 18 BKN:07 90 (1); SCT:04 50 BKN:07 100 (1); SCT:04 37 BKN:07 100 (1),,2023-02-25T21:00:00-08:00,2023-02-25T23:59:59-08:00,True,7,UNKNOWN,Unknown hourly station,,,USW00023272,"SAN FRANCISCO DOWNTOWN, CA US",37.7705,-122.4269,Hourly LCDv2 weather used for 9 PM to midnight,"Skate route '20:31:06 - SNS' occurred on 2023-02-25. Hourly weather from Unknown hourly station (UNKNOWN) was summarized for 9 PM to midnight local time. Mean temperature was 47.6°F (Cool). No hourly precipitation was recorded in the 9 PM to midnight window. Mean wind was 6.0 mph, max wind 10.0 mph, max gust nan mph (Breezy). Minimum visibility was 10.0 miles (Good visibility). Sky conditions: FEW:02 17 SCT:04 150 (1); FEW:02 17 BKN:07 90 (1); FEW:02 18 BKN:07 90 (1); SCT:04 50 BKN:07 100 (1); SCT:04 37 BKN:07 100 (1).",2023-02-25 20:31:06 - SNS,8623266721,2023-02-25T20:31:06-08:00,2023-02-25T23:01:03-08:00,NOAA NCEI legacy route weather pipeline,NOAA NCEI,Unknown hourly station,legacy_fixed_local_window,,,,,
2023-03-03,20:50:21 - FNS,https://handicapskater.com/common/maps/20230303-20_50_21-FNS-8656164170.html,False,False,False,No recorded rain from 9 PM to midnight,No downtown daily rain,0.0,0.0,0,0.0,50.714285714285715,48.0,55.0,Cool,40.142857142857146,67.14285714285714,11.0,16.0,,262.410910531025,Breezy,10.0,10.0,Good visibility,FEW:02 15 FEW:02 150 OVC:08 180 (1); FEW:02 25 FEW:02 150 BKN:07 180 (1); FEW:02 25 SCT:04 45 BKN:07 100 (1); FEW:02 22 BKN:07 250 (1); FEW:02 24 FEW:02 180 BKN:07 250 (1),,2023-03-03T21:00:00-08:00,2023-03-03T23:59:59-08:00,True,7,UNKNOWN,Unknown hourly station,,,USW00023272,"SAN FRANCISCO DOWNTOWN, CA US",37.7705,-122.4269,Hourly LCDv2 weather used for 9 PM to midnight,"Skate route '20:50:21 - FNS' occurred on 2023-03-03. Hourly weather from Unknown hourly station (UNKNOWN) was summarized for 9 PM to midnight local time. Mean temperature was 50.7°F (Cool). No hourly precipitation was recorded in the 9 PM to midnight window. Mean wind was 11.0 mph, max wind 16.0 mph, max gust nan mph (Breezy). Minimum visibility was 10.0 miles (Good visibility). Sky conditions: FEW:02 15 FEW:02 150 OVC:08 180 (1); FEW:02 25 FEW:02 150 BKN:07 180 (1); FEW:02 25 SCT:04 45 BKN:07 100 (1); FEW:02 22 BKN:07 250 (1); FEW:02 24 FEW:02 180 BKN:07 250 (1).",2023-03-03 20:50:21 - FNS,8656164170,2023-03-03T20:50:21-08:00,2023-03-03T23:53:48-08:00,NOAA NCEI legacy route weather pipeline,NOAA NCEI,Unknown hourly station,legacy_fixed_local_window,,,,,
2023-03-04,20:33:57 - SNS,https://handicapskater.com/common/maps/20230304-20_33_57-SNS-8661932196.html,True,True,True,Light rain from 9 PM to midnight,Light downtown daily rain,0.013,0.01,4,0.23,49.77777777777778,48.0,52.0,Cool,40.666666666666664,70.88888888888889,15.222222222222221,20.0,30.0,227.34029112857297,Very windy,8.0,9.5,Good visibility,FEW:02 8 SCT:04 36 BKN:07 42 (3); BKN:07 47 (1); SCT:04 46 BKN:07 60 (1); SCT:04 31 BKN:07 49 BKN:07 75 (1); FEW:02 10 SCT:04 22 SCT:04 50 (1),-RA:02 |RA |RA (3),2023-03-04T21:00:00-08:00,2023-03-04T23:59:59-08:00,True,9,UNKNOWN,Unknown hourly station,,,USW00023272,"SAN FRANCISCO DOWNTOWN, CA US",37.7705,-122.4269,Hourly LCDv2 weather used for 9 PM to midnight,"Skate route '20:33:57 - SNS' occurred on 2023-03-04. Hourly weather from Unknown hourly station (UNKNOWN) was summarized for 9 PM to midnight local time. Mean temperature was 49.8°F (Cool). Hourly precipitation totaled 0.013 inches with 4 rainy hour(s), categorized as Light rain from 9 PM to midnight. Mean wind was 15.2 mph, max wind 20.0 mph, max gust 30.0 mph (Very windy). Minimum visibility was 8.0 miles (Good visibility). Present weather codes/summary: -RA:02 |RA |RA (3). Sky conditions: FEW:02 8 SCT:04 36 BKN:07 42 (3); BKN:07 47 (1); SCT:04 46 BKN:07 60 (1); SCT:04 31 BKN:07 49 BKN:07 75 (1); FEW:02 10 SCT:04 22 SCT:04 50 (1). The local downtown station SAN FRANCISCO DOWNTOWN, CA US (USW00023272) recorded 0.230 inches of daily precipitation, categorized as Light downtown daily rain.",2023-03-04 20:33:57 - SNS,8661932196,2023-03-04T20:33:57-08:00,2023-03-04T23:23:37-08:00,NOAA NCEI legacy route weather pipeline,NOAA NCEI,Unknown hourly station,legacy_fixed_local_window,,,,,
2023-03-10,20:54:56 - FNS,https://handicapskater.com/common/maps/20230310-20_54_56-FNS-8694277909.html,True,False,True,No recorded rain from 9 PM to midnight,Moderate downtown daily rain,0.0,0.0,0,0.38,53.142857142857146,51.0,56.0,Cool,44.0,71.85714285714286,7.714285714285714,10.0,,257.0838574430114,Breezy,10.0,10.0,Good visibility,BKN:07 100 (2); BKN:07 150 (1); FEW:02 60 BKN:07 90 BKN:07 200 (1); FEW:02 28 BKN:07 120 BKN:07 200 (1); FEW:02 17 SCT:04 120 BKN:07 230 (1),,2023-03-10T21:00:00-08:00,2023-03-10T23:59:59-08:00,True,7,UNKNOWN,Unknown hourly station,,,USW00023272,"SAN FRANCISCO DOWNTOWN, CA US",37.7705,-122.4269,Hourly LCDv2 weather used for 9 PM to midnight,"Skate route '20:54:56 - FNS' occurred on 2023-03-10. Hourly weather from Unknown hourly station (UNKNOWN) was summarized for 9 PM to midnight local time. Mean temperature was 53.1°F (Cool). No hourly precipitation was recorded in the 9 PM to midnight window. Mean wind was 7.7 mph, max wind 10.0 mph, max gust nan mph (Breezy). Minimum visibility was 10.0 miles (Good visibility). Sky conditions: BKN:07 100 (2); BKN:07 150 (1); FEW:02 60 BKN:07 90 BKN:07 200 (1); FEW:02 28 BKN:07 120 BKN:07 200 (1); FEW:02 17 SCT:04 120 BKN:07 230 (1). The local downtown station SAN FRANCISCO DOWNTOWN, CA US (USW00023272) recorded 0.380 inches of daily precipitation, categorized as Moderate downtown daily rain.",2023-03-10 20:54:56 - FNS,8694277909,2023-03-10T20:54:56-08:00,2023-03-10T23:48:59-08:00,NOAA NCEI legacy route weather pipeline,NOAA NCEI,Unknown hourly station,legacy_fixed_local_window,,,,,
2023-03-11,21:32:35 - SNS,https://handicapskater.com/common/maps/20230311-21_32_35-SNS-8699933857.html,True,False,True,No recorded rain from 9 PM to midnight,Light downtown daily rain,0.0,0.0,0,0.04,57.125,56.0,59.0,Mild,52.375,84.375,7.25,13.0,,204.90218782167557,Breezy,10.0,10.0,Good visibility,FEW:02 16 SCT:04 25 BKN:07 30 (2); FEW:02 9 BKN:07 18 OVC:08 31 (1); FEW:02 9 BKN:07 21 (1); FEW:02 9 OVC:08 18 (1); SCT:04 11 BKN:07 20 OVC:08 32 (1),,2023-03-11T21:00:00-08:00,2023-03-11T23:59:59-08:00,True,8,UNKNOWN,Unknown hourly station,,,USW00023272,"SAN FRANCISCO DOWNTOWN, CA US",37.7705,-122.4269,Hourly LCDv2 weather used for 9 PM to midnight,"Skate route '21:32:35 - SNS' occurred on 2023-03-11. Hourly weather from Unknown hourly station (UNKNOWN) was summarized for 9 PM to midnight local time. Mean temperature was 57.1°F (Mild). No hourly precipitation was recorded in the 9 PM to midnight window. Mean wind was 7.2 mph, max wind 13.0 mph, max gust nan mph (Breezy). Minimum visibility was 10.0 miles (Good visibility). Sky conditions: FEW:02 16 SCT:04 25 BKN:07 30 (2); FEW:02 9 BKN:07 18 OVC:08 31 (1); FEW:02 9 BKN:07 21 (1); FEW:02 9 OVC:08 18 (1); SCT:04 11 BKN:07 20 OVC:08 32 (1). The local downtown station SAN FRANCISCO DOWNTOWN, CA US (USW00023272) recorded 0.040 inches of daily precipitation, categorized as Light downtown daily rain.",2023-03-11 21:32:35 - SNS,8699933857,2023-03-11T21:32:35-08:00,2023-03-11T23:30:06-08:00,NOAA NCEI legacy route weather pipeline,NOAA NCEI,Unknown hourly station,legacy_fixed_local_window,,,,,
2023-03-17,20:51:46 - FNS,https://handicapskater.com/common/maps/20230317-20_51_46-FNS-8732734324.html,False,False,False,No recorded rain from 9 PM to midnight,No downtown daily rain,0.0,0.0,0,0.0,56.714285714285715,52.0,64.0,Mild,46.0,69.0,6.714285714285714,9.0,,291.30598208705067,Calm / light wind,10.0,10.0,Good visibility,FEW:02 180 (2); FEW:02 20 FEW:02 30 BKN:07 180 (2); CLR:00 (1); FEW:02 14 FEW:02 28 BKN:07 180 (1),,2023-03-17T21:00:00-07:00,2023-03-17T23:59:59-07:00,True,7,UNKNOWN,Unknown hourly station,,,USW00023272,"SAN FRANCISCO DOWNTOWN, CA US",37.7705,-122.4269,Hourly LCDv2 weather used for 9 PM to midnight,"Skate route '20:51:46 - FNS' occurred on 2023-03-17. Hourly weather from Unknown hourly station (UNKNOWN) was summarized for 9 PM to midnight local time. Mean temperature was 56.7°F (Mild). No hourly precipitation was recorded in the 9 PM to midnight window. Mean wind was 6.7 mph, max wind 9.0 mph, max gust nan mph (Calm / light wind). Minimum visibility was 10.0 miles (Good visibility). Sky conditions: FEW:02 180 (2); FEW:02 20 FEW:02 30 BKN:07 180 (2); CLR:00 (1); FEW:02 14 FEW:02 28 BKN:07 180 (1).",2023-03-17 20:51:46 - FNS,8732734324,2023-03-17T20:51:46-07:00,2023-03-17T23:50:55-07:00,NOAA NCEI legacy route weather pipeline,NOAA NCEI,Unknown hourly station,legacy_fixed_local_window,,,,,
2023-03-18,20:44:43 - SNS,https://handicapskater.com/common/maps/20230318-20_44_43-SNS-8738687343.html,True,True,True,Moderate rain from 9 PM to midnight,Light downtown daily rain,0.061,0.04,3,0.02,60.142857142857146,56.0,66.0,Mild,48.285714285714285,65.14285714285714,9.714285714285714,22.0,39.0,226.35967268497677,Very windy,10.0,10.0,Good visibility,FEW:02 65 SCT:04 80 OVC:08 100 (1); FEW:02 50 BKN:07 60 OVC:08 90 (1); FEW:02 50 BKN:07 60 OVC:08 75 (1); FEW:02 120 BKN:07 180 (1); BKN:07 180 (1),-RA:02 |RA |RA (2),2023-03-18T21:00:00-07:00,2023-03-18T23:59:59-07:00,True,8,UNKNOWN,Unknown hourly station,,,USW00023272,"SAN FRANCISCO DOWNTOWN, CA US",37.7705,-122.4269,Hourly LCDv2 weather used for 9 PM to midnight,"Skate route '20:44:43 - SNS' occurred on 2023-03-18. Hourly weather from Unknown hourly station (UNKNOWN) was summarized for 9 PM to midnight local time. Mean temperature was 60.1°F (Mild). Hourly precipitation totaled 0.061 inches with 3 rainy hour(s), categorized as Moderate rain from 9 PM to midnight. Mean wind was 9.7 mph, max wind 22.0 mph, max gust 39.0 mph (Very windy). Minimum visibility was 10.0 miles (Good visibility). Present weather codes/summary: -RA:02 |RA |RA (2). Sky conditions: FEW:02 65 SCT:04 80 OVC:08 100 (1); FEW:02 50 BKN:07 60 OVC:08 90 (1); FEW:02 50 BKN:07 60 OVC:08 75 (1); FEW:02 120 BKN:07 180 (1); BKN:07 180 (1). The local downtown station SAN FRANCISCO DOWNTOWN, CA US (USW00023272) recorded 0.020 inches of daily precipitation, categorized as Light downtown daily rain.",2023-03-18 20:44:43 - SNS,8738687343,2023-03-18T20:44:43-07:00,2023-03-18T23:18:32-07:00,NOAA NCEI legacy route weather pipeline,NOAA NCEI,Unknown hourly station,legacy_fixed_local_window,,,,,
2023-03-24,20:52:18 - FNS,https://handicapskater.com/common/maps/20230324-20_52_18-FNS-8772468225.html,True,False,False,No recorded rain from 9 PM to midnight,No downtown daily rain,0.0,0.0,0,0.0,52.42857142857143,48.0,58.0,Cool,35.857142857142854,54.42857142857143,14.714285714285714,18.0,36.0,297.17848202171575,Very windy,10.0,10.0,Good visibility,SCT:04 200 (1); FEW:02 15 FEW:02 200 (1); FEW:02 22 SCT:04 200 (1); FEW:02 20 FEW:02 40 SCT:04 180 (1); FEW:02 34 FEW:02 180 FEW:02 300 (1),,2023-03-24T21:00:00-07:00,2023-03-24T23:59:59-07:00,True,7,UNKNOWN,Unknown hourly station,,,USW00023272,"SAN FRANCISCO DOWNTOWN, CA US",37.7705,-122.4269,Hourly LCDv2 weather used for 9 PM to midnight,"Skate route '20:52:18 - FNS' occurred on 2023-03-24. Hourly weather from Unknown hourly station (UNKNOWN) was summarized for 9 PM to midnight local time. Mean temperature was 52.4°F (Cool). No hourly precipitation was recorded in the 9 PM to midnight window. Mean wind was 14.7 mph, max wind 18.0 mph, max gust 36.0 mph (Very windy). Minimum visibility was 10.0 miles (Good visibility). Sky conditions: SCT:04 200 (1); FEW:02 15 FEW:02 200 (1); FEW:02 22 SCT:04 200 (1); FEW:02 20 FEW:02 40 SCT:04 180 (1); FEW:02 34 FEW:02 180 FEW:02 300 (1).",2023-03-24 20:52:18 - FNS,8772468225,2023-03-24T20:52:18-07:00,2023-03-24T23:55:06-07:00,NOAA NCEI legacy route weather pipeline,NOAA NCEI,Unknown hourly station,legacy_fixed_local_window,,,,,
2023-03-25,20:49:46 - SNS,https://handicapskater.com/common/maps/20230325-20_49_46-SNS-8778129878.html,True,False,False,No recorded rain from 9 PM to midnight,No downtown daily rain,0.0,0.0,0,0.0,51.857142857142854,47.0,58.0,Cool,36.857142857142854,57.57142857142857,16.0,18.0,31.0,292.8651627383384,Very windy,10.0,10.0,Good visibility,CLR:00 (3); FEW:02 19 FEW:02 200 (1); FEW:02 19 (1); FEW:02 19 FEW:02 50 (1),,2023-03-25T21:00:00-07:00,2023-03-25T23:59:59-07:00,True,7,UNKNOWN,Unknown hourly station,,,USW00023272,"SAN FRANCISCO DOWNTOWN, CA US",37.7705,-122.4269,Hourly LCDv2 weather used for 9 PM to midnight,"Skate route '20:49:46 - SNS' occurred on 2023-03-25. Hourly weather from Unknown hourly station (UNKNOWN) was summarized for 9 PM to midnight local time. Mean temperature was 51.9°F (Cool). No hourly precipitation was recorded in the 9 PM to midnight window. Mean wind was 16.0 mph, max wind 18.0 mph, max gust 31.0 mph (Very windy). Minimum visibility was 10.0 miles (Good visibility). Sky conditions: CLR:00 (3); FEW:02 19 FEW:02 200 (1); FEW:02 19 (1); FEW:02 19 FEW:02 50 (1).",2023-03-25 20:49:46 - SNS,8778129878,2023-03-25T20:49:46-07:00,2023-03-25T23:04:39-07:00,NOAA NCEI legacy route weather pipeline,NOAA NCEI,Unknown hourly station,legacy_fixed_local_window,,,,,
2023-03-31,20:49:58 - FNS,https://handicapskater.com/common/maps/20230331-20_49_58-FNS-8811177668.html,False,False,False,No recorded rain from 9 PM to midnight,No downtown daily rain,0.0,0.0,0,0.0,53.285714285714285,49.0,59.0,Cool,40.714285714285715,63.57142857142857,6.285714285714286,13.0,,288.0296339491595,Breezy,10.0,10.0,Good visibility,CLR:00 (2); SCT:04 38 BKN:07 200 (2); FEW:02 25 (1); SCT:04 38 SCT:04 50 BKN:07 200 (1),,2023-03-31T21:00:00-07:00,2023-03-31T23:59:59-07:00,True,10,UNKNOWN,Unknown hourly station,,,USW00023272,"SAN FRANCISCO DOWNTOWN, CA US",37.7705,-122.4269,Hourly LCDv2 weather used for 9 PM to midnight,"Skate route '20:49:58 - FNS' occurred on 2023-03-31. Hourly weather from Unknown hourly station (UNKNOWN) was summarized for 9 PM to midnight local time. Mean temperature was 53.3°F (Cool). No hourly precipitation was recorded in the 9 PM to midnight window. Mean wind was 6.3 mph, max wind 13.0 mph, max gust nan mph (Breezy). Minimum visibility was 10.0 miles (Good visibility). Sky conditions: CLR:00 (2); SCT:04 38 BKN:07 200 (2); FEW:02 25 (1); SCT:04 38 SCT:04 50 BKN:07 200 (1).",2023-03-31 20:49:58 - FNS,8811177668,2023-03-31T20:49:58-07:00,2023-03-31T23:54:57-07:00,NOAA NCEI legacy route weather pipeline,NOAA NCEI,Unknown hourly station,legacy_fixed_local_window,,,,,
2023-04-01,20:44:39 - SNS,https://handicapskater.com/common/maps/20230401-20_44_39-SNS-8816667923.html,False,False,False,No recorded rain from 9 PM to midnight,No downtown daily rain,0.0,0.0,0,0.0,57.142857142857146,55.0,60.0,Mild,47.142857142857146,70.42857142857143,8.285714285714286,13.0,,262.06064462999177,Breezy,9.0,9.833333333333334,Good visibility,FEW:02 20 (2); FEW:02 6 SCT:04 13 BKN:07 27 (1); FEW:02 6 BKN:07 15 BKN:07 24 (1); FEW:02 4 BKN:07 15 OVC:08 21 (1); FEW:02 35 FEW:02 180 (1),,2023-04-01T21:00:00-07:00,2023-04-01T23:59:59-07:00,True,7,UNKNOWN,Unknown hourly station,,,USW00023272,"SAN FRANCISCO DOWNTOWN, CA US",37.7705,-122.4269,Hourly LCDv2 weather used for 9 PM to midnight,"Skate route '20:44:39 - SNS' occurred on 2023-04-01. Hourly weather from Unknown hourly station (UNKNOWN) was summarized for 9 PM to midnight local time. Mean temperature was 57.1°F (Mild). No hourly precipitation was recorded in the 9 PM to midnight window. Mean wind was 8.3 mph, max wind 13.0 mph, max gust nan mph (Breezy). Minimum visibility was 9.0 miles (Good visibility). Sky conditions: FEW:02 20 (2); FEW:02 6 SCT:04 13 BKN:07 27 (1); FEW:02 6 BKN:07 15 BKN:07 24 (1); FEW:02 4 BKN:07 15 OVC:08 21 (1); FEW:02 35 FEW:02 180 (1).",2023-04-01 20:44:39 - SNS,8816667923,2023-04-01T20:44:39-07:00,2023-04-01T23:07:22-07:00,NOAA NCEI legacy route weather pipeline,NOAA NCEI,Unknown hourly station,legacy_fixed_local_window,,,,,
2023-04-07,20:52:57 - FNS,https://handicapskater.com/common/maps/20230407-20_52_57-FNS-8851536114.html,True,False,True,No recorded rain from 9 PM to midnight,Light downtown daily rain,0.0,0.0,0,0.21,55.5,52.0,59.0,Mild,49.375,80.0,11.125,17.0,,248.75966336357817,Breezy,10.0,10.0,Good visibility,SCT:04 14 BKN:07 30 BKN:07 150 (2); FEW:02 4 FEW:02 31 BKN:07 150 (1); FEW:02 6 FEW:02 14 BKN:07 29 (1); FEW:02 6 BKN:07 27 BKN:07 150 (1); BKN:07 18 OVC:08 34 (1),,2023-04-07T21:00:00-07:00,2023-04-07T23:59:59-07:00,True,8,UNKNOWN,Unknown hourly station,,,USW00023272,"SAN FRANCISCO DOWNTOWN, CA US",37.7705,-122.4269,Hourly LCDv2 weather used for 9 PM to midnight,"Skate route '20:52:57 - FNS' occurred on 2023-04-07. Hourly weather from Unknown hourly station (UNKNOWN) was summarized for 9 PM to midnight local time. Mean temperature was 55.5°F (Mild). No hourly precipitation was recorded in the 9 PM to midnight window. Mean wind was 11.1 mph, max wind 17.0 mph, max gust nan mph (Breezy). Minimum visibility was 10.0 miles (Good visibility). Sky conditions: SCT:04 14 BKN:07 30 BKN:07 150 (2); FEW:02 4 FEW:02 31 BKN:07 150 (1); FEW:02 6 FEW:02 14 BKN:07 29 (1); FEW:02 6 BKN:07 27 BKN:07 150 (1); BKN:07 18 OVC:08 34 (1). The local downtown station SAN FRANCISCO DOWNTOWN, CA US (USW00023272) recorded 0.210 inches of daily precipitation, categorized as Light downtown daily rain.",2023-04-07 20:52:57 - FNS,8851536114,2023-04-07T20:52:57-07:00,2023-04-07T23:47:14-07:00,NOAA NCEI legacy route weather pipeline,NOAA NCEI,Unknown hourly station,legacy_fixed_local_window,,,,,
2023-04-08,20:38:43 - SNS,https://handicapskater.com/common/maps/20230408-20_38_43-SNS-8857532511.html,False,False,False,No recorded rain from 9 PM to midnight,No downtown daily rain,0.0,0.0,0,0.0,57.285714285714285,53.0,63.0,Mild,47.42857142857143,70.14285714285714,11.285714285714286,16.0,,292.92295521252447,Breezy,10.0,10.0,Good visibility,CLR:00 (3); FEW:02 30 BKN:07 110 (1); FEW:02 33 BKN:07 110 BKN:07 200 (1); FEW:02 45 BKN:07 100 BKN:07 200 (1),,2023-04-08T21:00:00-07:00,2023-04-08T23:59:59-07:00,True,7,UNKNOWN,Unknown hourly station,,,USW00023272,"SAN FRANCISCO DOWNTOWN, CA US",37.7705,-122.4269,Hourly LCDv2 weather used for 9 PM to midnight,"Skate route '20:38:43 - SNS' occurred on 2023-04-08. Hourly weather from Unknown hourly station (UNKNOWN) was summarized for 9 PM to midnight local time. Mean temperature was 57.3°F (Mild). No hourly precipitation was recorded in the 9 PM to midnight window. Mean wind was 11.3 mph, max wind 16.0 mph, max gust nan mph (Breezy). Minimum visibility was 10.0 miles (Good visibility). Sky conditions: CLR:00 (3); FEW:02 30 BKN:07 110 (1); FEW:02 33 BKN:07 110 BKN:07 200 (1); FEW:02 45 BKN:07 100 BKN:07 200 (1).",2023-04-08 20:38:43 - SNS,8857532511,2023-04-08T20:38:43-07:00,2023-04-08T22:41:44-07:00,NOAA NCEI legacy route weather pipeline,NOAA NCEI,Unknown hourly station,legacy_fixed_local_window,,,,,
2023-04-14,20:51:35 - FNS,https://handicapskater.com/common/maps/20230414-20_51_35-FNS-8894311435.html,True,False,False,No recorded rain from 9 PM to midnight,No downtown daily rain,0.0,0.0,0,0.0,53.714285714285715,51.0,58.0,Cool,43.57142857142857,69.42857142857143,14.142857142857142,17.0,25.0,280.0,Windy,10.0,10.0,Good visibility,FEW:02 18 FEW:02 180 (3); OVC:08 14 (2); BKN:07 14 (1),,2023-04-14T21:00:00-07:00,2023-04-14T23:59:59-07:00,True,7,UNKNOWN,Unknown hourly station,,,USW00023272,"SAN FRANCISCO DOWNTOWN, CA US",37.7705,-122.4269,Hourly LCDv2 weather used for 9 PM to midnight,"Skate route '20:51:35 - FNS' occurred on 2023-04-14. Hourly weather from Unknown hourly station (UNKNOWN) was summarized for 9 PM to midnight local time. Mean temperature was 53.7°F (Cool). No hourly precipitation was recorded in the 9 PM to midnight window. Mean wind was 14.1 mph, max wind 17.0 mph, max gust 25.0 mph (Windy). Minimum visibility was 10.0 miles (Good visibility). Sky conditions: FEW:02 18 FEW:02 180 (3); OVC:08 14 (2); BKN:07 14 (1).",2023-04-14 20:51:35 - FNS,8894311435,2023-04-14T20:51:35-07:00,2023-04-14T23:46:29-07:00,NOAA NCEI legacy route weather pipeline,NOAA NCEI,Unknown hourly station,legacy_fixed_local_window,,,,,
2023-04-15,20:41:52 - SNS,https://handicapskater.com/common/maps/20230415-20_41_52-SNS-8903044084.html,False,False,False,No recorded rain from 9 PM to midnight,No downtown daily rain,0.0,0.0,0,0.0,54.0,50.0,60.0,Cool,42.857142857142854,66.85714285714286,15.428571428571429,17.0,,278.5696526667797,Breezy,10.0,10.0,Good visibility,FEW:02 20 (3); FEW:02 16 (2); FEW:02 15 (1),,2023-04-15T21:00:00-07:00,2023-04-15T23:59:59-07:00,True,7,UNKNOWN,Unknown hourly station,,,USW00023272,"SAN FRANCISCO DOWNTOWN, CA US",37.7705,-122.4269,Hourly LCDv2 weather used for 9 PM to midnight,"Skate route '20:41:52 - SNS' occurred on 2023-04-15. Hourly weather from Unknown hourly station (UNKNOWN) was summarized for 9 PM to midnight local time. Mean temperature was 54.0°F (Cool). No hourly precipitation was recorded in the 9 PM to midnight window. Mean wind was 15.4 mph, max wind 17.0 mph, max gust nan mph (Breezy). Minimum visibility was 10.0 miles (Good visibility). Sky conditions: FEW:02 20 (3); FEW:02 16 (2); FEW:02 15 (1).",2023-04-15 20:41:52 - SNS,8903044084,2023-04-15T20:41:52-07:00,2023-04-15T23:35:45-07:00,NOAA NCEI legacy route weather pipeline,NOAA NCEI,Unknown hourly station,legacy_fixed_local_window,,,,,
2023-04-21,20:50:34 - FNS,https://handicapskater.com/common/maps/20230421-20_50_34-FNS-8934099507.html,False,False,False,No recorded rain from 9 PM to midnight,No downtown daily rain,0.0,0.0,0,0.0,60.714285714285715,55.0,70.0,Mild,50.57142857142857,71.0,12.428571428571429,17.0,,290.0441414751302,Breezy,10.0,10.0,Good visibility,FEW:02 6 SCT:04 200 (2); FEW:02 140 SCT:04 220 BKN:07 300 (2); FEW:02 5 FEW:02 200 (1); FEW:02 30 FEW:02 140 SCT:04 180 (1),,2023-04-21T21:00:00-07:00,2023-04-21T23:59:59-07:00,True,7,UNKNOWN,Unknown hourly station,,,USW00023272,"SAN FRANCISCO DOWNTOWN, CA US",37.7705,-122.4269,Hourly LCDv2 weather used for 9 PM to midnight,"Skate route '20:50:34 - FNS' occurred on 2023-04-21. Hourly weather from Unknown hourly station (UNKNOWN) was summarized for 9 PM to midnight local time. Mean temperature was 60.7°F (Mild). No hourly precipitation was recorded in the 9 PM to midnight window. Mean wind was 12.4 mph, max wind 17.0 mph, max gust nan mph (Breezy). Minimum visibility was 10.0 miles (Good visibility). Sky conditions: FEW:02 6 SCT:04 200 (2); FEW:02 140 SCT:04 220 BKN:07 300 (2); FEW:02 5 FEW:02 200 (1); FEW:02 30 FEW:02 140 SCT:04 180 (1).",2023-04-21 20:50:34 - FNS,8934099507,2023-04-21T20:50:34-07:00,2023-04-21T23:47:42-07:00,NOAA NCEI legacy route weather pipeline,NOAA NCEI,Unknown hourly station,legacy_fixed_local_window,,,,,
2023-04-22,20:34:55 - SNS,https://handicapskater.com/common/maps/20230422-20_34_55-SNS-8940184472.html,True,False,False,No recorded rain from 9 PM to midnight,No downtown daily rain,0.0,0.0,0,0.0,59.0,55.0,65.0,Mild,49.714285714285715,72.0,16.571428571428573,23.0,29.0,280.04375324063926,Windy,10.0,10.0,Good visibility,FEW:02 8 (3); FEW:02 9 SCT:04 200 (1); FEW:02 10 SCT:04 200 (1); FEW:02 12 BKN:07 200 (1),,2023-04-22T21:00:00-07:00,2023-04-22T23:59:59-07:00,True,7,UNKNOWN,Unknown hourly station,,,USW00023272,"SAN FRANCISCO DOWNTOWN, CA US",37.7705,-122.4269,Hourly LCDv2 weather used for 9 PM to midnight,"Skate route '20:34:55 - SNS' occurred on 2023-04-22. Hourly weather from Unknown hourly station (UNKNOWN) was summarized for 9 PM to midnight local time. Mean temperature was 59.0°F (Mild). No hourly precipitation was recorded in the 9 PM to midnight window. Mean wind was 16.6 mph, max wind 23.0 mph, max gust 29.0 mph (Windy). Minimum visibility was 10.0 miles (Good visibility). Sky conditions: FEW:02 8 (3); FEW:02 9 SCT:04 200 (1); FEW:02 10 SCT:04 200 (1); FEW:02 12 BKN:07 200 (1).",2023-04-22 20:34:55 - SNS,8940184472,2023-04-22T20:34:55-07:00,2023-04-22T23:00:00-07:00,NOAA NCEI legacy route weather pipeline,NOAA NCEI,Unknown hourly station,legacy_fixed_local_window,,,,,
2023-04-28,20:52:07 - FNS,https://handicapskater.com/common/maps/20230428-20_52_07-FNS-8975456958.html,False,False,False,No recorded rain from 9 PM to midnight,No downtown daily rain,0.0,0.0,0,0.0,58.42857142857143,52.0,67.0,Mild,51.142857142857146,78.14285714285714,14.0,16.0,,298.5758722285095,Breezy,10.0,10.0,Good visibility,FEW:02 5 FEW:02 16 (2); FEW:02 10 FEW:02 180 BKN:07 220 (2); FEW:02 5 (1); FEW:02 10 SCT:04 180 BKN:07 220 (1),,2023-04-28T21:00:00-07:00,2023-04-28T23:59:59-07:00,True,7,UNKNOWN,Unknown hourly station,,,USW00023272,"SAN FRANCISCO DOWNTOWN, CA US",37.7705,-122.4269,Hourly LCDv2 weather used for 9 PM to midnight,"Skate route '20:52:07 - FNS' occurred on 2023-04-28. Hourly weather from Unknown hourly station (UNKNOWN) was summarized for 9 PM to midnight local time. Mean temperature was 58.4°F (Mild). No hourly precipitation was recorded in the 9 PM to midnight window. Mean wind was 14.0 mph, max wind 16.0 mph, max gust nan mph (Breezy). Minimum visibility was 10.0 miles (Good visibility). Sky conditions: FEW:02 5 FEW:02 16 (2); FEW:02 10 FEW:02 180 BKN:07 220 (2); FEW:02 5 (1); FEW:02 10 SCT:04 180 BKN:07 220 (1).",2023-04-28 20:52:07 - FNS,8975456958,2023-04-28T20:52:07-07:00,2023-04-28T23:49:20-07:00,NOAA NCEI legacy route weather pipeline,NOAA NCEI,Unknown hourly station,legacy_fixed_local_window,,,,,
2023-04-29,20:45:21 - SNS,https://handicapskater.com/common/maps/20230429-20_45_21-SNS-8981491282.html,True,False,False,No recorded rain from 9 PM to midnight,No downtown daily rain,0.0,0.0,0,0.0,56.77777777777778,53.0,62.0,Mild,48.44444444444444,74.22222222222223,12.777777777777779,17.0,30.0,283.3982425123492,Very windy,10.0,10.0,Good visibility,FEW:02 8 BKN:07 200 (2); FEW:02 7 (1); FEW:02 7 SCT:04 13 (1); FEW:02 7 BKN:07 13 (1); FEW:02 7 BKN:07 11 (1),,2023-04-29T21:00:00-07:00,2023-04-29T23:59:59-07:00,True,9,UNKNOWN,Unknown hourly station,,,USW00023272,"SAN FRANCISCO DOWNTOWN, CA US",37.7705,-122.4269,Hourly LCDv2 weather used for 9 PM to midnight,"Skate route '20:45:21 - SNS' occurred on 2023-04-29. Hourly weather from Unknown hourly station (UNKNOWN) was summarized for 9 PM to midnight local time. Mean temperature was 56.8°F (Mild). No hourly precipitation was recorded in the 9 PM to midnight window. Mean wind was 12.8 mph, max wind 17.0 mph, max gust 30.0 mph (Very windy). Minimum visibility was 10.0 miles (Good visibility). Sky conditions: FEW:02 8 BKN:07 200 (2); FEW:02 7 (1); FEW:02 7 SCT:04 13 (1); FEW:02 7 BKN:07 13 (1); FEW:02 7 BKN:07 11 (1).",2023-04-29 20:45:21 - SNS,8981491282,2023-04-29T20:45:21-07:00,2023-04-29T23:26:08-07:00,NOAA NCEI legacy route weather pipeline,NOAA NCEI,Unknown hourly station,legacy_fixed_local_window,,,,,
2023-05-05,20:36:58 - FNS,https://handicapskater.com/common/maps/20230505-20_36_58-FNS-9018641313.html,True,True,False,Light rain from 9 PM to midnight,No downtown daily rain,0.003,0.001,3,0.0,56.57142857142857,55.0,60.0,Mild,47.42857142857143,71.71428571428571,6.571428571428571,16.0,,232.19570416321915,Breezy,10.0,10.0,Good visibility,FEW:02 13 FEW:02 20 OVC:08 80 (1); SCT:04 18 OVC:08 80 (1); FEW:02 19 BKN:07 50 OVC:08 80 (1); FEW:02 25 BKN:07 55 OVC:08 60 (1); FEW:02 25 SCT:04 55 OVC:08 60 (1),-RA:02 |RA |RA (1),2023-05-05T21:00:00-07:00,2023-05-05T23:59:59-07:00,True,7,UNKNOWN,Unknown hourly station,,,USW00023272,"SAN FRANCISCO DOWNTOWN, CA US",37.7705,-122.4269,Hourly LCDv2 weather used for 9 PM to midnight,"Skate route '20:36:58 - FNS' occurred on 2023-05-05. Hourly weather from Unknown hourly station (UNKNOWN) was summarized for 9 PM to midnight local time. Mean temperature was 56.6°F (Mild). Hourly precipitation totaled 0.003 inches with 3 rainy hour(s), categorized as Light rain from 9 PM to midnight. Mean wind was 6.6 mph, max wind 16.0 mph, max gust nan mph (Breezy). Minimum visibility was 10.0 miles (Good visibility). Present weather codes/summary: -RA:02 |RA |RA (1). Sky conditions: FEW:02 13 FEW:02 20 OVC:08 80 (1); SCT:04 18 OVC:08 80 (1); FEW:02 19 BKN:07 50 OVC:08 80 (1); FEW:02 25 BKN:07 55 OVC:08 60 (1); FEW:02 25 SCT:04 55 OVC:08 60 (1).",2023-05-05 20:36:58 - FNS,9018641313,2023-05-05T20:36:58-07:00,2023-05-05T22:43:35-07:00,NOAA NCEI legacy route weather pipeline,NOAA NCEI,Unknown hourly station,legacy_fixed_local_window,,,,,
2023-05-06,20:37:00 - SNS,https://handicapskater.com/common/maps/20230506-20_37_00-SNS-9024859530.html,True,False,True,No recorded rain from 9 PM to midnight,Light downtown daily rain,0.0,0.0,0,0.08,56.142857142857146,53.0,60.0,Mild,48.857142857142854,76.57142857142857,8.714285714285714,15.0,,281.71920953909904,Breezy,10.0,10.0,Good visibility,FEW:02 7 SCT:04 15 BKN:07 40 (1); FEW:02 7 BKN:07 15 BKN:07 35 (1); FEW:02 7 SCT:04 15 SCT:04 42 (1); SCT:04 30 BKN:07 38 (1); SCT:04 28 BKN:07 41 BKN:07 55 (1),,2023-05-06T21:00:00-07:00,2023-05-06T23:59:59-07:00,True,7,UNKNOWN,Unknown hourly station,,,USW00023272,"SAN FRANCISCO DOWNTOWN, CA US",37.7705,-122.4269,Hourly LCDv2 weather used for 9 PM to midnight,"Skate route '20:37:00 - SNS' occurred on 2023-05-06. Hourly weather from Unknown hourly station (UNKNOWN) was summarized for 9 PM to midnight local time. Mean temperature was 56.1°F (Mild). No hourly precipitation was recorded in the 9 PM to midnight window. Mean wind was 8.7 mph, max wind 15.0 mph, max gust nan mph (Breezy). Minimum visibility was 10.0 miles (Good visibility). Sky conditions: FEW:02 7 SCT:04 15 BKN:07 40 (1); FEW:02 7 BKN:07 15 BKN:07 35 (1); FEW:02 7 SCT:04 15 SCT:04 42 (1); SCT:04 30 BKN:07 38 (1); SCT:04 28 BKN:07 41 BKN:07 55 (1). The local downtown station SAN FRANCISCO DOWNTOWN, CA US (USW00023272) recorded 0.080 inches of daily precipitation, categorized as Light downtown daily rain.",2023-05-06 20:37:00 - SNS,9024859530,2023-05-06T20:37:00-07:00,2023-05-06T22:48:09-07:00,NOAA NCEI legacy route weather pipeline,NOAA NCEI,Unknown hourly station,legacy_fixed_local_window,,,,,
2023-05-12,20:46:04 - FNS,https://handicapskater.com/common/maps/20230512-20_46_04-FNS-9061212692.html,False,False,False,No recorded rain from 9 PM to midnight,No downtown daily rain,0.0,0.0,0,0.0,57.4,54.0,66.0,Mild,51.3,81.7,13.3,16.0,,291.0024439371027,Breezy,10.0,10.0,Good visibility,FEW:02 10 FEW:02 250 (3); FEW:02 3 SCT:04 6 (1); FEW:02 3 BKN:07 7 (1); FEW:02 3 SCT:04 7 (1); FEW:02 3 SCT:04 5 SCT:04 9 (1),,2023-05-12T21:00:00-07:00,2023-05-12T23:59:59-07:00,True,10,UNKNOWN,Unknown hourly station,,,USW00023272,"SAN FRANCISCO DOWNTOWN, CA US",37.7705,-122.4269,Hourly LCDv2 weather used for 9 PM to midnight,"Skate route '20:46:04 - FNS' occurred on 2023-05-12. Hourly weather from Unknown hourly station (UNKNOWN) was summarized for 9 PM to midnight local time. Mean temperature was 57.4°F (Mild). No hourly precipitation was recorded in the 9 PM to midnight window. Mean wind was 13.3 mph, max wind 16.0 mph, max gust nan mph (Breezy). Minimum visibility was 10.0 miles (Good visibility). Sky conditions: FEW:02 10 FEW:02 250 (3); FEW:02 3 SCT:04 6 (1); FEW:02 3 BKN:07 7 (1); FEW:02 3 SCT:04 7 (1); FEW:02 3 SCT:04 5 SCT:04 9 (1).",2023-05-12 20:46:04 - FNS,9061212692,2023-05-12T20:46:04-07:00,2023-05-12T23:47:19-07:00,NOAA NCEI legacy route weather pipeline,NOAA NCEI,Unknown hourly station,legacy_fixed_local_window,,,,,
2023-05-13,21:04:14 - SNS,https://handicapskater.com/common/maps/20230513-21_04_14-SNS-9067482053.html,False,False,False,No recorded rain from 9 PM to midnight,No downtown daily rain,0.0,0.0,0,0.0,65.14285714285714,55.0,79.0,Mild,53.42857142857143,69.85714285714286,11.714285714285714,14.0,,300.04394650046123,Breezy,10.0,10.0,Good visibility,CLR:00 (3); FEW:02 3 (2); FEW:02 4 (1),,2023-05-13T21:00:00-07:00,2023-05-13T23:59:59-07:00,True,7,UNKNOWN,Unknown hourly station,,,USW00023272,"SAN FRANCISCO DOWNTOWN, CA US",37.7705,-122.4269,Hourly LCDv2 weather used for 9 PM to midnight,"Skate route '21:04:14 - SNS' occurred on 2023-05-13. Hourly weather from Unknown hourly station (UNKNOWN) was summarized for 9 PM to midnight local time. Mean temperature was 65.1°F (Mild). No hourly precipitation was recorded in the 9 PM to midnight window. Mean wind was 11.7 mph, max wind 14.0 mph, max gust nan mph (Breezy). Minimum visibility was 10.0 miles (Good visibility). Sky conditions: CLR:00 (3); FEW:02 3 (2); FEW:02 4 (1).",2023-05-13 21:04:14 - SNS,9067482053,2023-05-13T21:04:14-07:00,2023-05-13T23:23:09-07:00,NOAA NCEI legacy route weather pipeline,NOAA NCEI,Unknown hourly station,legacy_fixed_local_window,,,,,
2023-05-19,20:54:24 - FNS,https://handicapskater.com/common/maps/20230519-20_54_24-FNS-9103882755.html,True,False,False,No recorded rain from 9 PM to midnight,No downtown daily rain,0.0,0.0,0,0.0,58.5,55.0,62.0,Mild,51.5,78.25,14.0,15.0,21.0,271.2505906874253,Windy,10.0,10.0,Good visibility,FEW:02 4 OVC:08 8 (2); SCT:04 13 (2); FEW:02 4 OVC:08 6 (1); BKN:07 13 (1); SCT:04 12 (1),,2023-05-19T21:00:00-07:00,2023-05-19T23:59:59-07:00,True,8,UNKNOWN,Unknown hourly station,,,USW00023272,"SAN FRANCISCO DOWNTOWN, CA US",37.7705,-122.4269,Hourly LCDv2 weather used for 9 PM to midnight,"Skate route '20:54:24 - FNS' occurred on 2023-05-19. Hourly weather from Unknown hourly station (UNKNOWN) was summarized for 9 PM to midnight local time. Mean temperature was 58.5°F (Mild). No hourly precipitation was recorded in the 9 PM to midnight window. Mean wind was 14.0 mph, max wind 15.0 mph, max gust 21.0 mph (Windy). Minimum visibility was 10.0 miles (Good visibility). Sky conditions: FEW:02 4 OVC:08 8 (2); SCT:04 13 (2); FEW:02 4 OVC:08 6 (1); BKN:07 13 (1); SCT:04 12 (1).",2023-05-19 20:54:24 - FNS,9103882755,2023-05-19T20:54:24-07:00,2023-05-19T23:49:46-07:00,NOAA NCEI legacy route weather pipeline,NOAA NCEI,Unknown hourly station,legacy_fixed_local_window,,,,,
2023-05-20,20:27:14 - SNS,https://handicapskater.com/common/maps/20230520-20_27_14-SNS-9110129537.html,True,True,True,Light rain from 9 PM to midnight,Light downtown daily rain,0.01,0.01,1,0.02,58.0,55.0,61.0,Mild,51.75,80.25,13.625,16.0,,265.0,Breezy,9.0,9.857142857142858,Good visibility,FEW:02 4 OVC:08 8 (2); FEW:02 10 BKN:07 13 (2); FEW:02 4 BKN:07 8 OVC:08 12 (1); SCT:04 13 BKN:07 15 (1); SCT:04 11 OVC:08 13 (1),,2023-05-20T21:00:00-07:00,2023-05-20T23:59:59-07:00,True,9,UNKNOWN,Unknown hourly station,,,USW00023272,"SAN FRANCISCO DOWNTOWN, CA US",37.7705,-122.4269,Hourly LCDv2 weather used for 9 PM to midnight,"Skate route '20:27:14 - SNS' occurred on 2023-05-20. Hourly weather from Unknown hourly station (UNKNOWN) was summarized for 9 PM to midnight local time. Mean temperature was 58.0°F (Mild). Hourly precipitation totaled 0.010 inches with 1 rainy hour(s), categorized as Light rain from 9 PM to midnight. Mean wind was 13.6 mph, max wind 16.0 mph, max gust nan mph (Breezy). Minimum visibility was 9.0 miles (Good visibility). Sky conditions: FEW:02 4 OVC:08 8 (2); FEW:02 10 BKN:07 13 (2); FEW:02 4 BKN:07 8 OVC:08 12 (1); SCT:04 13 BKN:07 15 (1); SCT:04 11 OVC:08 13 (1). The local downtown station SAN FRANCISCO DOWNTOWN, CA US (USW00023272) recorded 0.020 inches of daily precipitation, categorized as Light downtown daily rain.",2023-05-20 20:27:14 - SNS,9110129537,2023-05-20T20:27:14-07:00,2023-05-20T23:02:39-07:00,NOAA NCEI legacy route weather pipeline,NOAA NCEI,Unknown hourly station,legacy_fixed_local_window,,,,,
2023-05-26,20:48:16 - FNS,https://handicapskater.com/common/maps/20230526-20_48_16-FNS-9147703851.html,True,False,False,No recorded rain from 9 PM to midnight,No downtown daily rain,0.0,0.0,0,0.0,59.125,55.0,64.0,Mild,49.25,69.875,12.5,16.0,30.0,258.74461549097725,Very windy,10.0,10.0,Good visibility,FEW:02 9 OVC:08 14 (3); SCT:04 27 (2); FEW:02 9 OVC:08 12 (1); FEW:02 15 SCT:04 27 (1),,2023-05-26T21:00:00-07:00,2023-05-26T23:59:59-07:00,True,8,UNKNOWN,Unknown hourly station,,,USW00023272,"SAN FRANCISCO DOWNTOWN, CA US",37.7705,-122.4269,Hourly LCDv2 weather used for 9 PM to midnight,"Skate route '20:48:16 - FNS' occurred on 2023-05-26. Hourly weather from Unknown hourly station (UNKNOWN) was summarized for 9 PM to midnight local time. Mean temperature was 59.1°F (Mild). No hourly precipitation was recorded in the 9 PM to midnight window. Mean wind was 12.5 mph, max wind 16.0 mph, max gust 30.0 mph (Very windy). Minimum visibility was 10.0 miles (Good visibility). Sky conditions: FEW:02 9 OVC:08 14 (3); SCT:04 27 (2); FEW:02 9 OVC:08 12 (1); FEW:02 15 SCT:04 27 (1).",2023-05-26 20:48:16 - FNS,9147703851,2023-05-26T20:48:16-07:00,2023-05-26T23:47:49-07:00,NOAA NCEI legacy route weather pipeline,NOAA NCEI,Unknown hourly station,legacy_fixed_local_window,,,,,
2023-05-27,20:20:58 - SNS,https://handicapskater.com/common/maps/20230527-20_20_58-SNS-9153994366.html,True,False,False,No recorded rain from 9 PM to midnight,No downtown daily rain,0.0,0.0,0,0.0,58.57142857142857,55.0,63.0,Mild,50.714285714285715,76.14285714285714,14.571428571428571,16.0,23.0,265.60411120880514,Windy,10.0,10.0,Good visibility,FEW:02 4 OVC:08 8 (3); FEW:02 14 (1); FEW:02 14 FEW:02 150 (1); FEW:02 25 FEW:02 180 (1),,2023-05-27T21:00:00-07:00,2023-05-27T23:59:59-07:00,True,7,UNKNOWN,Unknown hourly station,,,USW00023272,"SAN FRANCISCO DOWNTOWN, CA US",37.7705,-122.4269,Hourly LCDv2 weather used for 9 PM to midnight,"Skate route '20:20:58 - SNS' occurred on 2023-05-27. Hourly weather from Unknown hourly station (UNKNOWN) was summarized for 9 PM to midnight local time. Mean temperature was 58.6°F (Mild). No hourly precipitation was recorded in the 9 PM to midnight window. Mean wind was 14.6 mph, max wind 16.0 mph, max gust 23.0 mph (Windy). Minimum visibility was 10.0 miles (Good visibility). Sky conditions: FEW:02 4 OVC:08 8 (3); FEW:02 14 (1); FEW:02 14 FEW:02 150 (1); FEW:02 25 FEW:02 180 (1).",2023-05-27 20:20:58 - SNS,9153994366,2023-05-27T20:20:58-07:00,2023-05-27T22:50:27-07:00,NOAA NCEI legacy route weather pipeline,NOAA NCEI,Unknown hourly station,legacy_fixed_local_window,,,,,
2023-06-02,20:50:18 - FNS,https://handicapskater.com/common/maps/20230602-20_50_18-FNS-9191795249.html,False,False,False,No recorded rain from 9 PM to midnight,No downtown daily rain,0.0,0.0,0,0.0,58.75,54.0,67.0,Mild,48.75,70.25,11.0,15.0,,277.49463595216054,Breezy,9.94,9.9925,Good visibility,FEW:02 7 (2); FEW:02 5 (2); CLR:00 (2); FEW:02 13 (1),,2023-06-02T21:00:00-07:00,2023-06-02T23:59:59-07:00,True,8,UNKNOWN,Unknown hourly station,,,USW00023272,"SAN FRANCISCO DOWNTOWN, CA US",37.7705,-122.4269,Hourly LCDv2 weather used for 9 PM to midnight,"Skate route '20:50:18 - FNS' occurred on 2023-06-02. Hourly weather from Unknown hourly station (UNKNOWN) was summarized for 9 PM to midnight local time. Mean temperature was 58.8°F (Mild). No hourly precipitation was recorded in the 9 PM to midnight window. Mean wind was 11.0 mph, max wind 15.0 mph, max gust nan mph (Breezy). Minimum visibility was 9.9 miles (Good visibility). Sky conditions: FEW:02 7 (2); FEW:02 5 (2); CLR:00 (2); FEW:02 13 (1).",2023-06-02 20:50:18 - FNS,9191795249,2023-06-02T20:50:18-07:00,2023-06-02T23:09:04-07:00,NOAA NCEI legacy route weather pipeline,NOAA NCEI,Unknown hourly station,legacy_fixed_local_window,,,,,
2023-06-03,20:58:03 - SNS,https://handicapskater.com/common/maps/20230603-20_58_03-SNS-9198389594.html,False,False,False,No recorded rain from 9 PM to midnight,No downtown daily rain,0.0,0.0,0,0.0,62.142857142857146,56.0,71.0,Mild,51.0,68.71428571428571,13.0,17.0,,297.14730744824914,Breezy,9.94,9.991428571428571,Good visibility,SCT:04 200 (3); FEW:02 12 FEW:02 200 (1); FEW:02 9 FEW:02 200 (1); FEW:02 8 FEW:02 200 (1),,2023-06-03T21:00:00-07:00,2023-06-03T23:59:59-07:00,True,7,UNKNOWN,Unknown hourly station,,,USW00023272,"SAN FRANCISCO DOWNTOWN, CA US",37.7705,-122.4269,Hourly LCDv2 weather used for 9 PM to midnight,"Skate route '20:58:03 - SNS' occurred on 2023-06-03. Hourly weather from Unknown hourly station (UNKNOWN) was summarized for 9 PM to midnight local time. Mean temperature was 62.1°F (Mild). No hourly precipitation was recorded in the 9 PM to midnight window. Mean wind was 13.0 mph, max wind 17.0 mph, max gust nan mph (Breezy). Minimum visibility was 9.9 miles (Good visibility). Sky conditions: SCT:04 200 (3); FEW:02 12 FEW:02 200 (1); FEW:02 9 FEW:02 200 (1); FEW:02 8 FEW:02 200 (1).",2023-06-03 20:58:03 - SNS,9198389594,2023-06-03T20:58:03-07:00,2023-06-03T23:22:54-07:00,NOAA NCEI legacy route weather pipeline,NOAA NCEI,Unknown hourly station,legacy_fixed_local_window,,,,,
2023-06-09,20:53:03 - FNS,https://handicapskater.com/common/maps/20230609-20_53_03-FNS-9236408340.html,False,False,False,No recorded rain from 9 PM to midnight,No downtown daily rain,0.0,0.0,0,0.0,59.625,56.0,66.0,Mild,49.75,70.875,12.25,16.0,,277.4664743531242,Breezy,9.94,9.9925,Good visibility,FEW:02 9 OVC:08 14 (2); FEW:02 20 FEW:02 30 BKN:07 200 (2); FEW:02 9 BKN:07 14 (1); FEW:02 8 OVC:08 12 (1); FEW:02 20 FEW:02 30 BKN:07 180 (1),,2023-06-09T21:00:00-07:00,2023-06-09T23:59:59-07:00,True,8,UNKNOWN,Unknown hourly station,,,USW00023272,"SAN FRANCISCO DOWNTOWN, CA US",37.7705,-122.4269,Hourly LCDv2 weather used for 9 PM to midnight,"Skate route '20:53:03 - FNS' occurred on 2023-06-09. Hourly weather from Unknown hourly station (UNKNOWN) was summarized for 9 PM to midnight local time. Mean temperature was 59.6°F (Mild). No hourly precipitation was recorded in the 9 PM to midnight window. Mean wind was 12.2 mph, max wind 16.0 mph, max gust nan mph (Breezy). Minimum visibility was 9.9 miles (Good visibility). Sky conditions: FEW:02 9 OVC:08 14 (2); FEW:02 20 FEW:02 30 BKN:07 200 (2); FEW:02 9 BKN:07 14 (1); FEW:02 8 OVC:08 12 (1); FEW:02 20 FEW:02 30 BKN:07 180 (1).",2023-06-09 20:53:03 - FNS,9236408340,2023-06-09T20:53:03-07:00,2023-06-09T23:47:04-07:00,NOAA NCEI legacy route weather pipeline,NOAA NCEI,Unknown hourly station,legacy_fixed_local_window,,,,,
2023-06-10,20:32:38 - SNS,https://handicapskater.com/common/maps/20230610-20_32_38-SNS-9242702933.html,False,False,False,No recorded rain from 9 PM to midnight,No downtown daily rain,0.0,0.0,0,0.0,60.0,55.0,64.0,Mild,51.111111111111114,73.33333333333333,10.666666666666666,13.0,,279.89645479802215,Breezy,9.94,9.993333333333332,Good visibility,FEW:02 15 SCT:04 80 BKN:07 140 (2); FEW:02 8 BKN:07 65 BKN:07 140 (2); FEW:02 6 SCT:04 150 (1); FEW:02 7 SCT:04 19 SCT:04 150 (1); FEW:02 6 SCT:04 10 (1),,2023-06-10T21:00:00-07:00,2023-06-10T23:59:59-07:00,True,9,UNKNOWN,Unknown hourly station,,,USW00023272,"SAN FRANCISCO DOWNTOWN, CA US",37.7705,-122.4269,Hourly LCDv2 weather used for 9 PM to midnight,"Skate route '20:32:38 - SNS' occurred on 2023-06-10. Hourly weather from Unknown hourly station (UNKNOWN) was summarized for 9 PM to midnight local time. Mean temperature was 60.0°F (Mild). No hourly precipitation was recorded in the 9 PM to midnight window. Mean wind was 10.7 mph, max wind 13.0 mph, max gust nan mph (Breezy). Minimum visibility was 9.9 miles (Good visibility). Sky conditions: FEW:02 15 SCT:04 80 BKN:07 140 (2); FEW:02 8 BKN:07 65 BKN:07 140 (2); FEW:02 6 SCT:04 150 (1); FEW:02 7 SCT:04 19 SCT:04 150 (1); FEW:02 6 SCT:04 10 (1).",2023-06-10 20:32:38 - SNS,9242702933,2023-06-10T20:32:38-07:00,2023-06-10T22:49:25-07:00,NOAA NCEI legacy route weather pipeline,NOAA NCEI,Unknown hourly station,legacy_fixed_local_window,,,,,
2023-06-16,20:49:09 - FNS,https://handicapskater.com/common/maps/20230616-20_49_09-FNS-9280101394.html,True,False,False,No recorded rain from 9 PM to midnight,No downtown daily rain,0.0,0.0,0,0.0,62.125,58.0,69.0,Mild,54.625,76.875,12.125,17.0,33.0,302.4952312784634,Very windy,9.94,9.9925,Good visibility,FEW:02 5 BKN:07 14 (2); FEW:02 10 FEW:02 220 (2); FEW:02 6 FEW:02 12 (1); FEW:02 5 FEW:02 10 SCT:04 200 (1); FEW:02 10 FEW:02 230 (1),,2023-06-16T21:00:00-07:00,2023-06-16T23:59:59-07:00,True,8,UNKNOWN,Unknown hourly station,,,USW00023272,"SAN FRANCISCO DOWNTOWN, CA US",37.7705,-122.4269,Hourly LCDv2 weather used for 9 PM to midnight,"Skate route '20:49:09 - FNS' occurred on 2023-06-16. Hourly weather from Unknown hourly station (UNKNOWN) was summarized for 9 PM to midnight local time. Mean temperature was 62.1°F (Mild). No hourly precipitation was recorded in the 9 PM to midnight window. Mean wind was 12.1 mph, max wind 17.0 mph, max gust 33.0 mph (Very windy). Minimum visibility was 9.9 miles (Good visibility). Sky conditions: FEW:02 5 BKN:07 14 (2); FEW:02 10 FEW:02 220 (2); FEW:02 6 FEW:02 12 (1); FEW:02 5 FEW:02 10 SCT:04 200 (1); FEW:02 10 FEW:02 230 (1).",2023-06-16 20:49:09 - FNS,9280101394,2023-06-16T20:49:09-07:00,2023-06-16T23:49:45-07:00,NOAA NCEI legacy route weather pipeline,NOAA NCEI,Unknown hourly station,legacy_fixed_local_window,,,,,
2023-06-17,20:35:06 - SNS,https://handicapskater.com/common/maps/20230617-20_35_06-SNS-9286405596.html,True,False,False,No recorded rain from 9 PM to midnight,No downtown daily rain,0.0,0.0,0,0.0,62.0,59.0,66.0,Mild,53.285714285714285,73.57142857142857,14.714285714285714,16.0,28.0,282.8312934736491,Windy,9.94,9.991428571428571,Good visibility,FEW:02 4 SCT:04 200 (1); FEW:02 5 SCT:04 15 SCT:04 200 (1); FEW:02 5 SCT:04 13 (1); SCT:04 15 SCT:04 200 (1); FEW:02 15 SCT:04 200 (1),,2023-06-17T21:00:00-07:00,2023-06-17T23:59:59-07:00,True,7,UNKNOWN,Unknown hourly station,,,USW00023272,"SAN FRANCISCO DOWNTOWN, CA US",37.7705,-122.4269,Hourly LCDv2 weather used for 9 PM to midnight,"Skate route '20:35:06 - SNS' occurred on 2023-06-17. Hourly weather from Unknown hourly station (UNKNOWN) was summarized for 9 PM to midnight local time. Mean temperature was 62.0°F (Mild). No hourly precipitation was recorded in the 9 PM to midnight window. Mean wind was 14.7 mph, max wind 16.0 mph, max gust 28.0 mph (Windy). Minimum visibility was 9.9 miles (Good visibility). Sky conditions: FEW:02 4 SCT:04 200 (1); FEW:02 5 SCT:04 15 SCT:04 200 (1); FEW:02 5 SCT:04 13 (1); SCT:04 15 SCT:04 200 (1); FEW:02 15 SCT:04 200 (1).",2023-06-17 20:35:06 - SNS,9286405596,2023-06-17T20:35:06-07:00,2023-06-17T23:15:14-07:00,NOAA NCEI legacy route weather pipeline,NOAA NCEI,Unknown hourly station,legacy_fixed_local_window,,,,,
2023-06-23,20:50:08 - FNS,https://handicapskater.com/common/maps/20230623-20_50_08-FNS-9323169669.html,True,False,False,No recorded rain from 9 PM to midnight,No downtown daily rain,0.0,0.0,0,0.0,60.375,57.0,65.0,Mild,50.125,69.625,12.0,17.0,30.0,270.0,Very windy,9.94,9.9925,Good visibility,FEW:02 6 SCT:04 20 (3); FEW:02 6 SCT:04 18 (1); FEW:02 30 SCT:04 220 (1); FEW:02 30 BKN:07 220 (1); FEW:02 30 FEW:02 180 SCT:04 220 (1),,2023-06-23T21:00:00-07:00,2023-06-23T23:59:59-07:00,True,8,UNKNOWN,Unknown hourly station,,,USW00023272,"SAN FRANCISCO DOWNTOWN, CA US",37.7705,-122.4269,Hourly LCDv2 weather used for 9 PM to midnight,"Skate route '20:50:08 - FNS' occurred on 2023-06-23. Hourly weather from Unknown hourly station (UNKNOWN) was summarized for 9 PM to midnight local time. Mean temperature was 60.4°F (Mild). No hourly precipitation was recorded in the 9 PM to midnight window. Mean wind was 12.0 mph, max wind 17.0 mph, max gust 30.0 mph (Very windy). Minimum visibility was 9.9 miles (Good visibility). Sky conditions: FEW:02 6 SCT:04 20 (3); FEW:02 6 SCT:04 18 (1); FEW:02 30 SCT:04 220 (1); FEW:02 30 BKN:07 220 (1); FEW:02 30 FEW:02 180 SCT:04 220 (1).",2023-06-23 20:50:08 - FNS,9323169669,2023-06-23T20:50:08-07:00,2023-06-23T23:49:36-07:00,NOAA NCEI legacy route weather pipeline,NOAA NCEI,Unknown hourly station,legacy_fixed_local_window,,,,,
2023-06-24,20:33:05 - SNS,https://handicapskater.com/common/maps/20230624-20_33_05-SNS-9329319069.html,False,False,False,No recorded rain from 9 PM to midnight,No downtown daily rain,0.0,0.0,0,0.0,61.0,58.0,65.0,Mild,50.285714285714285,68.71428571428571,12.714285714285714,17.0,18.0,268.6009684413631,Breezy,9.94,9.991428571428571,Good visibility,FEW:02 11 OVC:08 15 (2); OVC:08 15 (1); SCT:04 23 (1); FEW:02 15 FEW:02 65 (1); FEW:02 15 FEW:02 180 (1),,2023-06-24T21:00:00-07:00,2023-06-24T23:59:59-07:00,True,7,UNKNOWN,Unknown hourly station,,,USW00023272,"SAN FRANCISCO DOWNTOWN, CA US",37.7705,-122.4269,Hourly LCDv2 weather used for 9 PM to midnight,"Skate route '20:33:05 - SNS' occurred on 2023-06-24. Hourly weather from Unknown hourly station (UNKNOWN) was summarized for 9 PM to midnight local time. Mean temperature was 61.0°F (Mild). No hourly precipitation was recorded in the 9 PM to midnight window. Mean wind was 12.7 mph, max wind 17.0 mph, max gust 18.0 mph (Breezy). Minimum visibility was 9.9 miles (Good visibility). Sky conditions: FEW:02 11 OVC:08 15 (2); OVC:08 15 (1); SCT:04 23 (1); FEW:02 15 FEW:02 65 (1); FEW:02 15 FEW:02 180 (1).",2023-06-24 20:33:05 - SNS,9329319069,2023-06-24T20:33:05-07:00,2023-06-24T23:13:46-07:00,NOAA NCEI legacy route weather pipeline,NOAA NCEI,Unknown hourly station,legacy_fixed_local_window,,,,,
2023-06-30,20:47:29 - FNS,https://handicapskater.com/common/maps/20230630-20_47_29-FNS-9365939219.html,False,False,False,No recorded rain from 9 PM to midnight,No downtown daily rain,0.0,0.0,0,0.0,61.857142857142854,55.0,71.0,Mild,53.0,74.57142857142857,13.285714285714286,17.0,,297.1473074482491,Breezy,9.0,9.848571428571429,Good visibility,FEW:02 10 (3); FEW:02 2 FEW:02 8 (2); FEW:02 2 (1),,2023-06-30T21:00:00-07:00,2023-06-30T23:59:59-07:00,True,10,UNKNOWN,Unknown hourly station,,,USW00023272,"SAN FRANCISCO DOWNTOWN, CA US",37.7705,-122.4269,Hourly LCDv2 weather used for 9 PM to midnight,"Skate route '20:47:29 - FNS' occurred on 2023-06-30. Hourly weather from Unknown hourly station (UNKNOWN) was summarized for 9 PM to midnight local time. Mean temperature was 61.9°F (Mild). No hourly precipitation was recorded in the 9 PM to midnight window. Mean wind was 13.3 mph, max wind 17.0 mph, max gust nan mph (Breezy). Minimum visibility was 9.0 miles (Good visibility). Sky conditions: FEW:02 10 (3); FEW:02 2 FEW:02 8 (2); FEW:02 2 (1).",2023-06-30 20:47:29 - FNS,9365939219,2023-06-30T20:47:29-07:00,2023-06-30T23:40:15-07:00,NOAA NCEI legacy route weather pipeline,NOAA NCEI,Unknown hourly station,legacy_fixed_local_window,,,,,
2023-07-01,20:45:15 - SNS,https://handicapskater.com/common/maps/20230701-20_45_15-SNS-9371961852.html,False,False,False,No recorded rain from 9 PM to midnight,No downtown daily rain,0.0,0.0,0,0.0,73.28571428571429,64.0,85.0,Warm,54.142857142857146,53.0,8.857142857142858,13.0,,304.0930132250419,Breezy,9.94,9.991428571428571,Good visibility,CLR:00 (3); FEW:02 200 (3),,2023-07-01T21:00:00-07:00,2023-07-01T23:59:59-07:00,True,7,UNKNOWN,Unknown hourly station,,,USW00023272,"SAN FRANCISCO DOWNTOWN, CA US",37.7705,-122.4269,Hourly LCDv2 weather used for 9 PM to midnight,"Skate route '20:45:15 - SNS' occurred on 2023-07-01. Hourly weather from Unknown hourly station (UNKNOWN) was summarized for 9 PM to midnight local time. Mean temperature was 73.3°F (Warm). No hourly precipitation was recorded in the 9 PM to midnight window. Mean wind was 8.9 mph, max wind 13.0 mph, max gust nan mph (Breezy). Minimum visibility was 9.9 miles (Good visibility). Sky conditions: CLR:00 (3); FEW:02 200 (3).",2023-07-01 20:45:15 - SNS,9371961852,2023-07-01T20:45:15-07:00,2023-07-01T23:22:55-07:00,NOAA NCEI legacy route weather pipeline,NOAA NCEI,Unknown hourly station,legacy_fixed_local_window,,,,,
2023-07-07,20:49:14 - FNS,https://handicapskater.com/common/maps/20230707-20_49_14-FNS-9409450121.html,True,False,False,No recorded rain from 9 PM to midnight,No downtown daily rain,0.0,0.0,0,0.0,59.54545454545455,57.0,63.0,Mild,51.36363636363637,75.0,15.454545454545455,23.0,32.0,265.0,Very windy,9.94,9.994545454545454,Good visibility,FEW:02 9 BKN:07 15 (3); FEW:02 8 BKN:07 13 (2); SCT:04 18 (2); FEW:02 10 SCT:04 16 (1); OVC:08 15 (1),,2023-07-07T21:00:00-07:00,2023-07-07T23:59:59-07:00,True,11,UNKNOWN,Unknown hourly station,,,USW00023272,"SAN FRANCISCO DOWNTOWN, CA US",37.7705,-122.4269,Hourly LCDv2 weather used for 9 PM to midnight,"Skate route '20:49:14 - FNS' occurred on 2023-07-07. Hourly weather from Unknown hourly station (UNKNOWN) was summarized for 9 PM to midnight local time. Mean temperature was 59.5°F (Mild). No hourly precipitation was recorded in the 9 PM to midnight window. Mean wind was 15.5 mph, max wind 23.0 mph, max gust 32.0 mph (Very windy). Minimum visibility was 9.9 miles (Good visibility). Sky conditions: FEW:02 9 BKN:07 15 (3); FEW:02 8 BKN:07 13 (2); SCT:04 18 (2); FEW:02 10 SCT:04 16 (1); OVC:08 15 (1).",2023-07-07 20:49:14 - FNS,9409450121,2023-07-07T20:49:14-07:00,2023-07-07T23:42:01-07:00,NOAA NCEI legacy route weather pipeline,NOAA NCEI,Unknown hourly station,legacy_fixed_local_window,,,,,
2023-07-08,20:50:49 - SNS,https://handicapskater.com/common/maps/20230708-20_50_49-SNS-9415772962.html,True,False,False,No recorded rain from 9 PM to midnight,No downtown daily rain,0.0,0.0,0,0.0,60.0,56.0,65.0,Mild,50.42857142857143,72.0,20.142857142857142,22.0,34.0,264.2589616356343,Very windy,9.94,9.991428571428571,Good visibility,FEW:02 18 (3); FEW:02 7 OVC:08 13 (1); FEW:02 6 BKN:07 9 OVC:08 12 (1); FEW:02 6 OVC:08 9 (1),,2023-07-08T21:00:00-07:00,2023-07-08T23:59:59-07:00,True,7,UNKNOWN,Unknown hourly station,,,USW00023272,"SAN FRANCISCO DOWNTOWN, CA US",37.7705,-122.4269,Hourly LCDv2 weather used for 9 PM to midnight,"Skate route '20:50:49 - SNS' occurred on 2023-07-08. Hourly weather from Unknown hourly station (UNKNOWN) was summarized for 9 PM to midnight local time. Mean temperature was 60.0°F (Mild). No hourly precipitation was recorded in the 9 PM to midnight window. Mean wind was 20.1 mph, max wind 22.0 mph, max gust 34.0 mph (Very windy). Minimum visibility was 9.9 miles (Good visibility). Sky conditions: FEW:02 18 (3); FEW:02 7 OVC:08 13 (1); FEW:02 6 BKN:07 9 OVC:08 12 (1); FEW:02 6 OVC:08 9 (1).",2023-07-08 20:50:49 - SNS,9415772962,2023-07-08T20:50:49-07:00,2023-07-08T23:22:51-07:00,NOAA NCEI legacy route weather pipeline,NOAA NCEI,Unknown hourly station,legacy_fixed_local_window,,,,,
2023-07-14,20:45:16 - FNS,https://handicapskater.com/common/maps/20230714-20_45_16-FNS-9453377523.html,False,False,False,No recorded rain from 9 PM to midnight,No downtown daily rain,0.0,0.0,0,0.0,63.142857142857146,57.0,73.0,Mild,54.57142857142857,75.85714285714286,16.0,17.0,,295.71606716966204,Breezy,9.94,9.991428571428571,Good visibility,FEW:02 10 (3); FEW:02 1 FEW:02 5 (2); FEW:02 1 SCT:04 5 (1),,2023-07-14T21:00:00-07:00,2023-07-14T23:59:59-07:00,True,7,UNKNOWN,Unknown hourly station,,,USW00023272,"SAN FRANCISCO DOWNTOWN, CA US",37.7705,-122.4269,Hourly LCDv2 weather used for 9 PM to midnight,"Skate route '20:45:16 - FNS' occurred on 2023-07-14. Hourly weather from Unknown hourly station (UNKNOWN) was summarized for 9 PM to midnight local time. Mean temperature was 63.1°F (Mild). No hourly precipitation was recorded in the 9 PM to midnight window. Mean wind was 16.0 mph, max wind 17.0 mph, max gust nan mph (Breezy). Minimum visibility was 9.9 miles (Good visibility). Sky conditions: FEW:02 10 (3); FEW:02 1 FEW:02 5 (2); FEW:02 1 SCT:04 5 (1).",2023-07-14 20:45:16 - FNS,9453377523,2023-07-14T20:45:16-07:00,2023-07-14T23:47:51-07:00,NOAA NCEI legacy route weather pipeline,NOAA NCEI,Unknown hourly station,legacy_fixed_local_window,,,,,
2023-07-15,21:03:56 - SNS,https://handicapskater.com/common/maps/20230715-21_03_56-SNS-9459540850.html,False,False,False,No recorded rain from 9 PM to midnight,No downtown daily rain,0.0,0.0,0,0.0,65.42857142857143,58.0,78.0,Mild,54.285714285714285,70.0,13.571428571428571,16.0,,294.30266140541534,Breezy,9.94,9.991428571428571,Good visibility,FEW:02 2 SCT:04 180 (2); FEW:02 2 FEW:02 180 (1); FEW:02 10 FEW:02 50 (1); FEW:02 10 FEW:02 60 (1); FEW:02 10 FEW:02 65 (1),,2023-07-15T21:00:00-07:00,2023-07-15T23:59:59-07:00,True,7,UNKNOWN,Unknown hourly station,,,USW00023272,"SAN FRANCISCO DOWNTOWN, CA US",37.7705,-122.4269,Hourly LCDv2 weather used for 9 PM to midnight,"Skate route '21:03:56 - SNS' occurred on 2023-07-15. Hourly weather from Unknown hourly station (UNKNOWN) was summarized for 9 PM to midnight local time. Mean temperature was 65.4°F (Mild). No hourly precipitation was recorded in the 9 PM to midnight window. Mean wind was 13.6 mph, max wind 16.0 mph, max gust nan mph (Breezy). Minimum visibility was 9.9 miles (Good visibility). Sky conditions: FEW:02 2 SCT:04 180 (2); FEW:02 2 FEW:02 180 (1); FEW:02 10 FEW:02 50 (1); FEW:02 10 FEW:02 60 (1); FEW:02 10 FEW:02 65 (1).",2023-07-15 21:03:56 - SNS,9459540850,2023-07-15T21:03:56-07:00,2023-07-15T23:32:48-07:00,NOAA NCEI legacy route weather pipeline,NOAA NCEI,Unknown hourly station,legacy_fixed_local_window,,,,,
2023-07-21,20:46:32 - FNS,https://handicapskater.com/common/maps/20230721-20_46_32-FNS-9497605381.html,False,False,False,No recorded rain from 9 PM to midnight,No downtown daily rain,0.0,0.0,0,0.0,65.0,58.0,73.0,Mild,53.125,66.875,15.5,17.0,,298.74461549097725,Breezy,9.94,9.9925,Good visibility,CLR:00 (3); FEW:02 10 FEW:02 180 (2); FEW:02 8 FEW:02 200 (2),,2023-07-21T21:00:00-07:00,2023-07-21T23:59:59-07:00,True,8,UNKNOWN,Unknown hourly station,,,USW00023272,"SAN FRANCISCO DOWNTOWN, CA US",37.7705,-122.4269,Hourly LCDv2 weather used for 9 PM to midnight,"Skate route '20:46:32 - FNS' occurred on 2023-07-21. Hourly weather from Unknown hourly station (UNKNOWN) was summarized for 9 PM to midnight local time. Mean temperature was 65.0°F (Mild). No hourly precipitation was recorded in the 9 PM to midnight window. Mean wind was 15.5 mph, max wind 17.0 mph, max gust nan mph (Breezy). Minimum visibility was 9.9 miles (Good visibility). Sky conditions: CLR:00 (3); FEW:02 10 FEW:02 180 (2); FEW:02 8 FEW:02 200 (2).",2023-07-21 20:46:32 - FNS,9497605381,2023-07-21T20:46:32-07:00,2023-07-21T23:48:28-07:00,NOAA NCEI legacy route weather pipeline,NOAA NCEI,Unknown hourly station,legacy_fixed_local_window,,,,,
2023-07-22,20:42:38 - SNS,https://handicapskater.com/common/maps/20230722-20_42_38-SNS-9503817287.html,False,False,False,No recorded rain from 9 PM to midnight,No downtown daily rain,0.0,0.0,0,0.0,67.85714285714286,61.0,78.0,Mild,53.857142857142854,62.714285714285715,13.0,15.0,,300.0,Breezy,9.94,9.991428571428571,Good visibility,SCT:04 200 (3); FEW:02 200 (1); FEW:02 150 SCT:04 200 (1); FEW:02 55 BKN:07 200 (1),,2023-07-22T21:00:00-07:00,2023-07-22T23:59:59-07:00,True,7,UNKNOWN,Unknown hourly station,,,USW00023272,"SAN FRANCISCO DOWNTOWN, CA US",37.7705,-122.4269,Hourly LCDv2 weather used for 9 PM to midnight,"Skate route '20:42:38 - SNS' occurred on 2023-07-22. Hourly weather from Unknown hourly station (UNKNOWN) was summarized for 9 PM to midnight local time. Mean temperature was 67.9°F (Mild). No hourly precipitation was recorded in the 9 PM to midnight window. Mean wind was 13.0 mph, max wind 15.0 mph, max gust nan mph (Breezy). Minimum visibility was 9.9 miles (Good visibility). Sky conditions: SCT:04 200 (3); FEW:02 200 (1); FEW:02 150 SCT:04 200 (1); FEW:02 55 BKN:07 200 (1).",2023-07-22 20:42:38 - SNS,9503817287,2023-07-22T20:42:38-07:00,2023-07-22T23:23:49-07:00,NOAA NCEI legacy route weather pipeline,NOAA NCEI,Unknown hourly station,legacy_fixed_local_window,,,,,
2023-07-28,20:49:05 - FNS,https://handicapskater.com/common/maps/20230728-20_49_05-FNS-9541040357.html,False,False,False,No recorded rain from 9 PM to midnight,No downtown daily rain,0.0,0.0,0,0.0,63.25,58.0,70.0,Mild,53.5,72.0,11.125,14.0,,286.32039031359375,Breezy,9.94,9.9925,Good visibility,FEW:02 10 FEW:02 140 (3); FEW:02 6 FEW:02 15 (1); FEW:02 6 BKN:07 14 (1); FEW:02 4 BKN:07 9 BKN:07 14 (1); FEW:02 3 BKN:07 7 BKN:07 12 (1),,2023-07-28T21:00:00-07:00,2023-07-28T23:59:59-07:00,True,8,UNKNOWN,Unknown hourly station,,,USW00023272,"SAN FRANCISCO DOWNTOWN, CA US",37.7705,-122.4269,Hourly LCDv2 weather used for 9 PM to midnight,"Skate route '20:49:05 - FNS' occurred on 2023-07-28. Hourly weather from Unknown hourly station (UNKNOWN) was summarized for 9 PM to midnight local time. Mean temperature was 63.2°F (Mild). No hourly precipitation was recorded in the 9 PM to midnight window. Mean wind was 11.1 mph, max wind 14.0 mph, max gust nan mph (Breezy). Minimum visibility was 9.9 miles (Good visibility). Sky conditions: FEW:02 10 FEW:02 140 (3); FEW:02 6 FEW:02 15 (1); FEW:02 6 BKN:07 14 (1); FEW:02 4 BKN:07 9 BKN:07 14 (1); FEW:02 3 BKN:07 7 BKN:07 12 (1).",2023-07-28 20:49:05 - FNS,9541040357,2023-07-28T20:49:05-07:00,2023-07-28T23:47:26-07:00,NOAA NCEI legacy route weather pipeline,NOAA NCEI,Unknown hourly station,legacy_fixed_local_window,,,,,
2023-07-29,20:39:15 - SNS,https://handicapskater.com/common/maps/20230729-20_39_15-SNS-9547197060.html,False,False,False,No recorded rain from 9 PM to midnight,No downtown daily rain,0.0,0.0,0,0.0,62.57142857142857,57.0,70.0,Mild,53.57142857142857,74.42857142857143,14.142857142857142,18.0,,291.4429508333065,Breezy,9.94,9.991428571428571,Good visibility,FEW:02 10 (3); FEW:02 3 SCT:04 7 (1); FEW:02 3 FEW:02 7 (1); FEW:02 2 SCT:04 6 (1),,2023-07-29T21:00:00-07:00,2023-07-29T23:59:59-07:00,True,7,UNKNOWN,Unknown hourly station,,,USW00023272,"SAN FRANCISCO DOWNTOWN, CA US",37.7705,-122.4269,Hourly LCDv2 weather used for 9 PM to midnight,"Skate route '20:39:15 - SNS' occurred on 2023-07-29. Hourly weather from Unknown hourly station (UNKNOWN) was summarized for 9 PM to midnight local time. Mean temperature was 62.6°F (Mild). No hourly precipitation was recorded in the 9 PM to midnight window. Mean wind was 14.1 mph, max wind 18.0 mph, max gust nan mph (Breezy). Minimum visibility was 9.9 miles (Good visibility). Sky conditions: FEW:02 10 (3); FEW:02 3 SCT:04 7 (1); FEW:02 3 FEW:02 7 (1); FEW:02 2 SCT:04 6 (1).",2023-07-29 20:39:15 - SNS,9547197060,2023-07-29T20:39:15-07:00,2023-07-29T22:55:22-07:00,NOAA NCEI legacy route weather pipeline,NOAA NCEI,Unknown hourly station,legacy_fixed_local_window,,,,,
2023-08-04,20:49:12 - FNS,https://handicapskater.com/common/maps/20230804-20_49_12-FNS-9585255637.html,True,False,False,No recorded rain from 9 PM to midnight,No downtown daily rain,0.0,0.0,0,0.0,63.44444444444444,59.0,69.0,Mild,56.333333333333336,78.33333333333333,14.88888888888889,21.0,34.0,282.19845272428176,Very windy,9.94,9.993333333333332,Good visibility,FEW:02 8 (2); FEW:02 4 BKN:07 9 BKN:07 12 (1); FEW:02 4 BKN:07 7 (1); SCT:04 3 BKN:07 7 (1); FEW:02 3 BKN:07 9 (1),,2023-08-04T21:00:00-07:00,2023-08-04T23:59:59-07:00,True,9,UNKNOWN,Unknown hourly station,,,USW00023272,"SAN FRANCISCO DOWNTOWN, CA US",37.7705,-122.4269,Hourly LCDv2 weather used for 9 PM to midnight,"Skate route '20:49:12 - FNS' occurred on 2023-08-04. Hourly weather from Unknown hourly station (UNKNOWN) was summarized for 9 PM to midnight local time. Mean temperature was 63.4°F (Mild). No hourly precipitation was recorded in the 9 PM to midnight window. Mean wind was 14.9 mph, max wind 21.0 mph, max gust 34.0 mph (Very windy). Minimum visibility was 9.9 miles (Good visibility). Sky conditions: FEW:02 8 (2); FEW:02 4 BKN:07 9 BKN:07 12 (1); FEW:02 4 BKN:07 7 (1); SCT:04 3 BKN:07 7 (1); FEW:02 3 BKN:07 9 (1).",2023-08-04 20:49:12 - FNS,9585255637,2023-08-04T20:49:12-07:00,2023-08-04T23:56:12-07:00,NOAA NCEI legacy route weather pipeline,NOAA NCEI,Unknown hourly station,legacy_fixed_local_window,,,,,
2023-08-05,20:49:36 - SNS,https://handicapskater.com/common/maps/20230805-20_49_36-SNS-9591368607.html,False,False,False,No recorded rain from 9 PM to midnight,No downtown daily rain,0.0,0.0,0,0.0,65.375,59.0,72.0,Mild,55.0,70.375,12.75,15.0,,292.4952312784634,Breezy,9.94,9.9925,Good visibility,FEW:02 5 (3); FEW:02 6 (3); FEW:02 6 FEW:02 11 (1),,2023-08-05T21:00:00-07:00,2023-08-05T23:59:59-07:00,True,8,UNKNOWN,Unknown hourly station,,,USW00023272,"SAN FRANCISCO DOWNTOWN, CA US",37.7705,-122.4269,Hourly LCDv2 weather used for 9 PM to midnight,"Skate route '20:49:36 - SNS' occurred on 2023-08-05. Hourly weather from Unknown hourly station (UNKNOWN) was summarized for 9 PM to midnight local time. Mean temperature was 65.4°F (Mild). No hourly precipitation was recorded in the 9 PM to midnight window. Mean wind was 12.8 mph, max wind 15.0 mph, max gust nan mph (Breezy). Minimum visibility was 9.9 miles (Good visibility). Sky conditions: FEW:02 5 (3); FEW:02 6 (3); FEW:02 6 FEW:02 11 (1).",2023-08-05 20:49:36 - SNS,9591368607,2023-08-05T20:49:36-07:00,2023-08-05T23:03:46-07:00,NOAA NCEI legacy route weather pipeline,NOAA NCEI,Unknown hourly station,legacy_fixed_local_window,,,,,
2023-08-11,20:44:24 - FNS,https://handicapskater.com/common/maps/20230811-20_44_24-FNS-9630320755.html,False,False,False,No recorded rain from 9 PM to midnight,No downtown daily rain,0.0,0.0,0,0.0,66.57142857142857,63.0,72.0,Mild,57.57142857142857,73.42857142857143,8.857142857142858,16.0,,305.1280790002082,Breezy,9.94,9.991428571428571,Good visibility,FEW:02 10 FEW:02 100 (2); FEW:02 4 (1); FEW:02 4 FEW:02 100 (1); FEW:02 4 FEW:02 10 (1); FEW:02 10 (1),,2023-08-11T21:00:00-07:00,2023-08-11T23:59:59-07:00,True,7,UNKNOWN,Unknown hourly station,,,USW00023272,"SAN FRANCISCO DOWNTOWN, CA US",37.7705,-122.4269,Hourly LCDv2 weather used for 9 PM to midnight,"Skate route '20:44:24 - FNS' occurred on 2023-08-11. Hourly weather from Unknown hourly station (UNKNOWN) was summarized for 9 PM to midnight local time. Mean temperature was 66.6°F (Mild). No hourly precipitation was recorded in the 9 PM to midnight window. Mean wind was 8.9 mph, max wind 16.0 mph, max gust nan mph (Breezy). Minimum visibility was 9.9 miles (Good visibility). Sky conditions: FEW:02 10 FEW:02 100 (2); FEW:02 4 (1); FEW:02 4 FEW:02 100 (1); FEW:02 4 FEW:02 10 (1); FEW:02 10 (1).",2023-08-11 20:44:24 - FNS,9630320755,2023-08-11T20:44:24-07:00,2023-08-11T23:49:25-07:00,NOAA NCEI legacy route weather pipeline,NOAA NCEI,Unknown hourly station,legacy_fixed_local_window,,,,,
2023-08-12,21:00:31 - SNS,https://handicapskater.com/common/maps/20230812-21_00_31-SNS-9636753215.html,False,False,False,No recorded rain from 9 PM to midnight,No downtown daily rain,0.0,0.0,0,0.0,66.14285714285714,60.0,75.0,Mild,57.57142857142857,75.57142857142857,11.571428571428571,14.0,,297.14730744824914,Breezy,9.94,9.991428571428571,Good visibility,FEW:02 2 (1); FEW:02 2 FEW:02 100 (1); FEW:02 5 BKN:07 100 (1); FEW:02 10 FEW:02 75 FEW:02 200 (1); FEW:02 10 FEW:02 75 (1),,2023-08-12T21:00:00-07:00,2023-08-12T23:59:59-07:00,True,7,UNKNOWN,Unknown hourly station,,,USW00023272,"SAN FRANCISCO DOWNTOWN, CA US",37.7705,-122.4269,Hourly LCDv2 weather used for 9 PM to midnight,"Skate route '21:00:31 - SNS' occurred on 2023-08-12. Hourly weather from Unknown hourly station (UNKNOWN) was summarized for 9 PM to midnight local time. Mean temperature was 66.1°F (Mild). No hourly precipitation was recorded in the 9 PM to midnight window. Mean wind was 11.6 mph, max wind 14.0 mph, max gust nan mph (Breezy). Minimum visibility was 9.9 miles (Good visibility). Sky conditions: FEW:02 2 (1); FEW:02 2 FEW:02 100 (1); FEW:02 5 BKN:07 100 (1); FEW:02 10 FEW:02 75 FEW:02 200 (1); FEW:02 10 FEW:02 75 (1).",2023-08-12 21:00:31 - SNS,9636753215,2023-08-12T21:00:31-07:00,2023-08-12T23:28:24-07:00,NOAA NCEI legacy route weather pipeline,NOAA NCEI,Unknown hourly station,legacy_fixed_local_window,,,,,
2023-08-18,20:51:23 - FNS,https://handicapskater.com/common/maps/20230818-20_51_23-FNS-9676341646.html,True,False,False,No recorded rain from 9 PM to midnight,No downtown daily rain,0.0,0.0,0,0.0,66.66666666666667,64.0,75.0,Mild,59.0,77.13333333333334,8.4,15.0,32.0,308.6628320475738,Very windy,10.0,10.0,Good visibility,FEW:02 5 (12); FEW:02 25 SCT:04 250 (1); FEW:02 10 FEW:02 25 SCT:04 250 (1); FEW:02 10 BKN:07 200 (1),,2023-08-18T21:00:00-07:00,2023-08-18T23:59:59-07:00,True,15,UNKNOWN,Unknown hourly station,,,USW00023272,"SAN FRANCISCO DOWNTOWN, CA US",37.7705,-122.4269,Hourly LCDv2 weather used for 9 PM to midnight,"Skate route '20:51:23 - FNS' occurred on 2023-08-18. Hourly weather from Unknown hourly station (UNKNOWN) was summarized for 9 PM to midnight local time. Mean temperature was 66.7°F (Mild). No hourly precipitation was recorded in the 9 PM to midnight window. Mean wind was 8.4 mph, max wind 15.0 mph, max gust 32.0 mph (Very windy). Minimum visibility was 10.0 miles (Good visibility). Sky conditions: FEW:02 5 (12); FEW:02 25 SCT:04 250 (1); FEW:02 10 FEW:02 25 SCT:04 250 (1); FEW:02 10 BKN:07 200 (1).",2023-08-18 20:51:23 - FNS,9676341646,2023-08-18T20:51:23-07:00,2023-08-18T23:47:30-07:00,NOAA NCEI legacy route weather pipeline,NOAA NCEI,Unknown hourly station,legacy_fixed_local_window,,,,,
2023-08-19,20:42:50 - SNS,https://handicapskater.com/common/maps/20230819-20_42_50-SNS-9682846032.html,False,False,False,No recorded rain from 9 PM to midnight,No downtown daily rain,0.0,0.0,0,0.0,65.85714285714286,62.0,70.0,Mild,59.42857142857143,79.85714285714286,12.857142857142858,17.0,,305.71606716966204,Breezy,9.94,9.991428571428571,Good visibility,FEW:02 4 SCT:04 180 (1); FEW:02 5 BKN:07 120 (1); FEW:02 5 SCT:04 120 (1); FEW:02 10 FEW:02 180 (1); FEW:02 10 FEW:02 40 FEW:02 150 (1),,2023-08-19T21:00:00-07:00,2023-08-19T23:59:59-07:00,True,7,UNKNOWN,Unknown hourly station,,,USW00023272,"SAN FRANCISCO DOWNTOWN, CA US",37.7705,-122.4269,Hourly LCDv2 weather used for 9 PM to midnight,"Skate route '20:42:50 - SNS' occurred on 2023-08-19. Hourly weather from Unknown hourly station (UNKNOWN) was summarized for 9 PM to midnight local time. Mean temperature was 65.9°F (Mild). No hourly precipitation was recorded in the 9 PM to midnight window. Mean wind was 12.9 mph, max wind 17.0 mph, max gust nan mph (Breezy). Minimum visibility was 9.9 miles (Good visibility). Sky conditions: FEW:02 4 SCT:04 180 (1); FEW:02 5 BKN:07 120 (1); FEW:02 5 SCT:04 120 (1); FEW:02 10 FEW:02 180 (1); FEW:02 10 FEW:02 40 FEW:02 150 (1).",2023-08-19 20:42:50 - SNS,9682846032,2023-08-19T20:42:50-07:00,2023-08-19T23:08:07-07:00,NOAA NCEI legacy route weather pipeline,NOAA NCEI,Unknown hourly station,legacy_fixed_local_window,,,,,
2023-09-01,20:47:34 - FNS,https://handicapskater.com/common/maps/20230901-20_47_34-FNS-9765786550.html,True,False,True,No recorded rain from 9 PM to midnight,Light downtown daily rain,0.0,0.0,0,0.02,66.27272727272727,64.0,70.0,Mild,57.90909090909091,74.72727272727273,8.272727272727273,15.0,23.0,227.7248606488624,Windy,9.94,9.994545454545454,Good visibility,BKN:07 32 (3); SCT:04 10 BKN:07 42 (2); FEW:02 12 BKN:07 16 BKN:07 45 (2); BKN:07 23 (1); BKN:07 21 (1),,2023-09-01T21:00:00-07:00,2023-09-01T23:59:59-07:00,True,11,UNKNOWN,Unknown hourly station,,,USW00023272,"SAN FRANCISCO DOWNTOWN, CA US",37.7705,-122.4269,Hourly LCDv2 weather used for 9 PM to midnight,"Skate route '20:47:34 - FNS' occurred on 2023-09-01. Hourly weather from Unknown hourly station (UNKNOWN) was summarized for 9 PM to midnight local time. Mean temperature was 66.3°F (Mild). No hourly precipitation was recorded in the 9 PM to midnight window. Mean wind was 8.3 mph, max wind 15.0 mph, max gust 23.0 mph (Windy). Minimum visibility was 9.9 miles (Good visibility). Sky conditions: BKN:07 32 (3); SCT:04 10 BKN:07 42 (2); FEW:02 12 BKN:07 16 BKN:07 45 (2); BKN:07 23 (1); BKN:07 21 (1). The local downtown station SAN FRANCISCO DOWNTOWN, CA US (USW00023272) recorded 0.020 inches of daily precipitation, categorized as Light downtown daily rain.",2023-09-01 20:47:34 - FNS,9765786550,2023-09-01T20:47:34-07:00,2023-09-01T23:22:39-07:00,NOAA NCEI legacy route weather pipeline,NOAA NCEI,Unknown hourly station,legacy_fixed_local_window,,,,,
2023-09-02,20:18:45 - SNS,https://handicapskater.com/common/maps/20230902-20_18_45-SNS-9772377531.html,False,False,False,No recorded rain from 9 PM to midnight,No downtown daily rain,0.0,0.0,0,0.0,67.71428571428571,65.0,71.0,Mild,57.42857142857143,70.0,6.142857142857143,8.0,,272.33734097905284,Calm / light wind,9.94,9.991428571428571,Good visibility,FEW:02 30 BKN:07 45 BKN:07 60 (2); FEW:02 8 BKN:07 50 (1); FEW:02 8 BKN:07 48 (1); FEW:02 5 BKN:07 43 (1); BKN:07 44 (1),,2023-09-02T21:00:00-07:00,2023-09-02T23:59:59-07:00,True,7,UNKNOWN,Unknown hourly station,,,USW00023272,"SAN FRANCISCO DOWNTOWN, CA US",37.7705,-122.4269,Hourly LCDv2 weather used for 9 PM to midnight,"Skate route '20:18:45 - SNS' occurred on 2023-09-02. Hourly weather from Unknown hourly station (UNKNOWN) was summarized for 9 PM to midnight local time. Mean temperature was 67.7°F (Mild). No hourly precipitation was recorded in the 9 PM to midnight window. Mean wind was 6.1 mph, max wind 8.0 mph, max gust nan mph (Calm / light wind). Minimum visibility was 9.9 miles (Good visibility). Sky conditions: FEW:02 30 BKN:07 45 BKN:07 60 (2); FEW:02 8 BKN:07 50 (1); FEW:02 8 BKN:07 48 (1); FEW:02 5 BKN:07 43 (1); BKN:07 44 (1).",2023-09-02 20:18:45 - SNS,9772377531,2023-09-02T20:18:45-07:00,2023-09-02T22:40:04-07:00,NOAA NCEI legacy route weather pipeline,NOAA NCEI,Unknown hourly station,legacy_fixed_local_window,,,,,
2023-09-08,20:46:58 - FNS,https://handicapskater.com/common/maps/20230908-20_46_58-FNS-9812096236.html,False,False,False,No recorded rain from 9 PM to midnight,No downtown daily rain,0.0,0.0,0,0.0,67.125,60.0,75.0,Mild,56.25,69.375,11.625,16.0,,298.74461549097725,Breezy,9.94,9.9925,Good visibility,FEW:02 4 (3); FEW:02 8 FEW:02 50 (2); FEW:02 8 (2),,2023-09-08T21:00:00-07:00,2023-09-08T23:59:59-07:00,True,8,UNKNOWN,Unknown hourly station,,,USW00023272,"SAN FRANCISCO DOWNTOWN, CA US",37.7705,-122.4269,Hourly LCDv2 weather used for 9 PM to midnight,"Skate route '20:46:58 - FNS' occurred on 2023-09-08. Hourly weather from Unknown hourly station (UNKNOWN) was summarized for 9 PM to midnight local time. Mean temperature was 67.1°F (Mild). No hourly precipitation was recorded in the 9 PM to midnight window. Mean wind was 11.6 mph, max wind 16.0 mph, max gust nan mph (Breezy). Minimum visibility was 9.9 miles (Good visibility). Sky conditions: FEW:02 4 (3); FEW:02 8 FEW:02 50 (2); FEW:02 8 (2).",2023-09-08 20:46:58 - FNS,9812096236,2023-09-08T20:46:58-07:00,2023-09-08T23:48:47-07:00,NOAA NCEI legacy route weather pipeline,NOAA NCEI,Unknown hourly station,legacy_fixed_local_window,,,,,
2023-09-09,21:05:39 - SNS,https://handicapskater.com/common/maps/20230909-21_05_39-SNS-9818799871.html,False,False,False,No recorded rain from 9 PM to midnight,No downtown daily rain,0.0,0.0,0,0.0,63.714285714285715,58.0,73.0,Mild,55.42857142857143,76.28571428571429,11.857142857142858,14.0,,297.13483726166163,Breezy,9.94,9.991428571428571,Good visibility,FEW:02 3 FEW:02 10 (3); SCT:04 70 SCT:04 150 (1); FEW:02 10 SCT:04 70 SCT:04 150 (1); FEW:02 10 FEW:02 70 FEW:02 150 (1),,2023-09-09T21:00:00-07:00,2023-09-09T23:59:59-07:00,True,7,UNKNOWN,Unknown hourly station,,,USW00023272,"SAN FRANCISCO DOWNTOWN, CA US",37.7705,-122.4269,Hourly LCDv2 weather used for 9 PM to midnight,"Skate route '21:05:39 - SNS' occurred on 2023-09-09. Hourly weather from Unknown hourly station (UNKNOWN) was summarized for 9 PM to midnight local time. Mean temperature was 63.7°F (Mild). No hourly precipitation was recorded in the 9 PM to midnight window. Mean wind was 11.9 mph, max wind 14.0 mph, max gust nan mph (Breezy). Minimum visibility was 9.9 miles (Good visibility). Sky conditions: FEW:02 3 FEW:02 10 (3); SCT:04 70 SCT:04 150 (1); FEW:02 10 SCT:04 70 SCT:04 150 (1); FEW:02 10 FEW:02 70 FEW:02 150 (1).",2023-09-09 21:05:39 - SNS,9818799871,2023-09-09T21:05:39-07:00,2023-09-09T23:19:14-07:00,NOAA NCEI legacy route weather pipeline,NOAA NCEI,Unknown hourly station,legacy_fixed_local_window,,,,,
2023-09-15,20:53:16 - FNS,https://handicapskater.com/common/maps/20230915-20_53_16-FNS-9857858897.html,False,False,False,No recorded rain from 9 PM to midnight,No downtown daily rain,0.0,0.0,0,0.0,64.77777777777777,63.0,69.0,Mild,58.0,79.0,9.88888888888889,14.0,,274.25627380622285,Breezy,9.94,9.993333333333332,Good visibility,FEW:02 9 FEW:02 14 (3); FEW:02 6 FEW:02 13 (1); FEW:02 6 BKN:07 20 (1); FEW:02 6 SCT:04 13 BKN:07 18 (1); FEW:02 6 BKN:07 13 BKN:07 18 (1),,2023-09-15T21:00:00-07:00,2023-09-15T23:59:59-07:00,True,9,UNKNOWN,Unknown hourly station,,,USW00023272,"SAN FRANCISCO DOWNTOWN, CA US",37.7705,-122.4269,Hourly LCDv2 weather used for 9 PM to midnight,"Skate route '20:53:16 - FNS' occurred on 2023-09-15. Hourly weather from Unknown hourly station (UNKNOWN) was summarized for 9 PM to midnight local time. Mean temperature was 64.8°F (Mild). No hourly precipitation was recorded in the 9 PM to midnight window. Mean wind was 9.9 mph, max wind 14.0 mph, max gust nan mph (Breezy). Minimum visibility was 9.9 miles (Good visibility). Sky conditions: FEW:02 9 FEW:02 14 (3); FEW:02 6 FEW:02 13 (1); FEW:02 6 BKN:07 20 (1); FEW:02 6 SCT:04 13 BKN:07 18 (1); FEW:02 6 BKN:07 13 BKN:07 18 (1).",2023-09-15 20:53:16 - FNS,9857858897,2023-09-15T20:53:16-07:00,2023-09-15T23:48:45-07:00,NOAA NCEI legacy route weather pipeline,NOAA NCEI,Unknown hourly station,legacy_fixed_local_window,,,,,
2023-09-22,20:47:51 - FNS,https://handicapskater.com/common/maps/20230922-20_47_51-FNS-9902319026.html,False,False,False,No recorded rain from 9 PM to midnight,No downtown daily rain,0.0,0.0,0,0.0,63.42857142857143,59.0,70.0,Mild,52.0,67.57142857142857,7.428571428571429,15.0,,273.8202069521325,Breezy,8.0,9.705714285714285,Good visibility,CLR:00 (3); FEW:02 200 (3),,2023-09-22T21:00:00-07:00,2023-09-22T23:59:59-07:00,True,7,UNKNOWN,Unknown hourly station,,,USW00023272,"SAN FRANCISCO DOWNTOWN, CA US",37.7705,-122.4269,Hourly LCDv2 weather used for 9 PM to midnight,"Skate route '20:47:51 - FNS' occurred on 2023-09-22. Hourly weather from Unknown hourly station (UNKNOWN) was summarized for 9 PM to midnight local time. Mean temperature was 63.4°F (Mild). No hourly precipitation was recorded in the 9 PM to midnight window. Mean wind was 7.4 mph, max wind 15.0 mph, max gust nan mph (Breezy). Minimum visibility was 8.0 miles (Good visibility). Sky conditions: CLR:00 (3); FEW:02 200 (3).",2023-09-22 20:47:51 - FNS,9902319026,2023-09-22T20:47:51-07:00,2023-09-22T23:46:18-07:00,NOAA NCEI legacy route weather pipeline,NOAA NCEI,Unknown hourly station,legacy_fixed_local_window,,,,,
2023-09-23,20:28:52 - SNS,https://handicapskater.com/common/maps/20230923-20_28_52-SNS-9908626557.html,False,False,False,No recorded rain from 9 PM to midnight,No downtown daily rain,0.0,0.0,0,0.0,61.888888888888886,59.0,68.0,Mild,52.0,71.44444444444444,11.11111111111111,15.0,,276.65912611060463,Breezy,9.0,9.66,Good visibility,CLR:00 (3); FEW:02 5 BKN:07 15 (2); FEW:02 5 BKN:07 13 (2); SCT:04 14 (1),,2023-09-23T21:00:00-07:00,2023-09-23T23:59:59-07:00,True,9,UNKNOWN,Unknown hourly station,,,USW00023272,"SAN FRANCISCO DOWNTOWN, CA US",37.7705,-122.4269,Hourly LCDv2 weather used for 9 PM to midnight,"Skate route '20:28:52 - SNS' occurred on 2023-09-23. Hourly weather from Unknown hourly station (UNKNOWN) was summarized for 9 PM to midnight local time. Mean temperature was 61.9°F (Mild). No hourly precipitation was recorded in the 9 PM to midnight window. Mean wind was 11.1 mph, max wind 15.0 mph, max gust nan mph (Breezy). Minimum visibility was 9.0 miles (Good visibility). Sky conditions: CLR:00 (3); FEW:02 5 BKN:07 15 (2); FEW:02 5 BKN:07 13 (2); SCT:04 14 (1).",2023-09-23 20:28:52 - SNS,9908626557,2023-09-23T20:28:52-07:00,2023-09-23T23:04:12-07:00,NOAA NCEI legacy route weather pipeline,NOAA NCEI,Unknown hourly station,legacy_fixed_local_window,,,,,
2023-09-29,20:51:14 - FNS,https://handicapskater.com/common/maps/20230929-20_51_14-FNS-9946784275.html,True,True,False,Light rain from 9 PM to midnight,No downtown daily rain,0.003,0.001,3,0.0,64.54545454545455,64.0,65.0,Mild,59.18181818181818,82.9090909090909,13.363636363636363,15.0,,259.08930478567675,Breezy,7.0,9.63090909090909,Good visibility,BKN:07 6 OVC:08 10 (3); FEW:02 5 SCT:04 13 BKN:07 29 (2); SCT:04 27 BKN:07 35 (2); FEW:02 12 BKN:07 18 BKN:07 25 (2); BKN:07 8 OVC:08 10 (1),-RA:02 |RA |RA (2); DZ:01 |DZ |DZ (2),2023-09-29T21:00:00-07:00,2023-09-29T23:59:59-07:00,True,11,UNKNOWN,Unknown hourly station,,,USW00023272,"SAN FRANCISCO DOWNTOWN, CA US",37.7705,-122.4269,Hourly LCDv2 weather used for 9 PM to midnight,"Skate route '20:51:14 - FNS' occurred on 2023-09-29. Hourly weather from Unknown hourly station (UNKNOWN) was summarized for 9 PM to midnight local time. Mean temperature was 64.5°F (Mild). Hourly precipitation totaled 0.003 inches with 3 rainy hour(s), categorized as Light rain from 9 PM to midnight. Mean wind was 13.4 mph, max wind 15.0 mph, max gust nan mph (Breezy). Minimum visibility was 7.0 miles (Good visibility). Present weather codes/summary: -RA:02 |RA |RA (2); DZ:01 |DZ |DZ (2). Sky conditions: BKN:07 6 OVC:08 10 (3); FEW:02 5 SCT:04 13 BKN:07 29 (2); SCT:04 27 BKN:07 35 (2); FEW:02 12 BKN:07 18 BKN:07 25 (2); BKN:07 8 OVC:08 10 (1).",2023-09-29 20:51:14 - FNS,9946784275,2023-09-29T20:51:14-07:00,2023-09-29T23:53:19-07:00,NOAA NCEI legacy route weather pipeline,NOAA NCEI,Unknown hourly station,legacy_fixed_local_window,,,,,
2023-09-30,21:01:57 - SNS,https://handicapskater.com/common/maps/20230930-21_01_57-SNS-9953118935.html,True,False,True,No recorded rain from 9 PM to midnight,Light downtown daily rain,0.0,0.0,0,0.02,62.142857142857146,59.0,66.0,Mild,53.714285714285715,74.28571428571429,5.714285714285714,10.0,,277.990902319133,Breezy,9.94,9.991428571428571,Good visibility,FEW:02 7 BKN:07 55 (1); FEW:02 7 BKN:07 50 (1); FEW:02 5 BKN:07 55 (1); SCT:04 16 BKN:07 37 (1); FEW:02 25 SCT:04 38 SCT:04 150 (1),,2023-09-30T21:00:00-07:00,2023-09-30T23:59:59-07:00,True,10,UNKNOWN,Unknown hourly station,,,USW00023272,"SAN FRANCISCO DOWNTOWN, CA US",37.7705,-122.4269,Hourly LCDv2 weather used for 9 PM to midnight,"Skate route '21:01:57 - SNS' occurred on 2023-09-30. Hourly weather from Unknown hourly station (UNKNOWN) was summarized for 9 PM to midnight local time. Mean temperature was 62.1°F (Mild). No hourly precipitation was recorded in the 9 PM to midnight window. Mean wind was 5.7 mph, max wind 10.0 mph, max gust nan mph (Breezy). Minimum visibility was 9.9 miles (Good visibility). Sky conditions: FEW:02 7 BKN:07 55 (1); FEW:02 7 BKN:07 50 (1); FEW:02 5 BKN:07 55 (1); SCT:04 16 BKN:07 37 (1); FEW:02 25 SCT:04 38 SCT:04 150 (1). The local downtown station SAN FRANCISCO DOWNTOWN, CA US (USW00023272) recorded 0.020 inches of daily precipitation, categorized as Light downtown daily rain.",2023-09-30 21:01:57 - SNS,9953118935,2023-09-30T21:01:57-07:00,2023-09-30T23:08:09-07:00,NOAA NCEI legacy route weather pipeline,NOAA NCEI,Unknown hourly station,legacy_fixed_local_window,,,,,
2023-10-07,20:35:11 - SNS,https://handicapskater.com/common/maps/20231007-20_35_11-SNS-9997473968.html,False,False,False,No recorded rain from 9 PM to midnight,No downtown daily rain,0.0,0.0,0,0.0,72.85714285714286,63.0,87.0,Warm,55.857142857142854,58.57142857142857,11.0,13.0,,298.56337855308254,Breezy,9.94,9.991428571428571,Good visibility,CLR:00 (5); FEW:02 4 (1),,2023-10-07T21:00:00-07:00,2023-10-07T23:59:59-07:00,True,7,UNKNOWN,Unknown hourly station,,,USW00023272,"SAN FRANCISCO DOWNTOWN, CA US",37.7705,-122.4269,Hourly LCDv2 weather used for 9 PM to midnight,"Skate route '20:35:11 - SNS' occurred on 2023-10-07. Hourly weather from Unknown hourly station (UNKNOWN) was summarized for 9 PM to midnight local time. Mean temperature was 72.9°F (Warm). No hourly precipitation was recorded in the 9 PM to midnight window. Mean wind was 11.0 mph, max wind 13.0 mph, max gust nan mph (Breezy). Minimum visibility was 9.9 miles (Good visibility). Sky conditions: CLR:00 (5); FEW:02 4 (1).",2023-10-07 20:35:11 - SNS,9997473968,2023-10-07T20:35:11-07:00,2023-10-07T22:47:10-07:00,NOAA NCEI legacy route weather pipeline,NOAA NCEI,Unknown hourly station,legacy_fixed_local_window,,,,,
2023-10-13,20:48:54 - FNS,https://handicapskater.com/common/maps/20231013-20_48_54-FNS-10034544517.html,False,False,False,No recorded rain from 9 PM to midnight,No downtown daily rain,0.0,0.0,0,0.0,65.0,64.0,67.0,Mild,50.42857142857143,59.42857142857143,6.285714285714286,11.0,,300.4361050493531,Breezy,9.94,9.991428571428571,Good visibility,BKN:07 90 (2); BKN:07 130 BKN:07 200 (2); OVC:08 85 (1); FEW:02 15 BKN:07 150 BKN:07 200 (1),,2023-10-13T21:00:00-07:00,2023-10-13T23:59:59-07:00,True,7,UNKNOWN,Unknown hourly station,,,USW00023272,"SAN FRANCISCO DOWNTOWN, CA US",37.7705,-122.4269,Hourly LCDv2 weather used for 9 PM to midnight,"Skate route '20:48:54 - FNS' occurred on 2023-10-13. Hourly weather from Unknown hourly station (UNKNOWN) was summarized for 9 PM to midnight local time. Mean temperature was 65.0°F (Mild). No hourly precipitation was recorded in the 9 PM to midnight window. Mean wind was 6.3 mph, max wind 11.0 mph, max gust nan mph (Breezy). Minimum visibility was 9.9 miles (Good visibility). Sky conditions: BKN:07 90 (2); BKN:07 130 BKN:07 200 (2); OVC:08 85 (1); FEW:02 15 BKN:07 150 BKN:07 200 (1).",2023-10-13 20:48:54 - FNS,10034544517,2023-10-13T20:48:54-07:00,2023-10-13T23:47:49-07:00,NOAA NCEI legacy route weather pipeline,NOAA NCEI,Unknown hourly station,legacy_fixed_local_window,,,,,
2023-10-14,20:20:05 - SNS,https://handicapskater.com/common/maps/20231014-20_20_05-SNS-10040597427.html,False,False,False,No recorded rain from 9 PM to midnight,No downtown daily rain,0.0,0.0,0,0.0,64.25,61.0,70.0,Mild,59.0,83.625,8.5,14.0,,295.394334729305,Breezy,9.94,9.9925,Good visibility,FEW:02 2 BKN:07 8 (2); FEW:02 3 SCT:04 5 (1); FEW:02 3 OVC:08 6 (1); FEW:02 26 SCT:04 50 BKN:07 150 (1); FEW:02 22 SCT:04 50 SCT:04 150 (1),,2023-10-14T21:00:00-07:00,2023-10-14T23:59:59-07:00,True,8,UNKNOWN,Unknown hourly station,,,USW00023272,"SAN FRANCISCO DOWNTOWN, CA US",37.7705,-122.4269,Hourly LCDv2 weather used for 9 PM to midnight,"Skate route '20:20:05 - SNS' occurred on 2023-10-14. Hourly weather from Unknown hourly station (UNKNOWN) was summarized for 9 PM to midnight local time. Mean temperature was 64.2°F (Mild). No hourly precipitation was recorded in the 9 PM to midnight window. Mean wind was 8.5 mph, max wind 14.0 mph, max gust nan mph (Breezy). Minimum visibility was 9.9 miles (Good visibility). Sky conditions: FEW:02 2 BKN:07 8 (2); FEW:02 3 SCT:04 5 (1); FEW:02 3 OVC:08 6 (1); FEW:02 26 SCT:04 50 BKN:07 150 (1); FEW:02 22 SCT:04 50 SCT:04 150 (1).",2023-10-14 20:20:05 - SNS,10040597427,2023-10-14T20:20:05-07:00,2023-10-14T23:00:29-07:00,NOAA NCEI legacy route weather pipeline,NOAA NCEI,Unknown hourly station,legacy_fixed_local_window,,,,,
2023-10-20,20:46:27 - FNS,https://handicapskater.com/common/maps/20231020-20_46_27-FNS-10075630750.html,False,False,False,No recorded rain from 9 PM to midnight,No downtown daily rain,0.0,0.0,0,0.0,64.28571428571429,62.0,67.0,Mild,54.142857142857146,70.14285714285714,9.857142857142858,15.0,,262.8304118467793,Breezy,9.94,9.991428571428571,Good visibility,FEW:02 25 (2); FEW:02 200 (1); FEW:02 14 SCT:04 200 BKN:07 250 (1); FEW:02 10 SCT:04 160 BKN:07 250 (1); FEW:02 10 SCT:04 160 BKN:07 200 (1),,2023-10-20T21:00:00-07:00,2023-10-20T23:59:59-07:00,True,7,UNKNOWN,Unknown hourly station,,,USW00023272,"SAN FRANCISCO DOWNTOWN, CA US",37.7705,-122.4269,Hourly LCDv2 weather used for 9 PM to midnight,"Skate route '20:46:27 - FNS' occurred on 2023-10-20. Hourly weather from Unknown hourly station (UNKNOWN) was summarized for 9 PM to midnight local time. Mean temperature was 64.3°F (Mild). No hourly precipitation was recorded in the 9 PM to midnight window. Mean wind was 9.9 mph, max wind 15.0 mph, max gust nan mph (Breezy). Minimum visibility was 9.9 miles (Good visibility). Sky conditions: FEW:02 25 (2); FEW:02 200 (1); FEW:02 14 SCT:04 200 BKN:07 250 (1); FEW:02 10 SCT:04 160 BKN:07 250 (1); FEW:02 10 SCT:04 160 BKN:07 200 (1).",2023-10-20 20:46:27 - FNS,10075630750,2023-10-20T20:46:27-07:00,2023-10-20T23:24:54-07:00,NOAA NCEI legacy route weather pipeline,NOAA NCEI,Unknown hourly station,legacy_fixed_local_window,,,,,
2023-10-21,20:40:40 - SNS,https://handicapskater.com/common/maps/20231021-20_40_40-SNS-10081630602.html,True,False,False,No recorded rain from 9 PM to midnight,No downtown daily rain,0.0,0.0,0,0.0,65.125,63.0,69.0,Mild,51.625,62.0,8.75,15.0,22.0,207.4073323853692,Windy,9.94,9.9925,Good visibility,BKN:07 28 (3); FEW:02 25 FEW:02 100 (1); SCT:04 35 BKN:07 80 (1); FEW:02 32 BKN:07 100 BKN:07 180 (1); FEW:02 34 BKN:07 120 BKN:07 180 (1),,2023-10-21T21:00:00-07:00,2023-10-21T23:59:59-07:00,True,8,UNKNOWN,Unknown hourly station,,,USW00023272,"SAN FRANCISCO DOWNTOWN, CA US",37.7705,-122.4269,Hourly LCDv2 weather used for 9 PM to midnight,"Skate route '20:40:40 - SNS' occurred on 2023-10-21. Hourly weather from Unknown hourly station (UNKNOWN) was summarized for 9 PM to midnight local time. Mean temperature was 65.1°F (Mild). No hourly precipitation was recorded in the 9 PM to midnight window. Mean wind was 8.8 mph, max wind 15.0 mph, max gust 22.0 mph (Windy). Minimum visibility was 9.9 miles (Good visibility). Sky conditions: BKN:07 28 (3); FEW:02 25 FEW:02 100 (1); SCT:04 35 BKN:07 80 (1); FEW:02 32 BKN:07 100 BKN:07 180 (1); FEW:02 34 BKN:07 120 BKN:07 180 (1).",2023-10-21 20:40:40 - SNS,10081630602,2023-10-21T20:40:40-07:00,2023-10-21T23:15:42-07:00,NOAA NCEI legacy route weather pipeline,NOAA NCEI,Unknown hourly station,legacy_fixed_local_window,,,,,
2023-10-27,20:52:29 - FNS,https://handicapskater.com/common/maps/20231027-20_52_29-FNS-10116667330.html,True,False,False,No recorded rain from 9 PM to midnight,No downtown daily rain,0.0,0.0,0,0.0,58.57142857142857,56.0,61.0,Mild,45.57142857142857,63.0,14.0,16.0,26.0,275.7034716474004,Windy,9.94,9.991428571428571,Good visibility,FEW:02 14 FEW:02 220 (2); FEW:02 150 (1); FEW:02 130 (1); FEW:02 180 (1); FEW:02 160 BKN:07 220 (1),,2023-10-27T21:00:00-07:00,2023-10-27T23:59:59-07:00,True,7,UNKNOWN,Unknown hourly station,,,USW00023272,"SAN FRANCISCO DOWNTOWN, CA US",37.7705,-122.4269,Hourly LCDv2 weather used for 9 PM to midnight,"Skate route '20:52:29 - FNS' occurred on 2023-10-27. Hourly weather from Unknown hourly station (UNKNOWN) was summarized for 9 PM to midnight local time. Mean temperature was 58.6°F (Mild). No hourly precipitation was recorded in the 9 PM to midnight window. Mean wind was 14.0 mph, max wind 16.0 mph, max gust 26.0 mph (Windy). Minimum visibility was 9.9 miles (Good visibility). Sky conditions: FEW:02 14 FEW:02 220 (2); FEW:02 150 (1); FEW:02 130 (1); FEW:02 180 (1); FEW:02 160 BKN:07 220 (1).",2023-10-27 20:52:29 - FNS,10116667330,2023-10-27T20:52:29-07:00,2023-10-28T00:04:32-07:00,NOAA NCEI legacy route weather pipeline,NOAA NCEI,Unknown hourly station,legacy_fixed_local_window,,,,,
2023-10-28,21:09:17 - SNS,https://handicapskater.com/common/maps/20231028-21_09_17-SNS-10122597685.html,False,False,False,No recorded rain from 9 PM to midnight,No downtown daily rain,0.0,0.0,0,0.0,61.857142857142854,57.0,68.0,Mild,38.714285714285715,43.714285714285715,9.428571428571429,13.0,,285.716067169662,Breezy,9.94,9.991428571428571,Good visibility,CLR:00 (6),,2023-10-28T21:00:00-07:00,2023-10-28T23:59:59-07:00,True,7,UNKNOWN,Unknown hourly station,,,USW00023272,"SAN FRANCISCO DOWNTOWN, CA US",37.7705,-122.4269,Hourly LCDv2 weather used for 9 PM to midnight,"Skate route '21:09:17 - SNS' occurred on 2023-10-28. Hourly weather from Unknown hourly station (UNKNOWN) was summarized for 9 PM to midnight local time. Mean temperature was 61.9°F (Mild). No hourly precipitation was recorded in the 9 PM to midnight window. Mean wind was 9.4 mph, max wind 13.0 mph, max gust nan mph (Breezy). Minimum visibility was 9.9 miles (Good visibility). Sky conditions: CLR:00 (6).",2023-10-28 21:09:17 - SNS,10122597685,2023-10-28T21:09:17-07:00,2023-10-28T23:38:07-07:00,NOAA NCEI legacy route weather pipeline,NOAA NCEI,Unknown hourly station,legacy_fixed_local_window,,,,,
2023-11-03,20:48:38 - FNS,https://handicapskater.com/common/maps/20231103-20_48_38-FNS-10156485359.html,False,False,False,No recorded rain from 9 PM to midnight,No downtown daily rain,0.0,0.0,0,0.0,68.42857142857143,62.0,75.0,Warm,55.0,66.0,10.142857142857142,13.0,,301.43662144691746,Breezy,9.94,9.991428571428571,Good visibility,SCT:04 200 (2); FEW:02 8 SCT:04 200 (1); FEW:02 4 FEW:02 200 (1); FEW:02 3 SCT:04 200 (1); FEW:02 200 (1),,2023-11-03T21:00:00-07:00,2023-11-03T23:59:59-07:00,True,7,UNKNOWN,Unknown hourly station,,,USW00023272,"SAN FRANCISCO DOWNTOWN, CA US",37.7705,-122.4269,Hourly LCDv2 weather used for 9 PM to midnight,"Skate route '20:48:38 - FNS' occurred on 2023-11-03. Hourly weather from Unknown hourly station (UNKNOWN) was summarized for 9 PM to midnight local time. Mean temperature was 68.4°F (Warm). No hourly precipitation was recorded in the 9 PM to midnight window. Mean wind was 10.1 mph, max wind 13.0 mph, max gust nan mph (Breezy). Minimum visibility was 9.9 miles (Good visibility). Sky conditions: SCT:04 200 (2); FEW:02 8 SCT:04 200 (1); FEW:02 4 FEW:02 200 (1); FEW:02 3 SCT:04 200 (1); FEW:02 200 (1).",2023-11-03 20:48:38 - FNS,10156485359,2023-11-03T20:48:38-07:00,2023-11-03T23:13:44-07:00,NOAA NCEI legacy route weather pipeline,NOAA NCEI,Unknown hourly station,legacy_fixed_local_window,,,,,
2023-11-04,21:14:24 - SNS,https://handicapskater.com/common/maps/20231104-21_14_24-SNS-10162291063.html,False,False,False,No recorded rain from 9 PM to midnight,No downtown daily rain,0.0,0.0,0,0.0,64.0,60.0,71.0,Mild,57.125,78.5,8.5,16.0,,235.47229676953145,Breezy,9.94,9.9925,Good visibility,FEW:02 4 SCT:04 200 (2); FEW:02 13 SCT:04 120 (1); FEW:02 10 FEW:02 15 SCT:04 120 (1); FEW:02 12 SCT:04 21 BKN:07 120 (1); FEW:02 10 SCT:04 200 (1),,2023-11-04T21:00:00-07:00,2023-11-04T23:59:59-07:00,True,8,UNKNOWN,Unknown hourly station,,,USW00023272,"SAN FRANCISCO DOWNTOWN, CA US",37.7705,-122.4269,Hourly LCDv2 weather used for 9 PM to midnight,"Skate route '21:14:24 - SNS' occurred on 2023-11-04. Hourly weather from Unknown hourly station (UNKNOWN) was summarized for 9 PM to midnight local time. Mean temperature was 64.0°F (Mild). No hourly precipitation was recorded in the 9 PM to midnight window. Mean wind was 8.5 mph, max wind 16.0 mph, max gust nan mph (Breezy). Minimum visibility was 9.9 miles (Good visibility). Sky conditions: FEW:02 4 SCT:04 200 (2); FEW:02 13 SCT:04 120 (1); FEW:02 10 FEW:02 15 SCT:04 120 (1); FEW:02 12 SCT:04 21 BKN:07 120 (1); FEW:02 10 SCT:04 200 (1).",2023-11-04 21:14:24 - SNS,10162291063,2023-11-04T21:14:24-07:00,2023-11-04T23:22:11-07:00,NOAA NCEI legacy route weather pipeline,NOAA NCEI,Unknown hourly station,legacy_fixed_local_window,,,,,
2023-11-10,20:48:51 - FNS,https://handicapskater.com/common/maps/20231110-20_48_51-FNS-10197348542.html,False,False,False,No recorded rain from 9 PM to midnight,No downtown daily rain,0.0,0.0,0,0.0,60.714285714285715,56.0,66.0,Mild,43.714285714285715,54.714285714285715,4.285714285714286,10.0,,297.5047687215366,Breezy,9.94,9.991428571428571,Good visibility,CLR:00 (3); FEW:02 100 BKN:07 230 (1); SCT:04 80 SCT:04 230 (1); FEW:02 100 BKN:07 200 (1),,2023-11-10T21:00:00-08:00,2023-11-10T23:59:59-08:00,True,7,UNKNOWN,Unknown hourly station,,,USW00023272,"SAN FRANCISCO DOWNTOWN, CA US",37.7705,-122.4269,Hourly LCDv2 weather used for 9 PM to midnight,"Skate route '20:48:51 - FNS' occurred on 2023-11-10. Hourly weather from Unknown hourly station (UNKNOWN) was summarized for 9 PM to midnight local time. Mean temperature was 60.7°F (Mild). No hourly precipitation was recorded in the 9 PM to midnight window. Mean wind was 4.3 mph, max wind 10.0 mph, max gust nan mph (Breezy). Minimum visibility was 9.9 miles (Good visibility). Sky conditions: CLR:00 (3); FEW:02 100 BKN:07 230 (1); SCT:04 80 SCT:04 230 (1); FEW:02 100 BKN:07 200 (1).",2023-11-10 20:48:51 - FNS,10197348542,2023-11-10T20:48:51-08:00,2023-11-10T23:46:48-08:00,NOAA NCEI legacy route weather pipeline,NOAA NCEI,Unknown hourly station,legacy_fixed_local_window,,,,,
2023-11-11,20:29:45 - SNS,https://handicapskater.com/common/maps/20231111-20_29_45-SNS-10203423110.html,False,False,False,No recorded rain from 9 PM to midnight,No downtown daily rain,0.0,0.0,0,0.0,62.42857142857143,56.0,69.0,Mild,44.285714285714285,55.142857142857146,3.7142857142857144,9.0,,313.3295630553023,Calm / light wind,9.94,9.991428571428571,Good visibility,CLR:00 (4); FEW:02 200 (2),,2023-11-11T21:00:00-08:00,2023-11-11T23:59:59-08:00,True,7,UNKNOWN,Unknown hourly station,,,USW00023272,"SAN FRANCISCO DOWNTOWN, CA US",37.7705,-122.4269,Hourly LCDv2 weather used for 9 PM to midnight,"Skate route '20:29:45 - SNS' occurred on 2023-11-11. Hourly weather from Unknown hourly station (UNKNOWN) was summarized for 9 PM to midnight local time. Mean temperature was 62.4°F (Mild). No hourly precipitation was recorded in the 9 PM to midnight window. Mean wind was 3.7 mph, max wind 9.0 mph, max gust nan mph (Calm / light wind). Minimum visibility was 9.9 miles (Good visibility). Sky conditions: CLR:00 (4); FEW:02 200 (2).",2023-11-11 20:29:45 - SNS,10203423110,2023-11-11T20:29:45-08:00,2023-11-11T23:10:26-08:00,NOAA NCEI legacy route weather pipeline,NOAA NCEI,Unknown hourly station,legacy_fixed_local_window,,,,,
2023-11-17,20:37:42 - WHOOP FNS → 19.6 Day Strain,https://handicapskater.com/common/maps/20231117-20_37_42-WHOOP FNS → 19.6 Day Strain-10248818243.html,False,True,,Precipitation observed at activity weather observation,Daily precipitation unavailable,,,,,59.54,59.54,59.54,Activity-time point observation,55.76,87,8.2766642806,8.2766642806,16.329634932,134,Activity-time point observation,13.8068678915,13.8068678915,Activity-time point observation,Cloud cover fraction 0.93,Strava weather condition code 5.0,2023-11-17T20:37:42-08:00,2023-11-17T23:29:42-08:00,True,1,,Unavailable in Strava export,,,,,,,Strava activity-time point weather observation,Activity-time Strava weather observation for 2023-11-17 20:37:42 - WHOOP FNS → 19.6 Day Strain: Strava weather condition code 5.0; temperature 59.54 F; wind 8.2766642806 mph; precipitation intensity 0.0157480314961 inches/hour. The upstream provider and station were not supplied by the export.,2023-11-17 20:37:42 - WHOOP FNS → 19.6 Day Strain,10248818243,2023-11-17T20:37:42-08:00,2023-11-17T23:29:42-08:00,Strava export activity weather fields,Unavailable in Strava export,Unavailable in Strava export,activity_time_point_observation,,2023-11-17T20:01:04-08:00,5.0,5.0,0.0157480314961
2023-11-24,20:57:30 - FNS,https://handicapskater.com/common/maps/20231124-20_57_30-FNS-10279099771.html,False,False,False,No recorded rain from 9 PM to midnight,No downtown daily rain,0.0,0.0,0,0.0,56.42857142857143,53.0,62.0,Mild,28.571428571428573,36.285714285714285,5.857142857142857,13.0,,110.75955876901102,Breezy,9.94,9.991428571428571,Good visibility,CLR:00 (6),,2023-11-24T21:00:00-08:00,2023-11-24T23:59:59-08:00,True,7,UNKNOWN,Unknown hourly station,,,USW00023272,"SAN FRANCISCO DOWNTOWN, CA US",37.7705,-122.4269,Hourly LCDv2 weather used for 9 PM to midnight,"Skate route '20:57:30 - FNS' occurred on 2023-11-24. Hourly weather from Unknown hourly station (UNKNOWN) was summarized for 9 PM to midnight local time. Mean temperature was 56.4°F (Mild). No hourly precipitation was recorded in the 9 PM to midnight window. Mean wind was 5.9 mph, max wind 13.0 mph, max gust nan mph (Breezy). Minimum visibility was 9.9 miles (Good visibility). Sky conditions: CLR:00 (6).",2023-11-24 20:57:30 - FNS,10279099771,2023-11-24T20:57:30-08:00,2023-11-25T00:02:35-08:00,NOAA NCEI legacy route weather pipeline,NOAA NCEI,Unknown hourly station,legacy_fixed_local_window,,,,,
2023-11-25,20:50:30 - SNS,https://handicapskater.com/common/maps/20231125-20_50_30-SNS-10282530147.html,False,False,False,No recorded rain from 9 PM to midnight,No downtown daily rain,0.0,0.0,0,0.0,56.285714285714285,52.0,64.0,Mild,34.57142857142857,46.42857142857143,6.285714285714286,13.0,,150.4530851552604,Breezy,9.94,9.991428571428571,Good visibility,FEW:02 200 (4); SCT:04 200 (2),,2023-11-25T21:00:00-08:00,2023-11-25T23:59:59-08:00,True,7,UNKNOWN,Unknown hourly station,,,USW00023272,"SAN FRANCISCO DOWNTOWN, CA US",37.7705,-122.4269,Hourly LCDv2 weather used for 9 PM to midnight,"Skate route '20:50:30 - SNS' occurred on 2023-11-25. Hourly weather from Unknown hourly station (UNKNOWN) was summarized for 9 PM to midnight local time. Mean temperature was 56.3°F (Mild). No hourly precipitation was recorded in the 9 PM to midnight window. Mean wind was 6.3 mph, max wind 13.0 mph, max gust nan mph (Breezy). Minimum visibility was 9.9 miles (Good visibility). Sky conditions: FEW:02 200 (4); SCT:04 200 (2).",2023-11-25 20:50:30 - SNS,10282530147,2023-11-25T20:50:30-08:00,2023-11-25T23:25:09-08:00,NOAA NCEI legacy route weather pipeline,NOAA NCEI,Unknown hourly station,legacy_fixed_local_window,,,,,
2023-11-30,20:29:39 - ENS,https://handicapskater.com/common/maps/20231130-20_29_39-ENS-10309745287.html,False,False,,No precipitation at activity weather observation,Daily precipitation unavailable,,,,,54.14,54.14,54.14,Activity-time point observation,46.04,74,14.5400858984,14.5400858984,25.7247673586,299,Activity-time point observation,16.3662958323,16.3662958323,Activity-time point observation,Cloud cover fraction 0.27,Strava weather condition code 1.0,2023-11-30T20:29:39-08:00,2023-11-30T22:52:52-08:00,True,1,,Unavailable in Strava export,,,,,,,Strava activity-time point weather observation,Activity-time Strava weather observation for 2023-11-30 20:29:39 - ENS: Strava weather condition code 1.0; temperature 54.14 F; wind 14.5400858984 mph; precipitation intensity 0 inches/hour. The upstream provider and station were not supplied by the export.,2023-11-30 20:29:39 - ENS,10309745287,2023-11-30T20:29:39-08:00,2023-11-30T22:52:52-08:00,Strava export activity weather fields,Unavailable in Strava export,Unavailable in Strava export,activity_time_point_observation,,2023-11-30T19:58:56-08:00,1.0,1.0,0
2023-12-01,21:02:34 - FNS,https://handicapskater.com/common/maps/20231201-21_02_34-FNS-10314432288.html,True,True,True,Light rain from 9 PM to midnight,Light downtown daily rain,0.002,0.001,2,0.02,57.0,55.0,59.0,Mild,48.875,75.375,6.875,13.0,,196.50798099505812,Breezy,8.7,9.7125,Good visibility,FEW:02 8 SCT:04 18 BKN:07 38 (2); FEW:02 8 BKN:07 18 OVC:08 32 (1); SCT:04 23 BKN:07 39 (1); FEW:02 40 BKN:07 230 (1); SCT:04 40 BKN:07 220 (1),-RA:02 |RA |RA (1); ||RA (1),2023-12-01T21:00:00-08:00,2023-12-01T23:59:59-08:00,True,8,UNKNOWN,Unknown hourly station,,,USW00023272,"SAN FRANCISCO DOWNTOWN, CA US",37.7705,-122.4269,Hourly LCDv2 weather used for 9 PM to midnight,"Skate route '21:02:34 - FNS' occurred on 2023-12-01. Hourly weather from Unknown hourly station (UNKNOWN) was summarized for 9 PM to midnight local time. Mean temperature was 57.0°F (Mild). Hourly precipitation totaled 0.002 inches with 2 rainy hour(s), categorized as Light rain from 9 PM to midnight. Mean wind was 6.9 mph, max wind 13.0 mph, max gust nan mph (Breezy). Minimum visibility was 8.7 miles (Good visibility). Present weather codes/summary: -RA:02 |RA |RA (1); ||RA (1). Sky conditions: FEW:02 8 SCT:04 18 BKN:07 38 (2); FEW:02 8 BKN:07 18 OVC:08 32 (1); SCT:04 23 BKN:07 39 (1); FEW:02 40 BKN:07 230 (1); SCT:04 40 BKN:07 220 (1). The local downtown station SAN FRANCISCO DOWNTOWN, CA US (USW00023272) recorded 0.020 inches of daily precipitation, categorized as Light downtown daily rain.",2023-12-01 21:02:34 - FNS,10314432288,2023-12-01T21:02:34-08:00,2023-12-01T23:36:49-08:00,NOAA NCEI legacy route weather pipeline,NOAA NCEI,Unknown hourly station,legacy_fixed_local_window,,,,,
2023-12-02,20:22:26 - SNS,https://handicapskater.com/common/maps/20231202-20_22_26-SNS-10319853209.html,True,False,True,No recorded rain from 9 PM to midnight,Light downtown daily rain,0.0,0.0,0,0.08,57.8,57.0,59.0,Mild,54.5,89.3,3.4,6.0,,168.92671998983607,Calm / light wind,9.94,9.994,Good visibility,FEW:02 7 BKN:07 27 BKN:07 36 (2); SCT:04 18 BKN:07 36 BKN:07 70 (2); FEW:02 4 SCT:04 42 BKN:07 90 (1); FEW:02 5 BKN:07 45 (1); FEW:02 6 BKN:07 45 (1),,2023-12-02T21:00:00-08:00,2023-12-02T23:59:59-08:00,True,10,UNKNOWN,Unknown hourly station,,,USW00023272,"SAN FRANCISCO DOWNTOWN, CA US",37.7705,-122.4269,Hourly LCDv2 weather used for 9 PM to midnight,"Skate route '20:22:26 - SNS' occurred on 2023-12-02. Hourly weather from Unknown hourly station (UNKNOWN) was summarized for 9 PM to midnight local time. Mean temperature was 57.8°F (Mild). No hourly precipitation was recorded in the 9 PM to midnight window. Mean wind was 3.4 mph, max wind 6.0 mph, max gust nan mph (Calm / light wind). Minimum visibility was 9.9 miles (Good visibility). Sky conditions: FEW:02 7 BKN:07 27 BKN:07 36 (2); SCT:04 18 BKN:07 36 BKN:07 70 (2); FEW:02 4 SCT:04 42 BKN:07 90 (1); FEW:02 5 BKN:07 45 (1); FEW:02 6 BKN:07 45 (1). The local downtown station SAN FRANCISCO DOWNTOWN, CA US (USW00023272) recorded 0.080 inches of daily precipitation, categorized as Light downtown daily rain.",2023-12-02 20:22:26 - SNS,10319853209,2023-12-02T20:22:26-08:00,2023-12-02T23:01:01-08:00,NOAA NCEI legacy route weather pipeline,NOAA NCEI,Unknown hourly station,legacy_fixed_local_window,,,,,
2023-12-08,20:46:34 - FNS,https://handicapskater.com/common/maps/20231208-20_46_34-FNS-10351216530.html,False,False,False,No recorded rain from 9 PM to midnight,No downtown daily rain,0.0,0.0,0,0.0,55.285714285714285,50.0,59.0,Mild,40.285714285714285,57.57142857142857,4.857142857142857,8.0,,352.496837644371,Calm / light wind,9.94,9.991428571428571,Good visibility,CLR:00 (3); FEW:02 200 (2); FEW:02 220 (1),,2023-12-08T21:00:00-08:00,2023-12-08T23:59:59-08:00,True,7,UNKNOWN,Unknown hourly station,,,USW00023272,"SAN FRANCISCO DOWNTOWN, CA US",37.7705,-122.4269,Hourly LCDv2 weather used for 9 PM to midnight,"Skate route '20:46:34 - FNS' occurred on 2023-12-08. Hourly weather from Unknown hourly station (UNKNOWN) was summarized for 9 PM to midnight local time. Mean temperature was 55.3°F (Mild). No hourly precipitation was recorded in the 9 PM to midnight window. Mean wind was 4.9 mph, max wind 8.0 mph, max gust nan mph (Calm / light wind). Minimum visibility was 9.9 miles (Good visibility). Sky conditions: CLR:00 (3); FEW:02 200 (2); FEW:02 220 (1).",2023-12-08 20:46:34 - FNS,10351216530,2023-12-08T20:46:34-08:00,2023-12-08T23:52:32-08:00,NOAA NCEI legacy route weather pipeline,NOAA NCEI,Unknown hourly station,legacy_fixed_local_window,,,,,
2023-12-09,20:30:58 - SNS,https://handicapskater.com/common/maps/20231209-20_30_58-SNS-10356397063.html,False,False,False,No recorded rain from 9 PM to midnight,No downtown daily rain,0.0,0.0,0,0.0,55.57142857142857,52.0,61.0,Mild,35.0,47.57142857142857,6.428571428571429,11.0,,75.416479711174,Breezy,9.94,9.991428571428571,Good visibility,BKN:07 200 (3); FEW:02 250 (2); CLR:00 (1),,2023-12-09T21:00:00-08:00,2023-12-09T23:59:59-08:00,True,7,UNKNOWN,Unknown hourly station,,,USW00023272,"SAN FRANCISCO DOWNTOWN, CA US",37.7705,-122.4269,Hourly LCDv2 weather used for 9 PM to midnight,"Skate route '20:30:58 - SNS' occurred on 2023-12-09. Hourly weather from Unknown hourly station (UNKNOWN) was summarized for 9 PM to midnight local time. Mean temperature was 55.6°F (Mild). No hourly precipitation was recorded in the 9 PM to midnight window. Mean wind was 6.4 mph, max wind 11.0 mph, max gust nan mph (Breezy). Minimum visibility was 9.9 miles (Good visibility). Sky conditions: BKN:07 200 (3); FEW:02 250 (2); CLR:00 (1).",2023-12-09 20:30:58 - SNS,10356397063,2023-12-09T20:30:58-08:00,2023-12-09T23:36:23-08:00,NOAA NCEI legacy route weather pipeline,NOAA NCEI,Unknown hourly station,legacy_fixed_local_window,,,,,
2023-12-15,20:50:28 - FNS,https://handicapskater.com/common/maps/20231215-20_50_28-FNS-10387199299.html,False,False,False,No recorded rain from 9 PM to midnight,No downtown daily rain,0.0,0.0,0,0.0,55.142857142857146,51.0,58.0,Mild,42.857142857142854,63.714285714285715,4.857142857142857,7.0,,199.62533733579141,Calm / light wind,9.94,9.991428571428571,Good visibility,FEW:02 180 BKN:07 200 (2); BKN:07 220 (2); BKN:07 200 (1); SCT:04 180 BKN:07 220 (1),,2023-12-15T21:00:00-08:00,2023-12-15T23:59:59-08:00,True,7,UNKNOWN,Unknown hourly station,,,USW00023272,"SAN FRANCISCO DOWNTOWN, CA US",37.7705,-122.4269,Hourly LCDv2 weather used for 9 PM to midnight,"Skate route '20:50:28 - FNS' occurred on 2023-12-15. Hourly weather from Unknown hourly station (UNKNOWN) was summarized for 9 PM to midnight local time. Mean temperature was 55.1°F (Mild). No hourly precipitation was recorded in the 9 PM to midnight window. Mean wind was 4.9 mph, max wind 7.0 mph, max gust nan mph (Calm / light wind). Minimum visibility was 9.9 miles (Good visibility). Sky conditions: FEW:02 180 BKN:07 200 (2); BKN:07 220 (2); BKN:07 200 (1); SCT:04 180 BKN:07 220 (1).",2023-12-15 20:50:28 - FNS,10387199299,2023-12-15T20:50:28-08:00,2023-12-15T23:48:22-08:00,NOAA NCEI legacy route weather pipeline,NOAA NCEI,Unknown hourly station,legacy_fixed_local_window,,,,,
2023-12-16,20:34:42 - SNS,https://handicapskater.com/common/maps/20231216-20_34_42-SNS-10392549162.html,False,False,False,No recorded rain from 9 PM to midnight,No downtown daily rain,0.0,0.0,0,0.0,58.42857142857143,55.0,64.0,Mild,42.857142857142854,58.0,4.571428571428571,9.0,,247.65720644815582,Calm / light wind,9.94,9.991428571428571,Good visibility,BKN:07 150 (1); FEW:02 150 SCT:04 200 (1); FEW:02 150 BKN:07 200 (1); FEW:02 200 (1); SCT:04 160 (1),,2023-12-16T21:00:00-08:00,2023-12-16T23:59:59-08:00,True,7,UNKNOWN,Unknown hourly station,,,USW00023272,"SAN FRANCISCO DOWNTOWN, CA US",37.7705,-122.4269,Hourly LCDv2 weather used for 9 PM to midnight,"Skate route '20:34:42 - SNS' occurred on 2023-12-16. Hourly weather from Unknown hourly station (UNKNOWN) was summarized for 9 PM to midnight local time. Mean temperature was 58.4°F (Mild). No hourly precipitation was recorded in the 9 PM to midnight window. Mean wind was 4.6 mph, max wind 9.0 mph, max gust nan mph (Calm / light wind). Minimum visibility was 9.9 miles (Good visibility). Sky conditions: BKN:07 150 (1); FEW:02 150 SCT:04 200 (1); FEW:02 150 BKN:07 200 (1); FEW:02 200 (1); SCT:04 160 (1).",2023-12-16 20:34:42 - SNS,10392549162,2023-12-16T20:34:42-08:00,2023-12-16T23:27:44-08:00,NOAA NCEI legacy route weather pipeline,NOAA NCEI,Unknown hourly station,legacy_fixed_local_window,,,,,
2023-12-22,20:46:53 - FNS,https://handicapskater.com/common/maps/20231222-20_46_53-FNS-10422867909.html,False,False,False,No recorded rain from 9 PM to midnight,No downtown daily rain,0.0,0.0,0,0.0,56.57142857142857,54.0,60.0,Mild,51.0,81.71428571428571,7.285714285714286,10.0,,254.1344009429451,Breezy,9.94,9.991428571428571,Good visibility,FEW:02 10 (2); FEW:02 7 FEW:02 16 (1); FEW:02 7 (1); CLR:00 (1); FEW:02 12 (1),,2023-12-22T21:00:00-08:00,2023-12-22T23:59:59-08:00,True,7,UNKNOWN,Unknown hourly station,,,USW00023272,"SAN FRANCISCO DOWNTOWN, CA US",37.7705,-122.4269,Hourly LCDv2 weather used for 9 PM to midnight,"Skate route '20:46:53 - FNS' occurred on 2023-12-22. Hourly weather from Unknown hourly station (UNKNOWN) was summarized for 9 PM to midnight local time. Mean temperature was 56.6°F (Mild). No hourly precipitation was recorded in the 9 PM to midnight window. Mean wind was 7.3 mph, max wind 10.0 mph, max gust nan mph (Breezy). Minimum visibility was 9.9 miles (Good visibility). Sky conditions: FEW:02 10 (2); FEW:02 7 FEW:02 16 (1); FEW:02 7 (1); CLR:00 (1); FEW:02 12 (1).",2023-12-22 20:46:53 - FNS,10422867909,2023-12-22T20:46:53-08:00,2023-12-22T23:48:22-08:00,NOAA NCEI legacy route weather pipeline,NOAA NCEI,Unknown hourly station,legacy_fixed_local_window,,,,,
2023-12-23,20:36:07 - WHOOP SNS → 12.1 Day Strain,https://handicapskater.com/common/maps/20231223-20_36_07-WHOOP SNS → 12.1 Day Strain-10430506276.html,False,False,,No precipitation at activity weather observation,Daily precipitation unavailable,,,,,52.34,52.34,52.34,Activity-time point observation,44.24,74,3.57909806729,3.57909806729,5.14495347173,285,Activity-time point observation,14.7644008988,14.7644008988,Activity-time point observation,Cloud cover fraction 0.02,Strava weather condition code 1.0,2023-12-23T20:36:07-08:00,2023-12-23T22:51:21-08:00,True,1,,Unavailable in Strava export,,,,,,,Strava activity-time point weather observation,Activity-time Strava weather observation for 2023-12-23 20:36:07 - WHOOP SNS → 12.1 Day Strain: Strava weather condition code 1.0; temperature 52.34 F; wind 3.57909806729 mph; precipitation intensity 0 inches/hour. The upstream provider and station were not supplied by the export.,2023-12-23 20:36:07 - WHOOP SNS → 12.1 Day Strain,10430506276,2023-12-23T20:36:07-08:00,2023-12-23T22:51:21-08:00,Strava export activity weather fields,Unavailable in Strava export,Unavailable in Strava export,activity_time_point_observation,,2023-12-23T20:01:04-08:00,1.0,1.0,0
2023-12-29,21:13:39 - FNS,https://handicapskater.com/common/maps/20231229-21_13_39-FNS-10459937155.html,True,True,True,Heavy rain from 9 PM to midnight,Heavy downtown daily rain,0.16199999999999998,0.06,8,0.86,57.2,55.0,60.0,Mild,53.6,87.8,10.5,18.0,,179.60032229363273,Breezy,2.0,7.234,Low visibility,FEW:02 5 SCT:04 29 OVC:08 39 (1); FEW:02 5 SCT:04 29 OVC:08 44 (1); FEW:02 6 SCT:04 21 OVC:08 65 (1); FEW:02 6 BKN:07 21 OVC:08 60 (1); FEW:02 6 FEW:02 16 OVC:08 39 (1),-RA:02 |RA |RA (5); -RA:02 BR:1 |RA BR |RA (2); ||RA (1),2023-12-29T21:00:00-08:00,2023-12-29T23:59:59-08:00,True,10,UNKNOWN,Unknown hourly station,,,USW00023272,"SAN FRANCISCO DOWNTOWN, CA US",37.7705,-122.4269,Hourly LCDv2 weather used for 9 PM to midnight,"Skate route '21:13:39 - FNS' occurred on 2023-12-29. Hourly weather from Unknown hourly station (UNKNOWN) was summarized for 9 PM to midnight local time. Mean temperature was 57.2°F (Mild). Hourly precipitation totaled 0.162 inches with 8 rainy hour(s), categorized as Heavy rain from 9 PM to midnight. Mean wind was 10.5 mph, max wind 18.0 mph, max gust nan mph (Breezy). Minimum visibility was 2.0 miles (Low visibility). Present weather codes/summary: -RA:02 |RA |RA (5); -RA:02 BR:1 |RA BR |RA (2); ||RA (1). Sky conditions: FEW:02 5 SCT:04 29 OVC:08 39 (1); FEW:02 5 SCT:04 29 OVC:08 44 (1); FEW:02 6 SCT:04 21 OVC:08 65 (1); FEW:02 6 BKN:07 21 OVC:08 60 (1); FEW:02 6 FEW:02 16 OVC:08 39 (1). The local downtown station SAN FRANCISCO DOWNTOWN, CA US (USW00023272) recorded 0.860 inches of daily precipitation, categorized as Heavy downtown daily rain.",2023-12-29 21:13:39 - FNS,10459937155,2023-12-29T21:13:39-08:00,2023-12-29T23:54:32-08:00,NOAA NCEI legacy route weather pipeline,NOAA NCEI,Unknown hourly station,legacy_fixed_local_window,,,,,
2023-12-30,20:41:35 - SNS,https://handicapskater.com/common/maps/20231230-20_41_35-SNS-10465801206.html,True,False,True,No recorded rain from 9 PM to midnight,Light downtown daily rain,0.0,0.0,0,0.15,55.18181818181818,53.0,59.0,Mild,50.09090909090909,82.9090909090909,3.909090909090909,10.0,,220.1852417353483,Breezy,9.94,9.994545454545454,Good visibility,FEW:02 12 BKN:07 23 (3); SCT:04 19 (2); FEW:02 12 SCT:04 22 (1); FEW:02 12 FEW:02 22 (1); FEW:02 12 SCT:04 21 (1),,2023-12-30T21:00:00-08:00,2023-12-30T23:59:59-08:00,True,11,UNKNOWN,Unknown hourly station,,,USW00023272,"SAN FRANCISCO DOWNTOWN, CA US",37.7705,-122.4269,Hourly LCDv2 weather used for 9 PM to midnight,"Skate route '20:41:35 - SNS' occurred on 2023-12-30. Hourly weather from Unknown hourly station (UNKNOWN) was summarized for 9 PM to midnight local time. Mean temperature was 55.2°F (Mild). No hourly precipitation was recorded in the 9 PM to midnight window. Mean wind was 3.9 mph, max wind 10.0 mph, max gust nan mph (Breezy). Minimum visibility was 9.9 miles (Good visibility). Sky conditions: FEW:02 12 BKN:07 23 (3); SCT:04 19 (2); FEW:02 12 SCT:04 22 (1); FEW:02 12 FEW:02 22 (1); FEW:02 12 SCT:04 21 (1). The local downtown station SAN FRANCISCO DOWNTOWN, CA US (USW00023272) recorded 0.150 inches of daily precipitation, categorized as Light downtown daily rain.",2023-12-30 20:41:35 - SNS,10465801206,2023-12-30T20:41:35-08:00,2023-12-30T23:02:41-08:00,NOAA NCEI legacy route weather pipeline,NOAA NCEI,Unknown hourly station,legacy_fixed_local_window,,,,,
2023-12-31,20:33:40 - ENS,https://handicapskater.com/common/maps/20231231-20_33_40-ENS-10471923777.html,False,False,,No precipitation at activity weather observation,Daily precipitation unavailable,,,,,53.24,53.24,53.24,Activity-time point observation,48.74,85,4.47387258411,4.47387258411,6.71080887616,18,Activity-time point observation,10.4800465283,10.4800465283,Activity-time point observation,Cloud cover fraction 0.93,Strava weather condition code 3.0,2023-12-31T20:33:40-08:00,2023-12-31T23:23:23-08:00,True,1,,Unavailable in Strava export,,,,,,,Strava activity-time point weather observation,Activity-time Strava weather observation for 2023-12-31 20:33:40 - ENS: Strava weather condition code 3.0; temperature 53.24 F; wind 4.47387258411 mph; precipitation intensity 0 inches/hour. The upstream provider and station were not supplied by the export.,2023-12-31 20:33:40 - ENS,10471923777,2023-12-31T20:33:40-08:00,2023-12-31T23:23:23-08:00,Strava export activity weather fields,Unavailable in Strava export,Unavailable in Strava export,activity_time_point_observation,,2023-12-31T20:01:04-08:00,3.0,1.0,0
2024-01-05,20:52:11 - FNS,https://handicapskater.com/common/maps/20240105-20_52_11-FNS-10502772723.html,False,False,False,No recorded rain from 9 PM to midnight,No downtown daily rain,0.0,0.0,0,0.0,55.285714285714285,51.0,61.0,Mild,47.0,74.14285714285714,5.857142857142857,13.0,,307.1779903691191,Breezy,9.94,9.991428571428571,Good visibility,CLR:00 (2); FEW:02 14 FEW:02 200 (2); FEW:02 200 (1); SCT:04 200 (1),,2024-01-05T21:00:00-08:00,2024-01-05T23:59:59-08:00,True,7,UNKNOWN,Unknown hourly station,,,USW00023272,"SAN FRANCISCO DOWNTOWN, CA US",37.7705,-122.4269,Hourly LCDv2 weather used for 9 PM to midnight,"Skate route '20:52:11 - FNS' occurred on 2024-01-05. Hourly weather from Unknown hourly station (UNKNOWN) was summarized for 9 PM to midnight local time. Mean temperature was 55.3°F (Mild). No hourly precipitation was recorded in the 9 PM to midnight window. Mean wind was 5.9 mph, max wind 13.0 mph, max gust nan mph (Breezy). Minimum visibility was 9.9 miles (Good visibility). Sky conditions: CLR:00 (2); FEW:02 14 FEW:02 200 (2); FEW:02 200 (1); SCT:04 200 (1).",2024-01-05 20:52:11 - FNS,10502772723,2024-01-05T20:52:11-08:00,2024-01-05T23:50:59-08:00,NOAA NCEI legacy route weather pipeline,NOAA NCEI,Unknown hourly station,legacy_fixed_local_window,,,,,
2024-01-06,21:01:06 - SNS,https://handicapskater.com/common/maps/20240106-21_01_06-SNS-10509328389.html,True,True,True,Very heavy rain from 9 PM to midnight,Light downtown daily rain,0.342,0.11,6,0.1,51.8,48.0,54.0,Cool,44.4,77.8,18.0,29.0,43.0,294.6469526542041,Very windy,3.0,7.593999999999999,Reduced visibility,CLR:00 (3); FEW:02 20 BKN:07 27 OVC:08 36 (1); OVC:08 21 (1); BKN:07 16 OVC:08 22 (1); SCT:04 16 BKN:07 40 OVC:08 47 (1),-RA:02 BR:1 |RA BR |RA (2); RA:02 BR:1 |RA BR |RA (2),2024-01-06T21:00:00-08:00,2024-01-06T23:59:59-08:00,True,10,UNKNOWN,Unknown hourly station,,,USW00023272,"SAN FRANCISCO DOWNTOWN, CA US",37.7705,-122.4269,Hourly LCDv2 weather used for 9 PM to midnight,"Skate route '21:01:06 - SNS' occurred on 2024-01-06. Hourly weather from Unknown hourly station (UNKNOWN) was summarized for 9 PM to midnight local time. Mean temperature was 51.8°F (Cool). Hourly precipitation totaled 0.342 inches with 6 rainy hour(s), categorized as Very heavy rain from 9 PM to midnight. Mean wind was 18.0 mph, max wind 29.0 mph, max gust 43.0 mph (Very windy). Minimum visibility was 3.0 miles (Reduced visibility). Present weather codes/summary: -RA:02 BR:1 |RA BR |RA (2); RA:02 BR:1 |RA BR |RA (2). Sky conditions: CLR:00 (3); FEW:02 20 BKN:07 27 OVC:08 36 (1); OVC:08 21 (1); BKN:07 16 OVC:08 22 (1); SCT:04 16 BKN:07 40 OVC:08 47 (1). The local downtown station SAN FRANCISCO DOWNTOWN, CA US (USW00023272) recorded 0.100 inches of daily precipitation, categorized as Light downtown daily rain.",2024-01-06 21:01:06 - SNS,10509328389,2024-01-06T21:01:06-08:00,2024-01-06T23:37:16-08:00,NOAA NCEI legacy route weather pipeline,NOAA NCEI,Unknown hourly station,legacy_fixed_local_window,,,,,
2024-01-12,20:48:17 - FNS,https://handicapskater.com/common/maps/20240112-20_48_17-FNS-10547682647.html,False,False,False,No recorded rain from 9 PM to midnight,No downtown daily rain,0.0,0.0,0,0.0,51.285714285714285,50.0,54.0,Cool,42.57142857142857,72.57142857142857,3.2857142857142856,6.0,,186.77069418401183,Calm / light wind,9.94,9.991428571428571,Good visibility,FEW:02 90 SCT:04 110 BKN:07 150 (1); FEW:02 90 BKN:07 110 (1); SCT:04 100 BKN:07 180 (1); FEW:02 25 BKN:07 120 BKN:07 200 (1); FEW:02 37 BKN:07 120 OVC:08 200 (1),,2024-01-12T21:00:00-08:00,2024-01-12T23:59:59-08:00,True,7,UNKNOWN,Unknown hourly station,,,USW00023272,"SAN FRANCISCO DOWNTOWN, CA US",37.7705,-122.4269,Hourly LCDv2 weather used for 9 PM to midnight,"Skate route '20:48:17 - FNS' occurred on 2024-01-12. Hourly weather from Unknown hourly station (UNKNOWN) was summarized for 9 PM to midnight local time. Mean temperature was 51.3°F (Cool). No hourly precipitation was recorded in the 9 PM to midnight window. Mean wind was 3.3 mph, max wind 6.0 mph, max gust nan mph (Calm / light wind). Minimum visibility was 9.9 miles (Good visibility). Sky conditions: FEW:02 90 SCT:04 110 BKN:07 150 (1); FEW:02 90 BKN:07 110 (1); SCT:04 100 BKN:07 180 (1); FEW:02 25 BKN:07 120 BKN:07 200 (1); FEW:02 37 BKN:07 120 OVC:08 200 (1).",2024-01-12 20:48:17 - FNS,10547682647,2024-01-12T20:48:17-08:00,2024-01-12T23:44:23-08:00,NOAA NCEI legacy route weather pipeline,NOAA NCEI,Unknown hourly station,legacy_fixed_local_window,,,,,
2024-01-13,21:24:09 - SNS,https://handicapskater.com/common/maps/20240113-21_24_09-SNS-10554422202.html,True,True,True,Very heavy rain from 9 PM to midnight,Heavy downtown daily rain,0.522,0.14,11,0.9,55.53846153846154,53.0,57.0,Mild,52.0,88.07692307692308,13.0,16.0,29.0,210.08396119659332,Windy,2.0,5.440769230769231,Low visibility,BKN:07 14 OVC:08 20 (2); SCT:04 21 BKN:07 37 BKN:07 50 (2); FEW:02 9 BKN:07 31 OVC:08 43 (1); FEW:02 9 BKN:07 29 OVC:08 34 (1); FEW:02 9 BKN:07 27 OVC:08 34 (1),-RA:02 |RA |RA (3); -RA:02 BR:1 |RA BR |RA (3); ||RA (1); RA:02 |RA |RA (1),2024-01-13T21:00:00-08:00,2024-01-13T23:59:59-08:00,True,16,UNKNOWN,Unknown hourly station,,,USW00023272,"SAN FRANCISCO DOWNTOWN, CA US",37.7705,-122.4269,Hourly LCDv2 weather used for 9 PM to midnight,"Skate route '21:24:09 - SNS' occurred on 2024-01-13. Hourly weather from Unknown hourly station (UNKNOWN) was summarized for 9 PM to midnight local time. Mean temperature was 55.5°F (Mild). Hourly precipitation totaled 0.522 inches with 11 rainy hour(s), categorized as Very heavy rain from 9 PM to midnight. Mean wind was 13.0 mph, max wind 16.0 mph, max gust 29.0 mph (Windy). Minimum visibility was 2.0 miles (Low visibility). Present weather codes/summary: -RA:02 |RA |RA (3); -RA:02 BR:1 |RA BR |RA (3); ||RA (1); RA:02 |RA |RA (1). Sky conditions: BKN:07 14 OVC:08 20 (2); SCT:04 21 BKN:07 37 BKN:07 50 (2); FEW:02 9 BKN:07 31 OVC:08 43 (1); FEW:02 9 BKN:07 29 OVC:08 34 (1); FEW:02 9 BKN:07 27 OVC:08 34 (1). The local downtown station SAN FRANCISCO DOWNTOWN, CA US (USW00023272) recorded 0.900 inches of daily precipitation, categorized as Heavy downtown daily rain.",2024-01-13 21:24:09 - SNS,10554422202,2024-01-13T21:24:09-08:00,2024-01-13T23:53:18-08:00,NOAA NCEI legacy route weather pipeline,NOAA NCEI,Unknown hourly station,legacy_fixed_local_window,,,,,
2024-01-19,20:55:54 - FNS,https://handicapskater.com/common/maps/20240119-20_55_54-FNS-10592121550.html,True,True,True,Heavy rain from 9 PM to midnight,Light downtown daily rain,0.21200000000000002,0.06,9,0.24,55.45454545454545,54.0,58.0,Mild,51.72727272727273,88.0,5.181818181818182,10.0,,157.64213828252264,Breezy,2.5,8.312727272727273,Low visibility,FEW:02 4 BKN:07 37 OVC:08 80 (2); FEW:02 4 BKN:07 26 OVC:08 36 (1); FEW:02 8 SCT:04 23 BKN:07 38 (1); FEW:02 8 FEW:02 27 BKN:07 40 (1); BKN:07 45 OVC:08 55 (1),-RA:02 |RA |RA (5); ||RA (1); RA:02 BR:1 |RA BR |RA (1); -RA:02 BR:1 |RA BR |RA (1),2024-01-19T21:00:00-08:00,2024-01-19T23:59:59-08:00,True,13,UNKNOWN,Unknown hourly station,,,USW00023272,"SAN FRANCISCO DOWNTOWN, CA US",37.7705,-122.4269,Hourly LCDv2 weather used for 9 PM to midnight,"Skate route '20:55:54 - FNS' occurred on 2024-01-19. Hourly weather from Unknown hourly station (UNKNOWN) was summarized for 9 PM to midnight local time. Mean temperature was 55.5°F (Mild). Hourly precipitation totaled 0.212 inches with 9 rainy hour(s), categorized as Heavy rain from 9 PM to midnight. Mean wind was 5.2 mph, max wind 10.0 mph, max gust nan mph (Breezy). Minimum visibility was 2.5 miles (Low visibility). Present weather codes/summary: -RA:02 |RA |RA (5); ||RA (1); RA:02 BR:1 |RA BR |RA (1); -RA:02 BR:1 |RA BR |RA (1). Sky conditions: FEW:02 4 BKN:07 37 OVC:08 80 (2); FEW:02 4 BKN:07 26 OVC:08 36 (1); FEW:02 8 SCT:04 23 BKN:07 38 (1); FEW:02 8 FEW:02 27 BKN:07 40 (1); BKN:07 45 OVC:08 55 (1). The local downtown station SAN FRANCISCO DOWNTOWN, CA US (USW00023272) recorded 0.240 inches of daily precipitation, categorized as Light downtown daily rain.",2024-01-19 20:55:54 - FNS,10592121550,2024-01-19T20:55:54-08:00,2024-01-19T23:27:40-08:00,NOAA NCEI legacy route weather pipeline,NOAA NCEI,Unknown hourly station,legacy_fixed_local_window,,,,,
2024-01-20,20:30:34 - SNS,https://handicapskater.com/common/maps/20240120-20_30_34-SNS-10598689666.html,True,True,True,Light rain from 9 PM to midnight,Light downtown daily rain,0.034,0.01,7,0.19,55.84615384615385,54.0,57.0,Mild,53.23076923076923,91.07692307692308,7.076923076923077,9.0,,162.97650432925423,Calm / light wind,5.0,8.687692307692307,Reduced visibility,FEW:02 23 BKN:07 26 OVC:08 80 (2); FEW:02 8 BKN:07 32 OVC:08 50 (2); FEW:02 10 FEW:02 36 OVC:08 90 (2); FEW:02 12 BKN:07 23 OVC:08 38 (1); SCT:04 28 BKN:07 42 OVC:08 70 (1),-RA:02 |RA |RA (3); ||RA (1); -RA:02 BR:1 |RA BR |RA (1); BR:1 |BR | (1),2024-01-20T21:00:00-08:00,2024-01-20T23:59:59-08:00,True,14,UNKNOWN,Unknown hourly station,,,USW00023272,"SAN FRANCISCO DOWNTOWN, CA US",37.7705,-122.4269,Hourly LCDv2 weather used for 9 PM to midnight,"Skate route '20:30:34 - SNS' occurred on 2024-01-20. Hourly weather from Unknown hourly station (UNKNOWN) was summarized for 9 PM to midnight local time. Mean temperature was 55.8°F (Mild). Hourly precipitation totaled 0.034 inches with 7 rainy hour(s), categorized as Light rain from 9 PM to midnight. Mean wind was 7.1 mph, max wind 9.0 mph, max gust nan mph (Calm / light wind). Minimum visibility was 5.0 miles (Reduced visibility). Present weather codes/summary: -RA:02 |RA |RA (3); ||RA (1); -RA:02 BR:1 |RA BR |RA (1); BR:1 |BR | (1). Sky conditions: FEW:02 23 BKN:07 26 OVC:08 80 (2); FEW:02 8 BKN:07 32 OVC:08 50 (2); FEW:02 10 FEW:02 36 OVC:08 90 (2); FEW:02 12 BKN:07 23 OVC:08 38 (1); SCT:04 28 BKN:07 42 OVC:08 70 (1). The local downtown station SAN FRANCISCO DOWNTOWN, CA US (USW00023272) recorded 0.190 inches of daily precipitation, categorized as Light downtown daily rain.",2024-01-20 20:30:34 - SNS,10598689666,2024-01-20T20:30:34-08:00,2024-01-20T23:08:02-08:00,NOAA NCEI legacy route weather pipeline,NOAA NCEI,Unknown hourly station,legacy_fixed_local_window,,,,,
2024-01-26,20:56:22 - FNS,https://handicapskater.com/common/maps/20240126-20_56_22-FNS-10637204785.html,False,False,False,No recorded rain from 9 PM to midnight,No downtown daily rain,0.0,0.0,0,0.0,57.285714285714285,55.0,59.0,Mild,51.285714285714285,81.0,3.7142857142857144,6.0,,223.51027057497504,Calm / light wind,9.0,9.848571428571429,Good visibility,SCT:04 180 (2); SCT:04 47 BKN:07 65 BKN:07 150 (2); BKN:07 180 (1); FEW:02 12 SCT:04 60 BKN:07 150 (1),,2024-01-26T21:00:00-08:00,2024-01-26T23:59:59-08:00,True,7,UNKNOWN,Unknown hourly station,,,USW00023272,"SAN FRANCISCO DOWNTOWN, CA US",37.7705,-122.4269,Hourly LCDv2 weather used for 9 PM to midnight,"Skate route '20:56:22 - FNS' occurred on 2024-01-26. Hourly weather from Unknown hourly station (UNKNOWN) was summarized for 9 PM to midnight local time. Mean temperature was 57.3°F (Mild). No hourly precipitation was recorded in the 9 PM to midnight window. Mean wind was 3.7 mph, max wind 6.0 mph, max gust nan mph (Calm / light wind). Minimum visibility was 9.0 miles (Good visibility). Sky conditions: SCT:04 180 (2); SCT:04 47 BKN:07 65 BKN:07 150 (2); BKN:07 180 (1); FEW:02 12 SCT:04 60 BKN:07 150 (1).",2024-01-26 20:56:22 - FNS,10637204785,2024-01-26T20:56:22-08:00,2024-01-26T23:54:49-08:00,NOAA NCEI legacy route weather pipeline,NOAA NCEI,Unknown hourly station,legacy_fixed_local_window,,,,,
2024-01-27,20:46:13 - SNS,https://handicapskater.com/common/maps/20240127-20_46_13-SNS-10644213850.html,False,False,False,No recorded rain from 9 PM to midnight,No downtown daily rain,0.0,0.0,0,0.0,58.857142857142854,57.0,61.0,Mild,51.285714285714285,76.42857142857143,2.0,6.0,,339.8356386262895,Calm / light wind,9.94,9.991428571428571,Good visibility,BKN:07 180 (2); OVC:08 180 (1); FEW:02 80 SCT:04 110 BKN:07 150 (1); SCT:04 100 BKN:07 200 (1); BKN:07 100 BKN:07 200 (1),,2024-01-27T21:00:00-08:00,2024-01-27T23:59:59-08:00,True,7,UNKNOWN,Unknown hourly station,,,USW00023272,"SAN FRANCISCO DOWNTOWN, CA US",37.7705,-122.4269,Hourly LCDv2 weather used for 9 PM to midnight,"Skate route '20:46:13 - SNS' occurred on 2024-01-27. Hourly weather from Unknown hourly station (UNKNOWN) was summarized for 9 PM to midnight local time. Mean temperature was 58.9°F (Mild). No hourly precipitation was recorded in the 9 PM to midnight window. Mean wind was 2.0 mph, max wind 6.0 mph, max gust nan mph (Calm / light wind). Minimum visibility was 9.9 miles (Good visibility). Sky conditions: BKN:07 180 (2); OVC:08 180 (1); FEW:02 80 SCT:04 110 BKN:07 150 (1); SCT:04 100 BKN:07 200 (1); BKN:07 100 BKN:07 200 (1).",2024-01-27 20:46:13 - SNS,10644213850,2024-01-27T20:46:13-08:00,2024-01-27T23:16:48-08:00,NOAA NCEI legacy route weather pipeline,NOAA NCEI,Unknown hourly station,legacy_fixed_local_window,,,,,
2024-02-02,20:59:22 - FNS,https://handicapskater.com/common/maps/20240202-20_59_22-FNS-10684856549.html,True,True,True,Light rain from 9 PM to midnight,Light downtown daily rain,0.01,0.01,1,0.22,52.714285714285715,49.0,57.0,Cool,43.42857142857143,71.71428571428571,9.428571428571429,18.0,,221.81673588704876,Breezy,9.94,9.991428571428571,Good visibility,FEW:02 20 SCT:04 36 BKN:07 60 (1); BKN:07 34 BKN:07 41 (1); FEW:02 30 FEW:02 41 (1); SCT:04 55 BKN:07 110 (1); SCT:04 35 BKN:07 55 (1),,2024-02-02T21:00:00-08:00,2024-02-02T23:59:59-08:00,True,7,UNKNOWN,Unknown hourly station,,,USW00023272,"SAN FRANCISCO DOWNTOWN, CA US",37.7705,-122.4269,Hourly LCDv2 weather used for 9 PM to midnight,"Skate route '20:59:22 - FNS' occurred on 2024-02-02. Hourly weather from Unknown hourly station (UNKNOWN) was summarized for 9 PM to midnight local time. Mean temperature was 52.7°F (Cool). Hourly precipitation totaled 0.010 inches with 1 rainy hour(s), categorized as Light rain from 9 PM to midnight. Mean wind was 9.4 mph, max wind 18.0 mph, max gust nan mph (Breezy). Minimum visibility was 9.9 miles (Good visibility). Sky conditions: FEW:02 20 SCT:04 36 BKN:07 60 (1); BKN:07 34 BKN:07 41 (1); FEW:02 30 FEW:02 41 (1); SCT:04 55 BKN:07 110 (1); SCT:04 35 BKN:07 55 (1). The local downtown station SAN FRANCISCO DOWNTOWN, CA US (USW00023272) recorded 0.220 inches of daily precipitation, categorized as Light downtown daily rain.",2024-02-02 20:59:22 - FNS,10684856549,2024-02-02T20:59:22-08:00,2024-02-02T23:12:04-08:00,NOAA NCEI legacy route weather pipeline,NOAA NCEI,Unknown hourly station,legacy_fixed_local_window,,,,,
2024-02-03,20:47:57 - SNS,https://handicapskater.com/common/maps/20240203-20_47_57-SNS-10691949542.html,True,True,True,Very heavy rain from 9 PM to midnight,Moderate downtown daily rain,0.76,0.16,7,0.41,51.75,49.0,56.0,Cool,44.875,78.5,13.375,22.0,,87.84961383137407,Windy,6.0,8.057500000000001,Reduced visibility,SCT:04 14 BKN:07 21 OVC:08 45 (2); FEW:02 11 OVC:08 45 (1); SCT:04 16 OVC:08 60 (1); SCT:04 13 SCT:04 70 BKN:07 130 (1); FEW:02 10 SCT:04 41 OVC:08 200 (1),RA:02 |RA |RA (2); RA:02 BR:1 |RA BR |RA (2); ||RA (1),2024-02-03T21:00:00-08:00,2024-02-03T23:59:59-08:00,True,11,UNKNOWN,Unknown hourly station,,,USW00023272,"SAN FRANCISCO DOWNTOWN, CA US",37.7705,-122.4269,Hourly LCDv2 weather used for 9 PM to midnight,"Skate route '20:47:57 - SNS' occurred on 2024-02-03. Hourly weather from Unknown hourly station (UNKNOWN) was summarized for 9 PM to midnight local time. Mean temperature was 51.8°F (Cool). Hourly precipitation totaled 0.760 inches with 7 rainy hour(s), categorized as Very heavy rain from 9 PM to midnight. Mean wind was 13.4 mph, max wind 22.0 mph, max gust nan mph (Windy). Minimum visibility was 6.0 miles (Reduced visibility). Present weather codes/summary: RA:02 |RA |RA (2); RA:02 BR:1 |RA BR |RA (2); ||RA (1). Sky conditions: SCT:04 14 BKN:07 21 OVC:08 45 (2); FEW:02 11 OVC:08 45 (1); SCT:04 16 OVC:08 60 (1); SCT:04 13 SCT:04 70 BKN:07 130 (1); FEW:02 10 SCT:04 41 OVC:08 200 (1). The local downtown station SAN FRANCISCO DOWNTOWN, CA US (USW00023272) recorded 0.410 inches of daily precipitation, categorized as Moderate downtown daily rain.",2024-02-03 20:47:57 - SNS,10691949542,2024-02-03T20:47:57-08:00,2024-02-03T23:20:53-08:00,NOAA NCEI legacy route weather pipeline,NOAA NCEI,Unknown hourly station,legacy_fixed_local_window,,,,,
2024-02-09,20:49:13 - FNS,https://handicapskater.com/common/maps/20240209-20_49_13-FNS-10737876754.html,False,False,False,No recorded rain from 9 PM to midnight,No downtown daily rain,0.0,0.0,0,0.0,52.42857142857143,50.0,56.0,Cool,42.857142857142854,70.57142857142857,5.142857142857143,10.0,,303.40258986401795,Breezy,9.94,9.991428571428571,Good visibility,SCT:04 180 (2); FEW:02 15 SCT:04 30 BKN:07 200 (2); FEW:02 180 (1); FEW:02 10 SCT:04 30 SCT:04 180 (1),,2024-02-09T21:00:00-08:00,2024-02-09T23:59:59-08:00,True,7,UNKNOWN,Unknown hourly station,,,USW00023272,"SAN FRANCISCO DOWNTOWN, CA US",37.7705,-122.4269,Hourly LCDv2 weather used for 9 PM to midnight,"Skate route '20:49:13 - FNS' occurred on 2024-02-09. Hourly weather from Unknown hourly station (UNKNOWN) was summarized for 9 PM to midnight local time. Mean temperature was 52.4°F (Cool). No hourly precipitation was recorded in the 9 PM to midnight window. Mean wind was 5.1 mph, max wind 10.0 mph, max gust nan mph (Breezy). Minimum visibility was 9.9 miles (Good visibility). Sky conditions: SCT:04 180 (2); FEW:02 15 SCT:04 30 BKN:07 200 (2); FEW:02 180 (1); FEW:02 10 SCT:04 30 SCT:04 180 (1).",2024-02-09 20:49:13 - FNS,10737876754,2024-02-09T20:49:13-08:00,2024-02-09T23:57:13-08:00,NOAA NCEI legacy route weather pipeline,NOAA NCEI,Unknown hourly station,legacy_fixed_local_window,,,,,
2024-02-10,20:45:28 - SNS,https://handicapskater.com/common/maps/20240210-20_45_28-SNS-10738137740.html,False,False,False,No recorded rain from 9 PM to midnight,No downtown daily rain,0.0,0.0,0,0.0,55.142857142857146,52.0,60.0,Mild,44.42857142857143,69.14285714285714,9.714285714285714,13.0,,261.8444515600421,Breezy,9.94,9.991428571428571,Good visibility,CLR:00 (3); FEW:02 11 (1); FEW:02 14 (1); SCT:04 15 (1),,2024-02-10T21:00:00-08:00,2024-02-10T23:59:59-08:00,True,7,UNKNOWN,Unknown hourly station,,,USW00023272,"SAN FRANCISCO DOWNTOWN, CA US",37.7705,-122.4269,Hourly LCDv2 weather used for 9 PM to midnight,"Skate route '20:45:28 - SNS' occurred on 2024-02-10. Hourly weather from Unknown hourly station (UNKNOWN) was summarized for 9 PM to midnight local time. Mean temperature was 55.1°F (Mild). No hourly precipitation was recorded in the 9 PM to midnight window. Mean wind was 9.7 mph, max wind 13.0 mph, max gust nan mph (Breezy). Minimum visibility was 9.9 miles (Good visibility). Sky conditions: CLR:00 (3); FEW:02 11 (1); FEW:02 14 (1); SCT:04 15 (1).",2024-02-10 20:45:28 - SNS,10738137740,2024-02-10T20:45:28-08:00,2024-02-10T23:27:08-08:00,NOAA NCEI legacy route weather pipeline,NOAA NCEI,Unknown hourly station,legacy_fixed_local_window,,,,,
2024-02-16,20:48:16 - FNS,https://handicapskater.com/common/maps/20240216-20_48_16-FNS-10777410138.html,False,False,False,No recorded rain from 9 PM to midnight,No downtown daily rain,0.0,0.0,0,0.0,55.285714285714285,54.0,56.0,Mild,49.285714285714285,80.57142857142857,4.428571428571429,8.0,,244.89236190631613,Calm / light wind,9.94,9.991428571428571,Good visibility,BKN:07 150 OVC:08 180 (1); BKN:07 140 OVC:08 180 (1); SCT:04 140 BKN:07 200 (1); BKN:07 150 BKN:07 180 (1); BKN:07 120 BKN:07 200 (1),,2024-02-16T21:00:00-08:00,2024-02-16T23:59:59-08:00,True,7,UNKNOWN,Unknown hourly station,,,USW00023272,"SAN FRANCISCO DOWNTOWN, CA US",37.7705,-122.4269,Hourly LCDv2 weather used for 9 PM to midnight,"Skate route '20:48:16 - FNS' occurred on 2024-02-16. Hourly weather from Unknown hourly station (UNKNOWN) was summarized for 9 PM to midnight local time. Mean temperature was 55.3°F (Mild). No hourly precipitation was recorded in the 9 PM to midnight window. Mean wind was 4.4 mph, max wind 8.0 mph, max gust nan mph (Calm / light wind). Minimum visibility was 9.9 miles (Good visibility). Sky conditions: BKN:07 150 OVC:08 180 (1); BKN:07 140 OVC:08 180 (1); SCT:04 140 BKN:07 200 (1); BKN:07 150 BKN:07 180 (1); BKN:07 120 BKN:07 200 (1).",2024-02-16 20:48:16 - FNS,10777410138,2024-02-16T20:48:16-08:00,2024-02-16T23:55:13-08:00,NOAA NCEI legacy route weather pipeline,NOAA NCEI,Unknown hourly station,legacy_fixed_local_window,,,,,
2024-02-17,20:47:56 - SNS,https://handicapskater.com/common/maps/20240217-20_47_56-SNS-10784444181.html,False,False,,No precipitation at activity weather observation,Daily precipitation unavailable,,,,,54.68,54.68,54.68,Activity-time point observation,52.16,91,11.4083750895,11.4083750895,22.3693629205,195,Activity-time point observation,8.83651972481,8.83651972481,Activity-time point observation,Cloud cover fraction 0.69,Strava weather condition code 3.0,2024-02-17T20:47:56-08:00,2024-02-17T23:33:18-08:00,True,1,,Unavailable in Strava export,,,,,,,Strava activity-time point weather observation,Activity-time Strava weather observation for 2024-02-17 20:47:56 - SNS: Strava weather condition code 3.0; temperature 54.68 F; wind 11.4083750895 mph; precipitation intensity 0 inches/hour. The upstream provider and station were not supplied by the export.,2024-02-17 20:47:56 - SNS,10784444181,2024-02-17T20:47:56-08:00,2024-02-17T23:33:18-08:00,Strava export activity weather fields,Unavailable in Strava export,Unavailable in Strava export,activity_time_point_observation,,2024-02-17T20:01:04-08:00,3.0,5.0,0
2024-02-23,20:52:22 - FNS,https://handicapskater.com/common/maps/20240223-20_52_22-FNS-10824418410.html,False,False,False,No recorded rain from 9 PM to midnight,No downtown daily rain,0.0,0.0,0,0.0,60.285714285714285,56.0,67.0,Mild,45.42857142857143,59.285714285714285,6.142857142857143,14.0,,42.87246408609899,Breezy,9.94,9.991428571428571,Good visibility,FEW:02 150 BKN:07 180 (2); SCT:04 150 BKN:07 180 (1); BKN:07 200 (1); SCT:04 200 BKN:07 250 (1); SCT:04 180 BKN:07 220 (1),,2024-02-23T21:00:00-08:00,2024-02-23T23:59:59-08:00,True,7,UNKNOWN,Unknown hourly station,,,USW00023272,"SAN FRANCISCO DOWNTOWN, CA US",37.7705,-122.4269,Hourly LCDv2 weather used for 9 PM to midnight,"Skate route '20:52:22 - FNS' occurred on 2024-02-23. Hourly weather from Unknown hourly station (UNKNOWN) was summarized for 9 PM to midnight local time. Mean temperature was 60.3°F (Mild). No hourly precipitation was recorded in the 9 PM to midnight window. Mean wind was 6.1 mph, max wind 14.0 mph, max gust nan mph (Breezy). Minimum visibility was 9.9 miles (Good visibility). Sky conditions: FEW:02 150 BKN:07 180 (2); SCT:04 150 BKN:07 180 (1); BKN:07 200 (1); SCT:04 200 BKN:07 250 (1); SCT:04 180 BKN:07 220 (1).",2024-02-23 20:52:22 - FNS,10824418410,2024-02-23T20:52:22-08:00,2024-02-23T23:52:37-08:00,NOAA NCEI legacy route weather pipeline,NOAA NCEI,Unknown hourly station,legacy_fixed_local_window,,,,,
2024-02-24,20:53:55 - SNS,https://handicapskater.com/common/maps/20240224-20_53_55-SNS-10831378336.html,False,False,False,No recorded rain from 9 PM to midnight,No downtown daily rain,0.0,0.0,0,0.0,61.57142857142857,57.0,68.0,Mild,45.714285714285715,56.714285714285715,6.285714285714286,9.0,,280.753568116833,Calm / light wind,9.94,9.991428571428571,Good visibility,CLR:00 (3); FEW:02 150 FEW:02 200 (1); BKN:07 200 (1); SCT:04 200 (1),,2024-02-24T21:00:00-08:00,2024-02-24T23:59:59-08:00,True,7,UNKNOWN,Unknown hourly station,,,USW00023272,"SAN FRANCISCO DOWNTOWN, CA US",37.7705,-122.4269,Hourly LCDv2 weather used for 9 PM to midnight,"Skate route '20:53:55 - SNS' occurred on 2024-02-24. Hourly weather from Unknown hourly station (UNKNOWN) was summarized for 9 PM to midnight local time. Mean temperature was 61.6°F (Mild). No hourly precipitation was recorded in the 9 PM to midnight window. Mean wind was 6.3 mph, max wind 9.0 mph, max gust nan mph (Calm / light wind). Minimum visibility was 9.9 miles (Good visibility). Sky conditions: CLR:00 (3); FEW:02 150 FEW:02 200 (1); BKN:07 200 (1); SCT:04 200 (1).",2024-02-24 20:53:55 - SNS,10831378336,2024-02-24T20:53:55-08:00,2024-02-24T23:27:38-08:00,NOAA NCEI legacy route weather pipeline,NOAA NCEI,Unknown hourly station,legacy_fixed_local_window,,,,,
2024-03-01,21:22:20 - FNS,https://handicapskater.com/common/maps/20240301-21_22_20-FNS-10871652219.html,False,True,,Precipitation observed at activity weather observation,Daily precipitation unavailable,,,,,51.26,51.26,51.26,Activity-time point observation,46.04,82,22.5930565497,22.5930565497,42.2780959198,230,Activity-time point observation,10.996405989,10.996405989,Activity-time point observation,Cloud cover fraction 0.85,Strava weather condition code 5.0,2024-03-01T21:22:20-08:00,2024-03-01T23:37:10-08:00,True,1,,Unavailable in Strava export,,,,,,,Strava activity-time point weather observation,Activity-time Strava weather observation for 2024-03-01 21:22:20 - FNS: Strava weather condition code 5.0; temperature 51.26 F; wind 22.5930565497 mph; precipitation intensity 0.0433070866142 inches/hour. The upstream provider and station were not supplied by the export.,2024-03-01 21:22:20 - FNS,10871652219,2024-03-01T21:22:20-08:00,2024-03-01T23:37:10-08:00,Strava export activity weather fields,Unavailable in Strava export,Unavailable in Strava export,activity_time_point_observation,,2024-03-01T21:00:48-08:00,5.0,5.0,0.0433070866142
2024-03-02,20:45:23 - SNS,https://handicapskater.com/common/maps/20240302-20_45_23-SNS-10878518013.html,True,True,True,Heavy rain from 9 PM to midnight,Moderate downtown daily rain,0.163,0.08,7,0.35,49.25,46.0,53.0,Cool,41.75,75.875,16.5,23.0,33.0,249.69244422819284,Very windy,6.84,9.105,Reduced visibility,FEW:02 17 SCT:04 28 OVC:08 60 (1); FEW:02 12 SCT:04 29 OVC:08 42 (1); FEW:02 36 (1); FEW:02 30 SCT:04 85 (1); SCT:04 33 BKN:07 45 BKN:07 70 (1),-RA:02 |RA |RA (2); RA:02 |RA |RA (1); ||RA (1),2024-03-02T21:00:00-08:00,2024-03-02T23:59:59-08:00,True,10,UNKNOWN,Unknown hourly station,,,USW00023272,"SAN FRANCISCO DOWNTOWN, CA US",37.7705,-122.4269,Hourly LCDv2 weather used for 9 PM to midnight,"Skate route '20:45:23 - SNS' occurred on 2024-03-02. Hourly weather from Unknown hourly station (UNKNOWN) was summarized for 9 PM to midnight local time. Mean temperature was 49.2°F (Cool). Hourly precipitation totaled 0.163 inches with 7 rainy hour(s), categorized as Heavy rain from 9 PM to midnight. Mean wind was 16.5 mph, max wind 23.0 mph, max gust 33.0 mph (Very windy). Minimum visibility was 6.8 miles (Reduced visibility). Present weather codes/summary: -RA:02 |RA |RA (2); RA:02 |RA |RA (1); ||RA (1). Sky conditions: FEW:02 17 SCT:04 28 OVC:08 60 (1); FEW:02 12 SCT:04 29 OVC:08 42 (1); FEW:02 36 (1); FEW:02 30 SCT:04 85 (1); SCT:04 33 BKN:07 45 BKN:07 70 (1). The local downtown station SAN FRANCISCO DOWNTOWN, CA US (USW00023272) recorded 0.350 inches of daily precipitation, categorized as Moderate downtown daily rain.",2024-03-02 20:45:23 - SNS,10878518013,2024-03-02T20:45:23-08:00,2024-03-02T23:28:44-08:00,NOAA NCEI legacy route weather pipeline,NOAA NCEI,Unknown hourly station,legacy_fixed_local_window,,,,,
2024-03-08,20:49:06 - FNS,https://handicapskater.com/common/maps/20240308-20_49_06-FNS-10920591783.html,False,False,False,No recorded rain from 9 PM to midnight,No downtown daily rain,0.0,0.0,0,0.0,56.0,52.0,63.0,Mild,43.25,65.25,8.375,11.0,,282.4365906250812,Breezy,9.94,9.9925,Good visibility,FEW:02 11 (1); BKN:07 21 (1); SCT:04 22 (1); SCT:04 25 (1); FEW:02 25 (1),,2024-03-08T21:00:00-08:00,2024-03-08T23:59:59-08:00,True,8,UNKNOWN,Unknown hourly station,,,USW00023272,"SAN FRANCISCO DOWNTOWN, CA US",37.7705,-122.4269,Hourly LCDv2 weather used for 9 PM to midnight,"Skate route '20:49:06 - FNS' occurred on 2024-03-08. Hourly weather from Unknown hourly station (UNKNOWN) was summarized for 9 PM to midnight local time. Mean temperature was 56.0°F (Mild). No hourly precipitation was recorded in the 9 PM to midnight window. Mean wind was 8.4 mph, max wind 11.0 mph, max gust nan mph (Breezy). Minimum visibility was 9.9 miles (Good visibility). Sky conditions: FEW:02 11 (1); BKN:07 21 (1); SCT:04 22 (1); SCT:04 25 (1); FEW:02 25 (1).",2024-03-08 20:49:06 - FNS,10920591783,2024-03-08T20:49:06-08:00,2024-03-08T23:51:18-08:00,NOAA NCEI legacy route weather pipeline,NOAA NCEI,Unknown hourly station,legacy_fixed_local_window,,,,,
2024-03-09,20:45:56 - SNS,https://handicapskater.com/common/maps/20240309-20_45_56-SNS-10930231139.html,False,False,False,No recorded rain from 9 PM to midnight,No downtown daily rain,0.0,0.0,0,0.0,54.875,50.0,60.0,Cool,47.0,75.5,6.125,11.0,,238.90907386114753,Breezy,9.94,9.9925,Good visibility,FEW:02 8 SCT:04 30 BKN:07 200 (2); SCT:04 18 (1); FEW:02 20 BKN:07 200 (1); FEW:02 10 FEW:02 41 BKN:07 200 (1); SCT:04 33 BKN:07 50 BKN:07 180 (1),,2024-03-09T21:00:00-08:00,2024-03-09T23:59:59-08:00,True,8,UNKNOWN,Unknown hourly station,,,USW00023272,"SAN FRANCISCO DOWNTOWN, CA US",37.7705,-122.4269,Hourly LCDv2 weather used for 9 PM to midnight,"Skate route '20:45:56 - SNS' occurred on 2024-03-09. Hourly weather from Unknown hourly station (UNKNOWN) was summarized for 9 PM to midnight local time. Mean temperature was 54.9°F (Cool). No hourly precipitation was recorded in the 9 PM to midnight window. Mean wind was 6.1 mph, max wind 11.0 mph, max gust nan mph (Breezy). Minimum visibility was 9.9 miles (Good visibility). Sky conditions: FEW:02 8 SCT:04 30 BKN:07 200 (2); SCT:04 18 (1); FEW:02 20 BKN:07 200 (1); FEW:02 10 FEW:02 41 BKN:07 200 (1); SCT:04 33 BKN:07 50 BKN:07 180 (1).",2024-03-09 20:45:56 - SNS,10930231139,2024-03-09T20:45:56-08:00,2024-03-09T23:48:09-08:00,NOAA NCEI legacy route weather pipeline,NOAA NCEI,Unknown hourly station,legacy_fixed_local_window,,,,,
2024-03-15,20:48:57 - FNS,https://handicapskater.com/common/maps/20240315-20_48_57-FNS-10968802026.html,True,False,False,No recorded rain from 9 PM to midnight,No downtown daily rain,0.0,0.0,0,0.0,66.28571428571429,58.0,74.0,Mild,33.714285714285715,31.0,9.428571428571429,16.0,31.0,346.51724304701474,Very windy,9.94,9.991428571428571,Good visibility,CLR:00 (6),,2024-03-15T21:00:00-07:00,2024-03-15T23:59:59-07:00,True,7,UNKNOWN,Unknown hourly station,,,USW00023272,"SAN FRANCISCO DOWNTOWN, CA US",37.7705,-122.4269,Hourly LCDv2 weather used for 9 PM to midnight,"Skate route '20:48:57 - FNS' occurred on 2024-03-15. Hourly weather from Unknown hourly station (UNKNOWN) was summarized for 9 PM to midnight local time. Mean temperature was 66.3°F (Mild). No hourly precipitation was recorded in the 9 PM to midnight window. Mean wind was 9.4 mph, max wind 16.0 mph, max gust 31.0 mph (Very windy). Minimum visibility was 9.9 miles (Good visibility). Sky conditions: CLR:00 (6).",2024-03-15 20:48:57 - FNS,10968802026,2024-03-15T20:48:57-07:00,2024-03-15T23:50:27-07:00,NOAA NCEI legacy route weather pipeline,NOAA NCEI,Unknown hourly station,legacy_fixed_local_window,,,,,
2024-03-16,20:32:49 - SNS,https://handicapskater.com/common/maps/20240316-20_32_49-SNS-10976087805.html,False,False,False,No recorded rain from 9 PM to midnight,No downtown daily rain,0.0,0.0,0,0.0,59.57142857142857,55.0,66.0,Mild,47.42857142857143,65.42857142857143,8.0,15.0,,291.83246392579014,Breezy,9.94,9.991428571428571,Good visibility,FEW:02 8 (3); FEW:02 60 (1); CLR:00 (1); FEW:02 30 (1),,2024-03-16T21:00:00-07:00,2024-03-16T23:59:59-07:00,True,7,UNKNOWN,Unknown hourly station,,,USW00023272,"SAN FRANCISCO DOWNTOWN, CA US",37.7705,-122.4269,Hourly LCDv2 weather used for 9 PM to midnight,"Skate route '20:32:49 - SNS' occurred on 2024-03-16. Hourly weather from Unknown hourly station (UNKNOWN) was summarized for 9 PM to midnight local time. Mean temperature was 59.6°F (Mild). No hourly precipitation was recorded in the 9 PM to midnight window. Mean wind was 8.0 mph, max wind 15.0 mph, max gust nan mph (Breezy). Minimum visibility was 9.9 miles (Good visibility). Sky conditions: FEW:02 8 (3); FEW:02 60 (1); CLR:00 (1); FEW:02 30 (1).",2024-03-16 20:32:49 - SNS,10976087805,2024-03-16T20:32:49-07:00,2024-03-16T23:21:50-07:00,NOAA NCEI legacy route weather pipeline,NOAA NCEI,Unknown hourly station,legacy_fixed_local_window,,,,,
2024-03-22,20:36:29 - FNS,https://handicapskater.com/common/maps/20240322-20_36_29-FNS-11018443113.html,True,True,True,Heavy rain from 9 PM to midnight,Moderate downtown daily rain,0.204,0.18,6,0.48,57.142857142857146,53.0,63.0,Mild,49.57142857142857,76.28571428571429,11.142857142857142,17.0,29.0,235.82700376770478,Windy,9.94,9.991428571428571,Good visibility,FEW:02 8 SCT:04 30 OVC:08 55 (1); FEW:02 8 SCT:04 26 BKN:07 44 (1); FEW:02 8 SCT:04 35 (1); BKN:07 43 BKN:07 90 OVC:08 140 (1); BKN:07 48 BKN:07 90 OVC:08 140 (1),-RA:02 |RA |RA (2); ||RA (1),2024-03-22T21:00:00-07:00,2024-03-22T23:59:59-07:00,True,8,UNKNOWN,Unknown hourly station,,,USW00023272,"SAN FRANCISCO DOWNTOWN, CA US",37.7705,-122.4269,Hourly LCDv2 weather used for 9 PM to midnight,"Skate route '20:36:29 - FNS' occurred on 2024-03-22. Hourly weather from Unknown hourly station (UNKNOWN) was summarized for 9 PM to midnight local time. Mean temperature was 57.1°F (Mild). Hourly precipitation totaled 0.204 inches with 6 rainy hour(s), categorized as Heavy rain from 9 PM to midnight. Mean wind was 11.1 mph, max wind 17.0 mph, max gust 29.0 mph (Windy). Minimum visibility was 9.9 miles (Good visibility). Present weather codes/summary: -RA:02 |RA |RA (2); ||RA (1). Sky conditions: FEW:02 8 SCT:04 30 OVC:08 55 (1); FEW:02 8 SCT:04 26 BKN:07 44 (1); FEW:02 8 SCT:04 35 (1); BKN:07 43 BKN:07 90 OVC:08 140 (1); BKN:07 48 BKN:07 90 OVC:08 140 (1). The local downtown station SAN FRANCISCO DOWNTOWN, CA US (USW00023272) recorded 0.480 inches of daily precipitation, categorized as Moderate downtown daily rain.",2024-03-22 20:36:29 - FNS,11018443113,2024-03-22T20:36:29-07:00,2024-03-22T23:04:16-07:00,NOAA NCEI legacy route weather pipeline,NOAA NCEI,Unknown hourly station,legacy_fixed_local_window,,,,,
2024-03-23,20:35:38 - SNS,https://handicapskater.com/common/maps/20240323-20_35_38-SNS-11025306748.html,True,True,True,Light rain from 9 PM to midnight,Light downtown daily rain,0.042,0.04,3,0.12,55.714285714285715,53.0,60.0,Mild,45.714285714285715,69.85714285714286,14.714285714285714,17.0,29.0,269.95466390927913,Windy,9.94,9.991428571428571,Good visibility,SCT:04 20 BKN:07 36 BKN:07 65 (1); FEW:02 16 SCT:04 32 SCT:04 44 (1); SCT:04 21 BKN:07 30 BKN:07 50 (1); FEW:02 49 SCT:04 65 BKN:07 200 (1); SCT:04 44 BKN:07 200 (1),,2024-03-23T21:00:00-07:00,2024-03-23T23:59:59-07:00,True,8,UNKNOWN,Unknown hourly station,,,USW00023272,"SAN FRANCISCO DOWNTOWN, CA US",37.7705,-122.4269,Hourly LCDv2 weather used for 9 PM to midnight,"Skate route '20:35:38 - SNS' occurred on 2024-03-23. Hourly weather from Unknown hourly station (UNKNOWN) was summarized for 9 PM to midnight local time. Mean temperature was 55.7°F (Mild). Hourly precipitation totaled 0.042 inches with 3 rainy hour(s), categorized as Light rain from 9 PM to midnight. Mean wind was 14.7 mph, max wind 17.0 mph, max gust 29.0 mph (Windy). Minimum visibility was 9.9 miles (Good visibility). Sky conditions: SCT:04 20 BKN:07 36 BKN:07 65 (1); FEW:02 16 SCT:04 32 SCT:04 44 (1); SCT:04 21 BKN:07 30 BKN:07 50 (1); FEW:02 49 SCT:04 65 BKN:07 200 (1); SCT:04 44 BKN:07 200 (1). The local downtown station SAN FRANCISCO DOWNTOWN, CA US (USW00023272) recorded 0.120 inches of daily precipitation, categorized as Light downtown daily rain.",2024-03-23 20:35:38 - SNS,11025306748,2024-03-23T20:35:38-07:00,2024-03-23T23:24:33-07:00,NOAA NCEI legacy route weather pipeline,NOAA NCEI,Unknown hourly station,legacy_fixed_local_window,,,,,
2024-03-29,20:35:57 - FNS,https://handicapskater.com/common/maps/20240329-20_35_57-FNS-11066166681.html,True,True,True,Very heavy rain from 9 PM to midnight,Moderate downtown daily rain,0.582,0.15,11,0.55,50.90909090909091,49.0,54.0,Cool,48.27272727272727,90.45454545454545,15.454545454545455,21.0,43.0,128.12481719330853,Very windy,2.5,6.836363636363637,Low visibility,SCT:04 19 BKN:07 30 OVC:08 46 (2); FEW:02 6 SCT:04 26 BKN:07 43 (1); FEW:02 7 FEW:02 20 BKN:07 70 (1); FEW:02 7 FEW:02 70 SCT:04 180 (1); FEW:02 6 SCT:04 14 OVC:08 40 (1),-RA:02 |RA |RA (3); RA:02 BR:1 |RA BR |RA (3); -RA:02 BR:1 |RA BR |RA (2); ||RA (1),2024-03-29T21:00:00-07:00,2024-03-29T23:59:59-07:00,True,13,UNKNOWN,Unknown hourly station,,,USW00023272,"SAN FRANCISCO DOWNTOWN, CA US",37.7705,-122.4269,Hourly LCDv2 weather used for 9 PM to midnight,"Skate route '20:35:57 - FNS' occurred on 2024-03-29. Hourly weather from Unknown hourly station (UNKNOWN) was summarized for 9 PM to midnight local time. Mean temperature was 50.9°F (Cool). Hourly precipitation totaled 0.582 inches with 11 rainy hour(s), categorized as Very heavy rain from 9 PM to midnight. Mean wind was 15.5 mph, max wind 21.0 mph, max gust 43.0 mph (Very windy). Minimum visibility was 2.5 miles (Low visibility). Present weather codes/summary: -RA:02 |RA |RA (3); RA:02 BR:1 |RA BR |RA (3); -RA:02 BR:1 |RA BR |RA (2); ||RA (1). Sky conditions: SCT:04 19 BKN:07 30 OVC:08 46 (2); FEW:02 6 SCT:04 26 BKN:07 43 (1); FEW:02 7 FEW:02 20 BKN:07 70 (1); FEW:02 7 FEW:02 70 SCT:04 180 (1); FEW:02 6 SCT:04 14 OVC:08 40 (1). The local downtown station SAN FRANCISCO DOWNTOWN, CA US (USW00023272) recorded 0.550 inches of daily precipitation, categorized as Moderate downtown daily rain.",2024-03-29 20:35:57 - FNS,11066166681,2024-03-29T20:35:57-07:00,2024-03-29T22:47:46-07:00,NOAA NCEI legacy route weather pipeline,NOAA NCEI,Unknown hourly station,legacy_fixed_local_window,,,,,
2024-03-30,21:06:00 - SNS,https://handicapskater.com/common/maps/20240330-21_06_00-SNS-11073737447.html,True,False,True,No recorded rain from 9 PM to midnight,Light downtown daily rain,0.0,0.0,0,0.04,57.0,52.0,64.0,Mild,45.833333333333336,67.83333333333333,10.0,14.0,,344.3737004247386,Breezy,10.0,10.0,Good visibility,FEW:02 70 (1); FEW:02 70 FEW:02 180 (1); SCT:04 180 (1); BKN:07 60 BKN:07 200 (1); BKN:07 42 BKN:07 200 (1),,2024-03-30T21:00:00-07:00,2024-03-30T23:59:59-07:00,True,6,UNKNOWN,Unknown hourly station,,,USW00023272,"SAN FRANCISCO DOWNTOWN, CA US",37.7705,-122.4269,Hourly LCDv2 weather used for 9 PM to midnight,"Skate route '21:06:00 - SNS' occurred on 2024-03-30. Hourly weather from Unknown hourly station (UNKNOWN) was summarized for 9 PM to midnight local time. Mean temperature was 57.0°F (Mild). No hourly precipitation was recorded in the 9 PM to midnight window. Mean wind was 10.0 mph, max wind 14.0 mph, max gust nan mph (Breezy). Minimum visibility was 10.0 miles (Good visibility). Sky conditions: FEW:02 70 (1); FEW:02 70 FEW:02 180 (1); SCT:04 180 (1); BKN:07 60 BKN:07 200 (1); BKN:07 42 BKN:07 200 (1). The local downtown station SAN FRANCISCO DOWNTOWN, CA US (USW00023272) recorded 0.040 inches of daily precipitation, categorized as Light downtown daily rain.",2024-03-30 21:06:00 - SNS,11073737447,2024-03-30T21:06:00-07:00,2024-03-30T23:19:00-07:00,NOAA NCEI legacy route weather pipeline,NOAA NCEI,Unknown hourly station,legacy_fixed_local_window,,,,,
2024-04-05,20:47:02 - FNS,https://handicapskater.com/common/maps/20240405-20_47_02-FNS-11116045843.html,True,False,False,No recorded rain from 9 PM to midnight,No downtown daily rain,0.0,0.0,0,0.0,53.25,49.0,57.0,Cool,39.0,59.25,20.75,34.0,41.0,288.7494093125747,Very windy,9.94,9.9925,Good visibility,FEW:02 15 FEW:02 60 (1); FEW:02 25 (1); FEW:02 22 (1); BKN:07 40 BKN:07 200 (1); SCT:04 40 BKN:07 200 (1),,2024-04-05T21:00:00-07:00,2024-04-05T23:59:59-07:00,True,8,UNKNOWN,Unknown hourly station,,,,,,,Hourly LCDv2 weather used for 9 PM to midnight,"Skate route '20:47:02 - FNS' occurred on 2024-04-05. Hourly weather from Unknown hourly station (UNKNOWN) was summarized for 9 PM to midnight local time. Mean temperature was 53.2°F (Cool). No hourly precipitation was recorded in the 9 PM to midnight window. Mean wind was 20.8 mph, max wind 34.0 mph, max gust 41.0 mph (Very windy). Minimum visibility was 9.9 miles (Good visibility). Sky conditions: FEW:02 15 FEW:02 60 (1); FEW:02 25 (1); FEW:02 22 (1); BKN:07 40 BKN:07 200 (1); SCT:04 40 BKN:07 200 (1).",2024-04-05 20:47:02 - FNS,11116045843,2024-04-05T20:47:02-07:00,2024-04-05T23:48:23-07:00,NOAA NCEI legacy route weather pipeline,NOAA NCEI,Unknown hourly station,legacy_fixed_local_window,,,,,
2024-04-06,20:39:55 - SNS,https://handicapskater.com/common/maps/20240406-20_39_55-SNS-11123739321.html,False,False,False,No recorded rain from 9 PM to midnight,No downtown daily rain,0.0,0.0,0,0.0,54.142857142857146,51.0,59.0,Cool,39.714285714285715,59.57142857142857,12.285714285714286,17.0,,277.1660942474199,Breezy,9.94,9.991428571428571,Good visibility,FEW:02 16 SCT:04 180 (3); FEW:02 30 BKN:07 200 (2); FEW:02 30 SCT:04 200 (1),,2024-04-06T21:00:00-07:00,2024-04-06T23:59:59-07:00,True,7,UNKNOWN,Unknown hourly station,,,,,,,Hourly LCDv2 weather used for 9 PM to midnight,"Skate route '20:39:55 - SNS' occurred on 2024-04-06. Hourly weather from Unknown hourly station (UNKNOWN) was summarized for 9 PM to midnight local time. Mean temperature was 54.1°F (Cool). No hourly precipitation was recorded in the 9 PM to midnight window. Mean wind was 12.3 mph, max wind 17.0 mph, max gust nan mph (Breezy). Minimum visibility was 9.9 miles (Good visibility). Sky conditions: FEW:02 16 SCT:04 180 (3); FEW:02 30 BKN:07 200 (2); FEW:02 30 SCT:04 200 (1).",2024-04-06 20:39:55 - SNS,11123739321,2024-04-06T20:39:55-07:00,2024-04-06T23:15:05-07:00,NOAA NCEI legacy route weather pipeline,NOAA NCEI,Unknown hourly station,legacy_fixed_local_window,,,,,
2024-04-12,20:49:16 - FNS,https://handicapskater.com/common/maps/20240412-20_49_16-FNS-11168908206.html,True,True,False,Light rain from 9 PM to midnight,No downtown daily rain,0.003,0.001,3,0.0,57.666666666666664,55.0,61.0,Mild,47.111111111111114,68.33333333333333,16.11111111111111,22.0,34.0,185.93370590852837,Very windy,9.94,9.993333333333332,Good visibility,BKN:07 28 BKN:07 36 (2); BKN:07 30 OVC:08 43 (1); BKN:07 34 BKN:07 50 (1); SCT:04 27 BKN:07 35 OVC:08 42 (1); SCT:04 20 BKN:07 40 (1),-RA:02 |RA |RA (2); ||RA (1),2024-04-12T21:00:00-07:00,2024-04-12T23:59:59-07:00,True,9,UNKNOWN,Unknown hourly station,,,,,,,Hourly LCDv2 weather used for 9 PM to midnight,"Skate route '20:49:16 - FNS' occurred on 2024-04-12. Hourly weather from Unknown hourly station (UNKNOWN) was summarized for 9 PM to midnight local time. Mean temperature was 57.7°F (Mild). Hourly precipitation totaled 0.003 inches with 3 rainy hour(s), categorized as Light rain from 9 PM to midnight. Mean wind was 16.1 mph, max wind 22.0 mph, max gust 34.0 mph (Very windy). Minimum visibility was 9.9 miles (Good visibility). Present weather codes/summary: -RA:02 |RA |RA (2); ||RA (1). Sky conditions: BKN:07 28 BKN:07 36 (2); BKN:07 30 OVC:08 43 (1); BKN:07 34 BKN:07 50 (1); SCT:04 27 BKN:07 35 OVC:08 42 (1); SCT:04 20 BKN:07 40 (1).",2024-04-12 20:49:16 - FNS,11168908206,2024-04-12T20:49:16-07:00,2024-04-12T23:42:15-07:00,NOAA NCEI legacy route weather pipeline,NOAA NCEI,Unknown hourly station,legacy_fixed_local_window,,,,,
2024-04-13,20:51:55 - SNS,https://handicapskater.com/common/maps/20240413-20_51_55-SNS-11176791420.html,True,True,False,Moderate rain from 9 PM to midnight,No downtown daily rain,0.061,0.03,5,0.0,51.0,49.0,53.0,Cool,43.375,75.625,14.5,16.0,28.0,123.1242681227917,Windy,9.94,9.9925,Good visibility,SCT:04 13 BKN:07 28 OVC:08 35 (2); BKN:07 65 BKN:07 90 OVC:08 110 (1); BKN:07 55 OVC:08 70 (1); SCT:04 55 OVC:08 75 (1); OVC:08 33 (1),-RA:02 |RA |RA (4),2024-04-13T21:00:00-07:00,2024-04-13T23:59:59-07:00,True,8,UNKNOWN,Unknown hourly station,,,,,,,Hourly LCDv2 weather used for 9 PM to midnight,"Skate route '20:51:55 - SNS' occurred on 2024-04-13. Hourly weather from Unknown hourly station (UNKNOWN) was summarized for 9 PM to midnight local time. Mean temperature was 51.0°F (Cool). Hourly precipitation totaled 0.061 inches with 5 rainy hour(s), categorized as Moderate rain from 9 PM to midnight. Mean wind was 14.5 mph, max wind 16.0 mph, max gust 28.0 mph (Windy). Minimum visibility was 9.9 miles (Good visibility). Present weather codes/summary: -RA:02 |RA |RA (4). Sky conditions: SCT:04 13 BKN:07 28 OVC:08 35 (2); BKN:07 65 BKN:07 90 OVC:08 110 (1); BKN:07 55 OVC:08 70 (1); SCT:04 55 OVC:08 75 (1); OVC:08 33 (1).",2024-04-13 20:51:55 - SNS,11176791420,2024-04-13T20:51:55-07:00,2024-04-13T22:45:10-07:00,NOAA NCEI legacy route weather pipeline,NOAA NCEI,Unknown hourly station,legacy_fixed_local_window,,,,,
2024-04-19,20:48:08 - FNS,https://handicapskater.com/common/maps/20240419-20_48_08-FNS-11221055065.html,True,False,False,No recorded rain from 9 PM to midnight,No downtown daily rain,0.0,0.0,0,0.0,57.0,52.0,63.0,Mild,49.42857142857143,76.28571428571429,13.571428571428571,16.0,32.0,297.13483726166163,Very windy,9.94,9.991428571428571,Good visibility,CLR:00 (3); FEW:02 8 FEW:02 200 (1); FEW:02 7 FEW:02 200 (1); FEW:02 7 SCT:04 200 (1),,2024-04-19T21:00:00-07:00,2024-04-19T23:59:59-07:00,True,7,UNKNOWN,Unknown hourly station,,,,,,,Hourly LCDv2 weather used for 9 PM to midnight,"Skate route '20:48:08 - FNS' occurred on 2024-04-19. Hourly weather from Unknown hourly station (UNKNOWN) was summarized for 9 PM to midnight local time. Mean temperature was 57.0°F (Mild). No hourly precipitation was recorded in the 9 PM to midnight window. Mean wind was 13.6 mph, max wind 16.0 mph, max gust 32.0 mph (Very windy). Minimum visibility was 9.9 miles (Good visibility). Sky conditions: CLR:00 (3); FEW:02 8 FEW:02 200 (1); FEW:02 7 FEW:02 200 (1); FEW:02 7 SCT:04 200 (1).",2024-04-19 20:48:08 - FNS,11221055065,2024-04-19T20:48:08-07:00,2024-04-19T23:47:45-07:00,NOAA NCEI legacy route weather pipeline,NOAA NCEI,Unknown hourly station,legacy_fixed_local_window,,,,,
2024-04-20,20:38:54 - SNS,https://handicapskater.com/common/maps/20240420-20_38_54-SNS-11228425530.html,True,False,False,No recorded rain from 9 PM to midnight,No downtown daily rain,0.0,0.0,0,0.0,60.57142857142857,56.0,66.0,Mild,48.857142857142854,66.85714285714286,16.428571428571427,20.0,,278.5696526667797,Windy,9.94,9.991428571428571,Good visibility,FEW:02 200 (2); CLR:00 (1); FEW:02 10 (1); SCT:04 10 (1); SCT:04 200 (1),,2024-04-20T21:00:00-07:00,2024-04-20T23:59:59-07:00,True,7,UNKNOWN,Unknown hourly station,,,,,,,Hourly LCDv2 weather used for 9 PM to midnight,"Skate route '20:38:54 - SNS' occurred on 2024-04-20. Hourly weather from Unknown hourly station (UNKNOWN) was summarized for 9 PM to midnight local time. Mean temperature was 60.6°F (Mild). No hourly precipitation was recorded in the 9 PM to midnight window. Mean wind was 16.4 mph, max wind 20.0 mph, max gust nan mph (Windy). Minimum visibility was 9.9 miles (Good visibility). Sky conditions: FEW:02 200 (2); CLR:00 (1); FEW:02 10 (1); SCT:04 10 (1); SCT:04 200 (1).",2024-04-20 20:38:54 - SNS,11228425530,2024-04-20T20:38:54-07:00,2024-04-20T22:51:09-07:00,NOAA NCEI legacy route weather pipeline,NOAA NCEI,Unknown hourly station,legacy_fixed_local_window,,,,,
2024-04-26,20:46:38 - FNS,https://handicapskater.com/common/maps/20240426-20_46_38-FNS-11272714291.html,True,False,False,No recorded rain from 9 PM to midnight,No downtown daily rain,0.0,0.0,0,0.0,57.857142857142854,53.0,65.0,Mild,48.714285714285715,72.42857142857143,23.428571428571427,30.0,44.0,284.28393283033796,Very windy,9.94,9.991428571428571,Good visibility,FEW:02 9 (2); FEW:02 24 FEW:02 40 (2); FEW:02 10 (1); FEW:02 24 SCT:04 40 (1),,2024-04-26T21:00:00-07:00,2024-04-26T23:59:59-07:00,True,7,UNKNOWN,Unknown hourly station,,,,,,,Hourly LCDv2 weather used for 9 PM to midnight,"Skate route '20:46:38 - FNS' occurred on 2024-04-26. Hourly weather from Unknown hourly station (UNKNOWN) was summarized for 9 PM to midnight local time. Mean temperature was 57.9°F (Mild). No hourly precipitation was recorded in the 9 PM to midnight window. Mean wind was 23.4 mph, max wind 30.0 mph, max gust 44.0 mph (Very windy). Minimum visibility was 9.9 miles (Good visibility). Sky conditions: FEW:02 9 (2); FEW:02 24 FEW:02 40 (2); FEW:02 10 (1); FEW:02 24 SCT:04 40 (1).",2024-04-26 20:46:38 - FNS,11272714291,2024-04-26T20:46:38-07:00,2024-04-26T23:55:05-07:00,NOAA NCEI legacy route weather pipeline,NOAA NCEI,Unknown hourly station,legacy_fixed_local_window,,,,,
2024-04-27,20:50:10 - SNS,https://handicapskater.com/common/maps/20240427-20_50_10-SNS-11280088839.html,True,False,False,No recorded rain from 9 PM to midnight,No downtown daily rain,0.0,0.0,0,0.0,58.0,54.0,64.0,Mild,46.857142857142854,67.42857142857143,17.857142857142858,20.0,29.0,274.29028646844273,Windy,9.94,9.991428571428571,Good visibility,FEW:02 15 BKN:07 200 (3); FEW:02 100 (2); FEW:02 13 (1),,2024-04-27T21:00:00-07:00,2024-04-27T23:59:59-07:00,True,7,UNKNOWN,Unknown hourly station,,,,,,,Hourly LCDv2 weather used for 9 PM to midnight,"Skate route '20:50:10 - SNS' occurred on 2024-04-27. Hourly weather from Unknown hourly station (UNKNOWN) was summarized for 9 PM to midnight local time. Mean temperature was 58.0°F (Mild). No hourly precipitation was recorded in the 9 PM to midnight window. Mean wind was 17.9 mph, max wind 20.0 mph, max gust 29.0 mph (Windy). Minimum visibility was 9.9 miles (Good visibility). Sky conditions: FEW:02 15 BKN:07 200 (3); FEW:02 100 (2); FEW:02 13 (1).",2024-04-27 20:50:10 - SNS,11280088839,2024-04-27T20:50:10-07:00,2024-04-27T22:41:41-07:00,NOAA NCEI legacy route weather pipeline,NOAA NCEI,Unknown hourly station,legacy_fixed_local_window,,,,,
2024-05-03,20:50:07 - FNS,https://handicapskater.com/common/maps/20240503-20_50_07-FNS-11326916985.html,False,False,False,No recorded rain from 9 PM to midnight,No downtown daily rain,0.0,0.0,0,0.0,58.857142857142854,54.0,65.0,Mild,49.42857142857143,73.14285714285714,11.857142857142858,16.0,,252.79592523166787,Breezy,9.0,9.848571428571429,Good visibility,FEW:02 10 FEW:02 200 (2); FEW:02 2 OVC:08 7 (1); FEW:02 2 BKN:07 7 BKN:07 11 (1); FEW:02 2 BKN:07 7 OVC:08 11 (1); FEW:02 200 (1),,2024-05-03T21:00:00-07:00,2024-05-03T23:59:59-07:00,True,7,UNKNOWN,Unknown hourly station,,,USW00023272,"SAN FRANCISCO DOWNTOWN, CA US",37.7705,-122.4269,Hourly LCDv2 weather used for 9 PM to midnight,"Skate route '20:50:07 - FNS' occurred on 2024-05-03. Hourly weather from Unknown hourly station (UNKNOWN) was summarized for 9 PM to midnight local time. Mean temperature was 58.9°F (Mild). No hourly precipitation was recorded in the 9 PM to midnight window. Mean wind was 11.9 mph, max wind 16.0 mph, max gust nan mph (Breezy). Minimum visibility was 9.0 miles (Good visibility). Sky conditions: FEW:02 10 FEW:02 200 (2); FEW:02 2 OVC:08 7 (1); FEW:02 2 BKN:07 7 BKN:07 11 (1); FEW:02 2 BKN:07 7 OVC:08 11 (1); FEW:02 200 (1).",2024-05-03 20:50:07 - FNS,11326916985,2024-05-03T20:50:07-07:00,2024-05-03T23:18:36-07:00,NOAA NCEI legacy route weather pipeline,NOAA NCEI,Unknown hourly station,legacy_fixed_local_window,,,,,
2024-05-04,20:41:21 - SNS,https://handicapskater.com/common/maps/20240504-20_41_21-SNS-11334722552.html,True,True,True,Trace rain from 9 PM to midnight,Heavy downtown daily rain,0.001,0.001,1,0.94,52.8,51.0,56.0,Cool,43.9,71.9,13.9,23.0,36.0,251.2035889434839,Very windy,8.0,9.794,Good visibility,FEW:02 8 SCT:04 18 BKN:07 27 (2); BKN:07 23 (2); SCT:04 28 BKN:07 48 OVC:08 60 (1); FEW:02 27 SCT:04 34 BKN:07 47 (1); FEW:02 17 SCT:04 50 (1),,2024-05-04T21:00:00-07:00,2024-05-04T23:59:59-07:00,True,10,UNKNOWN,Unknown hourly station,,,USW00023272,"SAN FRANCISCO DOWNTOWN, CA US",37.7705,-122.4269,Hourly LCDv2 weather used for 9 PM to midnight,"Skate route '20:41:21 - SNS' occurred on 2024-05-04. Hourly weather from Unknown hourly station (UNKNOWN) was summarized for 9 PM to midnight local time. Mean temperature was 52.8°F (Cool). Hourly precipitation totaled 0.001 inches with 1 rainy hour(s), categorized as Trace rain from 9 PM to midnight. Mean wind was 13.9 mph, max wind 23.0 mph, max gust 36.0 mph (Very windy). Minimum visibility was 8.0 miles (Good visibility). Sky conditions: FEW:02 8 SCT:04 18 BKN:07 27 (2); BKN:07 23 (2); SCT:04 28 BKN:07 48 OVC:08 60 (1); FEW:02 27 SCT:04 34 BKN:07 47 (1); FEW:02 17 SCT:04 50 (1). The local downtown station SAN FRANCISCO DOWNTOWN, CA US (USW00023272) recorded 0.940 inches of daily precipitation, categorized as Heavy downtown daily rain.",2024-05-04 20:41:21 - SNS,11334722552,2024-05-04T20:41:21-07:00,2024-05-04T22:42:51-07:00,NOAA NCEI legacy route weather pipeline,NOAA NCEI,Unknown hourly station,legacy_fixed_local_window,,,,,
2024-05-10,20:48:47 - FNS,https://handicapskater.com/common/maps/20240510-20_48_47-FNS-11381997407.html,False,False,False,No recorded rain from 9 PM to midnight,No downtown daily rain,0.0,0.0,0,0.0,65.625,58.0,77.0,Mild,50.75,60.75,10.75,14.0,,296.23865635326246,Breezy,9.94,9.9925,Good visibility,FEW:02 7 (3); CLR:00 (2); FEW:02 40 FEW:02 250 (2),,2024-05-10T21:00:00-07:00,2024-05-10T23:59:59-07:00,True,8,UNKNOWN,Unknown hourly station,,,USW00023272,"SAN FRANCISCO DOWNTOWN, CA US",37.7705,-122.4269,Hourly LCDv2 weather used for 9 PM to midnight,"Skate route '20:48:47 - FNS' occurred on 2024-05-10. Hourly weather from Unknown hourly station (UNKNOWN) was summarized for 9 PM to midnight local time. Mean temperature was 65.6°F (Mild). No hourly precipitation was recorded in the 9 PM to midnight window. Mean wind was 10.8 mph, max wind 14.0 mph, max gust nan mph (Breezy). Minimum visibility was 9.9 miles (Good visibility). Sky conditions: FEW:02 7 (3); CLR:00 (2); FEW:02 40 FEW:02 250 (2).",2024-05-10 20:48:47 - FNS,11381997407,2024-05-10T20:48:47-07:00,2024-05-10T23:50:58-07:00,NOAA NCEI legacy route weather pipeline,NOAA NCEI,Unknown hourly station,legacy_fixed_local_window,,,,,
2024-05-11,20:31:58 - SNS,https://handicapskater.com/common/maps/20240511-20_31_58-SNS-11390017946.html,False,False,False,No recorded rain from 9 PM to midnight,No downtown daily rain,0.0,0.0,0,0.0,60.57142857142857,56.0,67.0,Mild,52.285714285714285,75.42857142857143,11.714285714285714,16.0,,295.7034716474004,Breezy,9.94,9.991428571428571,Good visibility,FEW:02 5 (3); FEW:02 6 (3),,2024-05-11T21:00:00-07:00,2024-05-11T23:59:59-07:00,True,7,UNKNOWN,Unknown hourly station,,,USW00023272,"SAN FRANCISCO DOWNTOWN, CA US",37.7705,-122.4269,Hourly LCDv2 weather used for 9 PM to midnight,"Skate route '20:31:58 - SNS' occurred on 2024-05-11. Hourly weather from Unknown hourly station (UNKNOWN) was summarized for 9 PM to midnight local time. Mean temperature was 60.6°F (Mild). No hourly precipitation was recorded in the 9 PM to midnight window. Mean wind was 11.7 mph, max wind 16.0 mph, max gust nan mph (Breezy). Minimum visibility was 9.9 miles (Good visibility). Sky conditions: FEW:02 5 (3); FEW:02 6 (3).",2024-05-11 20:31:58 - SNS,11390017946,2024-05-11T20:31:58-07:00,2024-05-11T22:48:58-07:00,NOAA NCEI legacy route weather pipeline,NOAA NCEI,Unknown hourly station,legacy_fixed_local_window,,,,,
2024-05-17,20:49:53 - FNS,https://handicapskater.com/common/maps/20240517-20_49_53-FNS-11436119515.html,False,False,False,No recorded rain from 9 PM to midnight,No downtown daily rain,0.0,0.0,0,0.0,60.285714285714285,57.0,66.0,Mild,50.857142857142854,72.14285714285714,8.0,15.0,,310.6709282991699,Breezy,9.94,9.991428571428571,Good visibility,FEW:02 25 (2); FEW:02 5 (1); FEW:02 6 FEW:02 14 (1); FEW:02 6 FEW:02 16 (1); FEW:02 12 (1),,2024-05-17T21:00:00-07:00,2024-05-17T23:59:59-07:00,True,7,UNKNOWN,Unknown hourly station,,,USW00023272,"SAN FRANCISCO DOWNTOWN, CA US",37.7705,-122.4269,Hourly LCDv2 weather used for 9 PM to midnight,"Skate route '20:49:53 - FNS' occurred on 2024-05-17. Hourly weather from Unknown hourly station (UNKNOWN) was summarized for 9 PM to midnight local time. Mean temperature was 60.3°F (Mild). No hourly precipitation was recorded in the 9 PM to midnight window. Mean wind was 8.0 mph, max wind 15.0 mph, max gust nan mph (Breezy). Minimum visibility was 9.9 miles (Good visibility). Sky conditions: FEW:02 25 (2); FEW:02 5 (1); FEW:02 6 FEW:02 14 (1); FEW:02 6 FEW:02 16 (1); FEW:02 12 (1).",2024-05-17 20:49:53 - FNS,11436119515,2024-05-17T20:49:53-07:00,2024-05-17T23:48:08-07:00,NOAA NCEI legacy route weather pipeline,NOAA NCEI,Unknown hourly station,legacy_fixed_local_window,,,,,
2024-05-18,21:17:06 - SNS,https://handicapskater.com/common/maps/20240518-21_17_06-SNS-11443923765.html,True,False,False,No recorded rain from 9 PM to midnight,No downtown daily rain,0.0,0.0,0,0.0,59.57142857142857,55.0,66.0,Mild,49.142857142857146,68.85714285714286,12.428571428571429,21.0,36.0,271.51313608277405,Very windy,8.0,9.705714285714285,Good visibility,FEW:02 12 FEW:02 30 (2); FEW:02 9 FEW:02 20 (1); FEW:02 8 FEW:02 18 (1); FEW:02 9 FEW:02 18 (1); FEW:02 12 FEW:02 20 (1),,2024-05-18T21:00:00-07:00,2024-05-18T23:59:59-07:00,True,7,UNKNOWN,Unknown hourly station,,,USW00023272,"SAN FRANCISCO DOWNTOWN, CA US",37.7705,-122.4269,Hourly LCDv2 weather used for 9 PM to midnight,"Skate route '21:17:06 - SNS' occurred on 2024-05-18. Hourly weather from Unknown hourly station (UNKNOWN) was summarized for 9 PM to midnight local time. Mean temperature was 59.6°F (Mild). No hourly precipitation was recorded in the 9 PM to midnight window. Mean wind was 12.4 mph, max wind 21.0 mph, max gust 36.0 mph (Very windy). Minimum visibility was 8.0 miles (Good visibility). Sky conditions: FEW:02 12 FEW:02 30 (2); FEW:02 9 FEW:02 20 (1); FEW:02 8 FEW:02 18 (1); FEW:02 9 FEW:02 18 (1); FEW:02 12 FEW:02 20 (1).",2024-05-18 21:17:06 - SNS,11443923765,2024-05-18T21:17:06-07:00,2024-05-18T22:34:48-07:00,NOAA NCEI legacy route weather pipeline,NOAA NCEI,Unknown hourly station,legacy_fixed_local_window,,,,,
2024-05-24,20:47:57 - FNS,https://handicapskater.com/common/maps/20240524-20_47_57-FNS-11490786689.html,True,True,True,Light rain from 9 PM to midnight,Light downtown daily rain,0.02,0.01,2,0.02,54.75,53.0,57.0,Cool,49.0,80.875,16.875,21.0,36.0,261.43662144691746,Very windy,9.0,9.8675,Good visibility,OVC:08 18 (2); FEW:02 4 BKN:07 9 OVC:08 13 (1); FEW:02 4 BKN:07 8 OVC:08 11 (1); FEW:02 3 BKN:07 7 OVC:08 10 (1); FEW:02 4 BKN:07 8 OVC:08 14 (1),,2024-05-24T21:00:00-07:00,2024-05-24T23:59:59-07:00,True,10,UNKNOWN,Unknown hourly station,,,USW00023272,"SAN FRANCISCO DOWNTOWN, CA US",37.7705,-122.4269,Hourly LCDv2 weather used for 9 PM to midnight,"Skate route '20:47:57 - FNS' occurred on 2024-05-24. Hourly weather from Unknown hourly station (UNKNOWN) was summarized for 9 PM to midnight local time. Mean temperature was 54.8°F (Cool). Hourly precipitation totaled 0.020 inches with 2 rainy hour(s), categorized as Light rain from 9 PM to midnight. Mean wind was 16.9 mph, max wind 21.0 mph, max gust 36.0 mph (Very windy). Minimum visibility was 9.0 miles (Good visibility). Sky conditions: OVC:08 18 (2); FEW:02 4 BKN:07 9 OVC:08 13 (1); FEW:02 4 BKN:07 8 OVC:08 11 (1); FEW:02 3 BKN:07 7 OVC:08 10 (1); FEW:02 4 BKN:07 8 OVC:08 14 (1). The local downtown station SAN FRANCISCO DOWNTOWN, CA US (USW00023272) recorded 0.020 inches of daily precipitation, categorized as Light downtown daily rain.",2024-05-24 20:47:57 - FNS,11490786689,2024-05-24T20:47:57-07:00,2024-05-24T23:49:47-07:00,NOAA NCEI legacy route weather pipeline,NOAA NCEI,Unknown hourly station,legacy_fixed_local_window,,,,,
2024-05-25,20:30:10 - SNS,https://handicapskater.com/common/maps/20240525-20_30_10-SNS-11498555635.html,False,False,,No precipitation at activity weather observation,Daily precipitation unavailable,,,,,54.68,54.68,54.68,Activity-time point observation,46.94,75,12.3031496063,12.3031496063,22.1456692913,260,Activity-time point observation,14.0529308836,14.0529308836,Activity-time point observation,Cloud cover fraction 0.13,Strava weather condition code 1.0,2024-05-25T20:30:10-07:00,2024-05-25T22:41:52-07:00,True,1,,Unavailable in Strava export,,,,,,,Strava activity-time point weather observation,Activity-time Strava weather observation for 2024-05-25 20:30:10 - SNS: Strava weather condition code 1.0; temperature 54.68 F; wind 12.3031496063 mph; precipitation intensity 0 inches/hour. The upstream provider and station were not supplied by the export.,2024-05-25 20:30:10 - SNS,11498555635,2024-05-25T20:30:10-07:00,2024-05-25T22:41:52-07:00,Strava export activity weather fields,Unavailable in Strava export,Unavailable in Strava export,activity_time_point_observation,,2024-05-25T19:59:12-07:00,1.0,1.0,0
2024-05-31,20:48:26 - FNS,https://handicapskater.com/common/maps/20240531-20_48_26-FNS-11544701793.html,True,False,False,No recorded rain from 9 PM to midnight,No downtown daily rain,0.0,0.0,0,0.0,61.42857142857143,56.0,68.0,Mild,49.285714285714285,65.42857142857143,14.285714285714286,28.0,36.0,298.76846370888586,Very windy,9.94,9.991428571428571,Good visibility,CLR:00 (3); FEW:02 9 FEW:02 18 (1); FEW:02 13 (1); FEW:02 12 (1),,2024-05-31T21:00:00-07:00,2024-05-31T23:59:59-07:00,True,10,UNKNOWN,Unknown hourly station,,,USW00023272,"SAN FRANCISCO DOWNTOWN, CA US",37.7705,-122.4269,Hourly LCDv2 weather used for 9 PM to midnight,"Skate route '20:48:26 - FNS' occurred on 2024-05-31. Hourly weather from Unknown hourly station (UNKNOWN) was summarized for 9 PM to midnight local time. Mean temperature was 61.4°F (Mild). No hourly precipitation was recorded in the 9 PM to midnight window. Mean wind was 14.3 mph, max wind 28.0 mph, max gust 36.0 mph (Very windy). Minimum visibility was 9.9 miles (Good visibility). Sky conditions: CLR:00 (3); FEW:02 9 FEW:02 18 (1); FEW:02 13 (1); FEW:02 12 (1).",2024-05-31 20:48:26 - FNS,11544701793,2024-05-31T20:48:26-07:00,2024-05-31T23:49:27-07:00,NOAA NCEI legacy route weather pipeline,NOAA NCEI,Unknown hourly station,legacy_fixed_local_window,,,,,
2024-06-01,20:35:22 - SNS,https://handicapskater.com/common/maps/20240601-20_35_22-SNS-11552482948.html,True,False,False,No recorded rain from 9 PM to midnight,No downtown daily rain,0.0,0.0,0,0.0,58.5,56.0,63.0,Mild,51.375,78.25,23.75,33.0,45.0,267.4856206933007,Very windy,6.0,9.4925,Reduced visibility,FEW:02 12 (2); FEW:02 3 OVC:08 5 (1); FEW:02 2 BKN:07 4 OVC:08 7 (1); FEW:02 3 BKN:07 5 OVC:08 8 (1); FEW:02 3 BKN:07 5 BKN:07 8 (1),BR:1 |BR | (1),2024-06-01T21:00:00-07:00,2024-06-01T23:59:59-07:00,True,8,UNKNOWN,Unknown hourly station,,,USW00023272,"SAN FRANCISCO DOWNTOWN, CA US",37.7705,-122.4269,Hourly LCDv2 weather used for 9 PM to midnight,"Skate route '20:35:22 - SNS' occurred on 2024-06-01. Hourly weather from Unknown hourly station (UNKNOWN) was summarized for 9 PM to midnight local time. Mean temperature was 58.5°F (Mild). No hourly precipitation was recorded in the 9 PM to midnight window. Mean wind was 23.8 mph, max wind 33.0 mph, max gust 45.0 mph (Very windy). Minimum visibility was 6.0 miles (Reduced visibility). Present weather codes/summary: BR:1 |BR | (1). Sky conditions: FEW:02 12 (2); FEW:02 3 OVC:08 5 (1); FEW:02 2 BKN:07 4 OVC:08 7 (1); FEW:02 3 BKN:07 5 OVC:08 8 (1); FEW:02 3 BKN:07 5 BKN:07 8 (1).",2024-06-01 20:35:22 - SNS,11552482948,2024-06-01T20:35:22-07:00,2024-06-01T23:06:09-07:00,NOAA NCEI legacy route weather pipeline,NOAA NCEI,Unknown hourly station,legacy_fixed_local_window,,,,,
2024-06-07,20:47:49 - Night Inline Skate,https://handicapskater.com/common/maps/20240607-20_47_49-Night Inline Skate-11600424822.html,False,False,,No precipitation at activity weather observation,Daily precipitation unavailable,,,,,56.84,56.84,56.84,Activity-time point observation,52.52,85,13.1979241231,13.1979241231,22.3693629205,234,Activity-time point observation,11.0063479281,11.0063479281,Activity-time point observation,Cloud cover fraction 0.18,Strava weather condition code 1.0,2024-06-07T20:47:49-07:00,2024-06-07T23:35:02-07:00,True,1,,Unavailable in Strava export,,,,,,,Strava activity-time point weather observation,Activity-time Strava weather observation for 2024-06-07 20:47:49 - Night Inline Skate: Strava weather condition code 1.0; temperature 56.84 F; wind 13.1979241231 mph; precipitation intensity 0 inches/hour. The upstream provider and station were not supplied by the export.,2024-06-07 20:47:49 - Night Inline Skate,11600424822,2024-06-07T20:47:49-07:00,2024-06-07T23:35:02-07:00,Strava export activity weather fields,Unavailable in Strava export,Unavailable in Strava export,activity_time_point_observation,,2024-06-07T19:59:12-07:00,1.0,1.0,0
2024-06-08,20:25:21 - Night Inline Skate,https://handicapskater.com/common/maps/20240608-20_25_21-Night Inline Skate-11608388980.html,False,False,,No precipitation at activity weather observation,Daily precipitation unavailable,,,,,59.18,59.18,59.18,Activity-time point observation,50.36,72,12.5268432355,12.5268432355,24.8299928418,243,Activity-time point observation,15.5436003738,15.5436003738,Activity-time point observation,Cloud cover fraction 0.19,Strava weather condition code 1.0,2024-06-08T20:25:21-07:00,2024-06-08T22:36:58-07:00,True,1,,Unavailable in Strava export,,,,,,,Strava activity-time point weather observation,Activity-time Strava weather observation for 2024-06-08 20:25:21 - Night Inline Skate: Strava weather condition code 1.0; temperature 59.18 F; wind 12.5268432355 mph; precipitation intensity 0 inches/hour. The upstream provider and station were not supplied by the export.,2024-06-08 20:25:21 - Night Inline Skate,11608388980,2024-06-08T20:25:21-07:00,2024-06-08T22:36:58-07:00,Strava export activity weather fields,Unavailable in Strava export,Unavailable in Strava export,activity_time_point_observation,,2024-06-08T19:59:12-07:00,1.0,1.0,0
2024-06-14,20:49:39 - FNS,https://handicapskater.com/common/maps/20240614-20_49_39-FNS-11655045208.html,False,False,,No precipitation at activity weather observation,Daily precipitation unavailable,,,,,60.98,60.98,60.98,Activity-time point observation,48.92,65,12.3031496063,12.3031496063,24.1589119542,278,Activity-time point observation,19.319673109,19.319673109,Activity-time point observation,Cloud cover fraction 0.12,Strava weather condition code 1.0,2024-06-14T20:49:39-07:00,2024-06-14T23:49:16-07:00,True,1,,Unavailable in Strava export,,,,,,,Strava activity-time point weather observation,Activity-time Strava weather observation for 2024-06-14 20:49:39 - FNS: Strava weather condition code 1.0; temperature 60.98 F; wind 12.3031496063 mph; precipitation intensity 0 inches/hour. The upstream provider and station were not supplied by the export.,2024-06-14 20:49:39 - FNS,11655045208,2024-06-14T20:49:39-07:00,2024-06-14T23:49:16-07:00,Strava export activity weather fields,Unavailable in Strava export,Unavailable in Strava export,activity_time_point_observation,,2024-06-14T19:59:12-07:00,1.0,1.0,0
2024-06-15,20:37:02 - SNS,https://handicapskater.com/common/maps/20240615-20_37_02-SNS-11662583360.html,False,False,,No precipitation at activity weather observation,Daily precipitation unavailable,,,,,60.62,60.62,60.62,Activity-time point observation,48.56,65,12.3031496063,12.3031496063,23.4878310666,282,Activity-time point observation,17.3611111111,17.3611111111,Activity-time point observation,Cloud cover fraction 0.06,Strava weather condition code 1.0,2024-06-15T20:37:02-07:00,2024-06-15T22:48:05-07:00,True,1,,Unavailable in Strava export,,,,,,,Strava activity-time point weather observation,Activity-time Strava weather observation for 2024-06-15 20:37:02 - SNS: Strava weather condition code 1.0; temperature 60.62 F; wind 12.3031496063 mph; precipitation intensity 0 inches/hour. The upstream provider and station were not supplied by the export.,2024-06-15 20:37:02 - SNS,11662583360,2024-06-15T20:37:02-07:00,2024-06-15T22:48:05-07:00,Strava export activity weather fields,Unavailable in Strava export,Unavailable in Strava export,activity_time_point_observation,,2024-06-15T19:59:12-07:00,1.0,1.0,0
2024-06-21,20:49:11 - Night Inline Skate,https://handicapskater.com/common/maps/20240621-20_49_11-Night Inline Skate-11709057770.html,False,False,,No precipitation at activity weather observation,Daily precipitation unavailable,,,,,56.66,56.66,56.66,Activity-time point observation,51.62,83,10.7372942019,10.7372942019,18.3428775948,228,Activity-time point observation,10.1880020679,10.1880020679,Activity-time point observation,Cloud cover fraction 0.23,Strava weather condition code 1.0,2024-06-21T20:49:11-07:00,2024-06-21T23:06:08-07:00,True,1,,Unavailable in Strava export,,,,,,,Strava activity-time point weather observation,Activity-time Strava weather observation for 2024-06-21 20:49:11 - Night Inline Skate: Strava weather condition code 1.0; temperature 56.66 F; wind 10.7372942019 mph; precipitation intensity 0 inches/hour. The upstream provider and station were not supplied by the export.,2024-06-21 20:49:11 - Night Inline Skate,11709057770,2024-06-21T20:49:11-07:00,2024-06-21T23:06:08-07:00,Strava export activity weather fields,Unavailable in Strava export,Unavailable in Strava export,activity_time_point_observation,,2024-06-21T19:59:12-07:00,1.0,1.0,0
2024-06-22,20:33:28 - Night Inline Skate,https://handicapskater.com/common/maps/20240622-20_33_28-Night Inline Skate-11716739229.html,False,False,,No precipitation at activity weather observation,Daily precipitation unavailable,,,,,61.16,61.16,61.16,Activity-time point observation,52.34,73,7.82927702219,7.82927702219,15.8822476736,224,Activity-time point observation,13.28491609,13.28491609,Activity-time point observation,Cloud cover fraction 0.05,Strava weather condition code 1.0,2024-06-22T20:33:28-07:00,2024-06-22T22:55:43-07:00,True,1,,Unavailable in Strava export,,,,,,,Strava activity-time point weather observation,Activity-time Strava weather observation for 2024-06-22 20:33:28 - Night Inline Skate: Strava weather condition code 1.0; temperature 61.16 F; wind 7.82927702219 mph; precipitation intensity 0 inches/hour. The upstream provider and station were not supplied by the export.,2024-06-22 20:33:28 - Night Inline Skate,11716739229,2024-06-22T20:33:28-07:00,2024-06-22T22:55:43-07:00,Strava export activity weather fields,Unavailable in Strava export,Unavailable in Strava export,activity_time_point_observation,,2024-06-22T19:59:12-07:00,1.0,1.0,0
2024-06-28,20:49:09 - Night Inline Skate,https://handicapskater.com/common/maps/20240628-20_49_09-Night Inline Skate-11764348926.html,False,False,,No precipitation at activity weather observation,Daily precipitation unavailable,,,,,60.8,60.8,60.8,Activity-time point observation,53.24,76,7.60558339298,7.60558339298,17.0007158196,234,Activity-time point observation,15.1838264535,15.1838264535,Activity-time point observation,Cloud cover fraction 0.15,Strava weather condition code 1.0,2024-06-28T20:49:09-07:00,2024-06-28T23:47:04-07:00,True,1,,Unavailable in Strava export,,,,,,,Strava activity-time point weather observation,Activity-time Strava weather observation for 2024-06-28 20:49:09 - Night Inline Skate: Strava weather condition code 1.0; temperature 60.8 F; wind 7.60558339298 mph; precipitation intensity 0 inches/hour. The upstream provider and station were not supplied by the export.,2024-06-28 20:49:09 - Night Inline Skate,11764348926,2024-06-28T20:49:09-07:00,2024-06-28T23:47:04-07:00,Strava export activity weather fields,Unavailable in Strava export,Unavailable in Strava export,activity_time_point_observation,,2024-06-28T19:59:12-07:00,1.0,1.0,0
2024-06-29,20:40:31 - Night Inline Skate,https://handicapskater.com/common/maps/20240629-20_40_31-Night Inline Skate-11771902432.html,False,False,,No precipitation at activity weather observation,Daily precipitation unavailable,,,,,65.3,65.3,65.3,Activity-time point observation,53.96,67,6.71080887616,6.71080887616,15.211166786,243,Activity-time point observation,16.6316213314,16.6316213314,Activity-time point observation,Cloud cover fraction 0.23,Strava weather condition code 1.0,2024-06-29T20:40:31-07:00,2024-06-29T23:12:07-07:00,True,1,,Unavailable in Strava export,,,,,,,Strava activity-time point weather observation,Activity-time Strava weather observation for 2024-06-29 20:40:31 - Night Inline Skate: Strava weather condition code 1.0; temperature 65.3 F; wind 6.71080887616 mph; precipitation intensity 0 inches/hour. The upstream provider and station were not supplied by the export.,2024-06-29 20:40:31 - Night Inline Skate,11771902432,2024-06-29T20:40:31-07:00,2024-06-29T23:12:07-07:00,Strava export activity weather fields,Unavailable in Strava export,Unavailable in Strava export,activity_time_point_observation,,2024-06-29T19:59:12-07:00,1.0,1.0,0
2024-07-05,20:47:54 - Night Inline Skate,https://handicapskater.com/common/maps/20240705-20_47_54-Night Inline Skate-11819041367.html,False,False,,No precipitation at activity weather observation,Daily precipitation unavailable,,,,,64.94,64.94,64.94,Activity-time point observation,57.92,78,10.2899069435,10.2899069435,19.2376521117,234,Activity-time point observation,12.0813200907,12.0813200907,Activity-time point observation,Cloud cover fraction 0.09,Strava weather condition code 1.0,2024-07-05T20:47:54-07:00,2024-07-05T23:44:24-07:00,True,1,,Unavailable in Strava export,,,,,,,Strava activity-time point weather observation,Activity-time Strava weather observation for 2024-07-05 20:47:54 - Night Inline Skate: Strava weather condition code 1.0; temperature 64.94 F; wind 10.2899069435 mph; precipitation intensity 0 inches/hour. The upstream provider and station were not supplied by the export.,2024-07-05 20:47:54 - Night Inline Skate,11819041367,2024-07-05T20:47:54-07:00,2024-07-05T23:44:24-07:00,Strava export activity weather fields,Unavailable in Strava export,Unavailable in Strava export,activity_time_point_observation,,2024-07-05T19:59:12-07:00,1.0,1.0,0
2024-07-06,20:34:48 - Night Inline Skate,https://handicapskater.com/common/maps/20240706-20_34_48-Night Inline Skate-11826599402.html,False,False,,No precipitation at activity weather observation,Daily precipitation unavailable,,,,,64.04,64.04,64.04,Activity-time point observation,56.3,76,8.2766642806,8.2766642806,17.8954903364,225,Activity-time point observation,14.6233496381,14.6233496381,Activity-time point observation,Cloud cover fraction 0.13,Strava weather condition code 1.0,2024-07-06T20:34:48-07:00,2024-07-06T22:38:10-07:00,True,1,,Unavailable in Strava export,,,,,,,Strava activity-time point weather observation,Activity-time Strava weather observation for 2024-07-06 20:34:48 - Night Inline Skate: Strava weather condition code 1.0; temperature 64.04 F; wind 8.2766642806 mph; precipitation intensity 0 inches/hour. The upstream provider and station were not supplied by the export.,2024-07-06 20:34:48 - Night Inline Skate,11826599402,2024-07-06T20:34:48-07:00,2024-07-06T22:38:10-07:00,Strava export activity weather fields,Unavailable in Strava export,Unavailable in Strava export,activity_time_point_observation,,2024-07-06T19:59:12-07:00,1.0,1.0,0
2024-07-12,20:47:44 - Night Inline Skate,https://handicapskater.com/common/maps/20240712-20_47_44-Night Inline Skate-11874784001.html,False,False,,No precipitation at activity weather observation,Daily precipitation unavailable,,,,,60.44,60.44,60.44,Activity-time point observation,55.94,85,7.60558339298,7.60558339298,17.2244094488,240,Activity-time point observation,10.4440069991,10.4440069991,Activity-time point observation,Cloud cover fraction 0.3,Strava weather condition code 1.0,2024-07-12T20:47:44-07:00,2024-07-12T23:41:45-07:00,True,1,,Unavailable in Strava export,,,,,,,Strava activity-time point weather observation,Activity-time Strava weather observation for 2024-07-12 20:47:44 - Night Inline Skate: Strava weather condition code 1.0; temperature 60.44 F; wind 7.60558339298 mph; precipitation intensity 0 inches/hour. The upstream provider and station were not supplied by the export.,2024-07-12 20:47:44 - Night Inline Skate,11874784001,2024-07-12T20:47:44-07:00,2024-07-12T23:41:45-07:00,Strava export activity weather fields,Unavailable in Strava export,Unavailable in Strava export,activity_time_point_observation,,2024-07-12T19:59:12-07:00,1.0,1.0,0
2024-07-13,20:23:32 - Night Inline Skate,https://handicapskater.com/common/maps/20240713-20_23_32-Night Inline Skate-11882686308.html,False,False,,No precipitation at activity weather observation,Daily precipitation unavailable,,,,,59.72,59.72,59.72,Activity-time point observation,55.22,85,10.7372942019,10.7372942019,19.4613457409,243,Activity-time point observation,9.04157221825,9.04157221825,Activity-time point observation,Cloud cover fraction 1.0,Strava weather condition code 3.0,2024-07-13T20:23:32-07:00,2024-07-13T22:38:21-07:00,True,1,,Unavailable in Strava export,,,,,,,Strava activity-time point weather observation,Activity-time Strava weather observation for 2024-07-13 20:23:32 - Night Inline Skate: Strava weather condition code 3.0; temperature 59.72 F; wind 10.7372942019 mph; precipitation intensity 0 inches/hour. The upstream provider and station were not supplied by the export.,2024-07-13 20:23:32 - Night Inline Skate,11882686308,2024-07-13T20:23:32-07:00,2024-07-13T22:38:21-07:00,Strava export activity weather fields,Unavailable in Strava export,Unavailable in Strava export,activity_time_point_observation,,2024-07-13T19:59:12-07:00,3.0,1.0,0
2024-07-19,20:49:24 - Night Inline Skate,https://handicapskater.com/common/maps/20240719-20_49_24-Night Inline Skate-11932396089.html,False,False,,No precipitation at activity weather observation,Daily precipitation unavailable,,,,,67.64,67.64,67.64,Activity-time point observation,57.38,70,8.94774516822,8.94774516822,17.6717967072,257,Activity-time point observation,21.6019694981,21.6019694981,Activity-time point observation,Cloud cover fraction 0.16,Strava weather condition code 1.0,2024-07-19T20:49:24-07:00,2024-07-19T23:49:10-07:00,True,1,,Unavailable in Strava export,,,,,,,Strava activity-time point weather observation,Activity-time Strava weather observation for 2024-07-19 20:49:24 - Night Inline Skate: Strava weather condition code 1.0; temperature 67.64 F; wind 8.94774516822 mph; precipitation intensity 0 inches/hour. The upstream provider and station were not supplied by the export.,2024-07-19 20:49:24 - Night Inline Skate,11932396089,2024-07-19T20:49:24-07:00,2024-07-19T23:49:10-07:00,Strava export activity weather fields,Unavailable in Strava export,Unavailable in Strava export,activity_time_point_observation,,2024-07-19T19:59:12-07:00,1.0,1.0,0
2024-07-20,21:00:02 - Night Inline Skate,https://handicapskater.com/common/maps/20240720-21_00_02-Night Inline Skate-11940624371.html,False,False,,No precipitation at activity weather observation,Daily precipitation unavailable,,,,,61.16,61.16,61.16,Activity-time point observation,55.22,81,8.50035790981,8.50035790981,19.0139584825,237,Activity-time point observation,16.087300167,16.087300167,Activity-time point observation,Cloud cover fraction 0.31,Strava weather condition code 1.0,2024-07-20T21:00:02-07:00,2024-07-20T23:20:15-07:00,True,1,,Unavailable in Strava export,,,,,,,Strava activity-time point weather observation,Activity-time Strava weather observation for 2024-07-20 21:00:02 - Night Inline Skate: Strava weather condition code 1.0; temperature 61.16 F; wind 8.50035790981 mph; precipitation intensity 0 inches/hour. The upstream provider and station were not supplied by the export.,2024-07-20 21:00:02 - Night Inline Skate,11940624371,2024-07-20T21:00:02-07:00,2024-07-20T23:20:15-07:00,Strava export activity weather fields,Unavailable in Strava export,Unavailable in Strava export,activity_time_point_observation,,2024-07-20T21:01:04-07:00,1.0,1.0,0
2024-07-26,20:49:29 - Night Inline Skate,https://handicapskater.com/common/maps/20240726-20_49_29-Night Inline Skate-11990802175.html,False,False,,No precipitation at activity weather observation,Daily precipitation unavailable,,,,,56.3,56.3,56.3,Activity-time point observation,53.06,89,13.8690050107,13.8690050107,24.8299928418,255,Activity-time point observation,9.05462101328,9.05462101328,Activity-time point observation,Cloud cover fraction 0.2,Strava weather condition code 1.0,2024-07-26T20:49:29-07:00,2024-07-26T23:47:57-07:00,True,1,,Unavailable in Strava export,,,,,,,Strava activity-time point weather observation,Activity-time Strava weather observation for 2024-07-26 20:49:29 - Night Inline Skate: Strava weather condition code 1.0; temperature 56.3 F; wind 13.8690050107 mph; precipitation intensity 0 inches/hour. The upstream provider and station were not supplied by the export.,2024-07-26 20:49:29 - Night Inline Skate,11990802175,2024-07-26T20:49:29-07:00,2024-07-26T23:47:57-07:00,Strava export activity weather fields,Unavailable in Strava export,Unavailable in Strava export,activity_time_point_observation,,2024-07-26T19:59:12-07:00,1.0,1.0,0
2024-07-27,20:46:20 - Night Inline Skate,https://handicapskater.com/common/maps/20240727-20_46_20-Night Inline Skate-11998941974.html,False,False,,No precipitation at activity weather observation,Daily precipitation unavailable,,,,,58.1,58.1,58.1,Activity-time point observation,53.96,86,10.9609878311,10.9609878311,19.9087329993,254,Activity-time point observation,10.5241638829,10.5241638829,Activity-time point observation,Cloud cover fraction 0.35,Strava weather condition code 1.0,2024-07-27T20:46:20-07:00,2024-07-27T23:07:02-07:00,True,1,,Unavailable in Strava export,,,,,,,Strava activity-time point weather observation,Activity-time Strava weather observation for 2024-07-27 20:46:20 - Night Inline Skate: Strava weather condition code 1.0; temperature 58.1 F; wind 10.9609878311 mph; precipitation intensity 0 inches/hour. The upstream provider and station were not supplied by the export.,2024-07-27 20:46:20 - Night Inline Skate,11998941974,2024-07-27T20:46:20-07:00,2024-07-27T23:07:02-07:00,Strava export activity weather fields,Unavailable in Strava export,Unavailable in Strava export,activity_time_point_observation,,2024-07-27T19:59:12-07:00,1.0,1.0,0
2024-08-02,20:47:37 - Night Inline Skate,https://handicapskater.com/common/maps/20240802-20_47_37-Night Inline Skate-12048717965.html,False,False,,No precipitation at activity weather observation,Daily precipitation unavailable,,,,,61.7,61.7,61.7,Activity-time point observation,56.84,84,8.2766642806,8.2766642806,15.8822476736,246,Activity-time point observation,13.1898462976,13.1898462976,Activity-time point observation,Cloud cover fraction 1.0,Strava weather condition code 3.0,2024-08-02T20:47:37-07:00,2024-08-02T23:43:48-07:00,True,1,,Unavailable in Strava export,,,,,,,Strava activity-time point weather observation,Activity-time Strava weather observation for 2024-08-02 20:47:37 - Night Inline Skate: Strava weather condition code 3.0; temperature 61.7 F; wind 8.2766642806 mph; precipitation intensity 0 inches/hour. The upstream provider and station were not supplied by the export.,2024-08-02 20:47:37 - Night Inline Skate,12048717965,2024-08-02T20:47:37-07:00,2024-08-02T23:43:48-07:00,Strava export activity weather fields,Unavailable in Strava export,Unavailable in Strava export,activity_time_point_observation,,2024-08-02T19:59:12-07:00,3.0,1.0,0
2024-08-03,20:31:37 - Night Inline Skate,https://handicapskater.com/common/maps/20240803-20_31_37-Night Inline Skate-12056921014.html,False,False,,No precipitation at activity weather observation,Daily precipitation unavailable,,,,,60.98,60.98,60.98,Activity-time point observation,56.66,86,7.82927702219,7.82927702219,17.8954903364,225,Activity-time point observation,13.5322218245,13.5322218245,Activity-time point observation,Cloud cover fraction 0.2,Strava weather condition code 1.0,2024-08-03T20:31:37-07:00,2024-08-03T22:37:48-07:00,True,1,,Unavailable in Strava export,,,,,,,Strava activity-time point weather observation,Activity-time Strava weather observation for 2024-08-03 20:31:37 - Night Inline Skate: Strava weather condition code 1.0; temperature 60.98 F; wind 7.82927702219 mph; precipitation intensity 0 inches/hour. The upstream provider and station were not supplied by the export.,2024-08-03 20:31:37 - Night Inline Skate,12056921014,2024-08-03T20:31:37-07:00,2024-08-03T22:37:48-07:00,Strava export activity weather fields,Unavailable in Strava export,Unavailable in Strava export,activity_time_point_observation,,2024-08-03T19:59:12-07:00,1.0,1.0,0
2024-08-09,20:47:19 - Night Inline Skate,https://handicapskater.com/common/maps/20240809-20_47_19-Night Inline Skate-12108061145.html,False,False,,No precipitation at activity weather observation,Daily precipitation unavailable,,,,,58.46,58.46,58.46,Activity-time point observation,54.32,86,11.6320687187,11.6320687187,22.1456692913,243,Activity-time point observation,12.8592768234,12.8592768234,Activity-time point observation,Cloud cover fraction 0.57,Strava weather condition code 2.0,2024-08-09T20:47:19-07:00,2024-08-09T23:46:03-07:00,True,1,,Unavailable in Strava export,,,,,,,Strava activity-time point weather observation,Activity-time Strava weather observation for 2024-08-09 20:47:19 - Night Inline Skate: Strava weather condition code 2.0; temperature 58.46 F; wind 11.6320687187 mph; precipitation intensity 0 inches/hour. The upstream provider and station were not supplied by the export.,2024-08-09 20:47:19 - Night Inline Skate,12108061145,2024-08-09T20:47:19-07:00,2024-08-09T23:46:03-07:00,Strava export activity weather fields,Unavailable in Strava export,Unavailable in Strava export,activity_time_point_observation,,2024-08-09T19:59:12-07:00,2.0,1.0,0
2024-08-10,20:27:18 - Evening Inline Skate,https://handicapskater.com/common/maps/20240810-20_27_18-Evening Inline Skate-12116480788.html,False,False,,No precipitation at activity weather observation,Daily precipitation unavailable,,,,,60.62,60.62,60.62,Activity-time point observation,54.32,80,8.0529706514,8.0529706514,19.2376521117,236,Activity-time point observation,16.5141821761,16.5141821761,Activity-time point observation,Cloud cover fraction 0.72,Strava weather condition code 3.0,2024-08-10T20:27:18-07:00,2024-08-10T22:55:07-07:00,True,1,,Unavailable in Strava export,,,,,,,Strava activity-time point weather observation,Activity-time Strava weather observation for 2024-08-10 20:27:18 - Evening Inline Skate: Strava weather condition code 3.0; temperature 60.62 F; wind 8.0529706514 mph; precipitation intensity 0 inches/hour. The upstream provider and station were not supplied by the export.,2024-08-10 20:27:18 - Evening Inline Skate,12116480788,2024-08-10T20:27:18-07:00,2024-08-10T22:55:07-07:00,Strava export activity weather fields,Unavailable in Strava export,Unavailable in Strava export,activity_time_point_observation,,2024-08-10T19:59:12-07:00,3.0,1.0,0
2024-08-16,20:48:59 - Night Inline Skate,https://handicapskater.com/common/maps/20240816-20_48_59-Night Inline Skate-12167526749.html,False,False,,No precipitation at activity weather observation,Daily precipitation unavailable,,,,,63.32,63.32,63.32,Activity-time point observation,55.58,76,10.9609878311,10.9609878311,21.6982820329,263,Activity-time point observation,16.5210172592,16.5210172592,Activity-time point observation,Cloud cover fraction 0.07,Strava weather condition code 1.0,2024-08-16T20:48:59-07:00,2024-08-16T23:51:58-07:00,True,1,,Unavailable in Strava export,,,,,,,Strava activity-time point weather observation,Activity-time Strava weather observation for 2024-08-16 20:48:59 - Night Inline Skate: Strava weather condition code 1.0; temperature 63.32 F; wind 10.9609878311 mph; precipitation intensity 0 inches/hour. The upstream provider and station were not supplied by the export.,2024-08-16 20:48:59 - Night Inline Skate,12167526749,2024-08-16T20:48:59-07:00,2024-08-16T23:51:58-07:00,Strava export activity weather fields,Unavailable in Strava export,Unavailable in Strava export,activity_time_point_observation,,2024-08-16T19:59:12-07:00,1.0,1.0,0
2024-08-17,20:29:48 - Night Inline Skate,https://handicapskater.com/common/maps/20240817-20_29_48-Night Inline Skate-12175804104.html,False,False,,No precipitation at activity weather observation,Daily precipitation unavailable,,,,,61.88,61.88,61.88,Activity-time point observation,57.74,86,7.38188976378,7.38188976378,13.6453113815,258,Activity-time point observation,6.92021096795,6.92021096795,Activity-time point observation,Cloud cover fraction 0.12,Strava weather condition code 1.0,2024-08-17T20:29:48-07:00,2024-08-17T22:40:09-07:00,True,1,,Unavailable in Strava export,,,,,,,Strava activity-time point weather observation,Activity-time Strava weather observation for 2024-08-17 20:29:48 - Night Inline Skate: Strava weather condition code 1.0; temperature 61.88 F; wind 7.38188976378 mph; precipitation intensity 0 inches/hour. The upstream provider and station were not supplied by the export.,2024-08-17 20:29:48 - Night Inline Skate,12175804104,2024-08-17T20:29:48-07:00,2024-08-17T22:40:09-07:00,Strava export activity weather fields,Unavailable in Strava export,Unavailable in Strava export,activity_time_point_observation,,2024-08-17T19:59:12-07:00,1.0,5.0,0
2024-08-23,20:47:13 - Night Inline Skate,https://handicapskater.com/common/maps/20240823-20_47_13-Night Inline Skate-12226908797.html,False,False,,No precipitation at activity weather observation,Daily precipitation unavailable,,,,,60.44,60.44,60.44,Activity-time point observation,55.58,84,7.82927702219,7.82927702219,13.8690050107,248,Activity-time point observation,12.153399149,12.153399149,Activity-time point observation,Cloud cover fraction 0.51,Strava weather condition code 2.0,2024-08-23T20:47:13-07:00,2024-08-23T23:48:00-07:00,True,1,,Unavailable in Strava export,,,,,,,Strava activity-time point weather observation,Activity-time Strava weather observation for 2024-08-23 20:47:13 - Night Inline Skate: Strava weather condition code 2.0; temperature 60.44 F; wind 7.82927702219 mph; precipitation intensity 0 inches/hour. The upstream provider and station were not supplied by the export.,2024-08-23 20:47:13 - Night Inline Skate,12226908797,2024-08-23T20:47:13-07:00,2024-08-23T23:48:00-07:00,Strava export activity weather fields,Unavailable in Strava export,Unavailable in Strava export,activity_time_point_observation,,2024-08-23T19:59:12-07:00,2.0,5.0,0
2024-08-24,21:28:14 - Night Inline Skate,https://handicapskater.com/common/maps/20240824-21_28_14-Night Inline Skate-12235293985.html,False,False,,No precipitation at activity weather observation,Daily precipitation unavailable,,,,,61.52,61.52,61.52,Activity-time point observation,57.2,86,6.93450250537,6.93450250537,12.0794559771,263,Activity-time point observation,12.951861131,12.951861131,Activity-time point observation,Cloud cover fraction 0.06,Strava weather condition code 1.0,2024-08-24T21:28:14-07:00,2024-08-24T23:46:27-07:00,True,1,,Unavailable in Strava export,,,,,,,Strava activity-time point weather observation,Activity-time Strava weather observation for 2024-08-24 21:28:14 - Night Inline Skate: Strava weather condition code 1.0; temperature 61.52 F; wind 6.93450250537 mph; precipitation intensity 0 inches/hour. The upstream provider and station were not supplied by the export.,2024-08-24 21:28:14 - Night Inline Skate,12235293985,2024-08-24T21:28:14-07:00,2024-08-24T23:46:27-07:00,Strava export activity weather fields,Unavailable in Strava export,Unavailable in Strava export,activity_time_point_observation,,2024-08-24T20:58:56-07:00,1.0,5.0,0
2024-08-30,20:48:49 - Night Inline Skate,https://handicapskater.com/common/maps/20240830-20_48_49-Night Inline Skate-12286441390.html,False,False,,No precipitation at activity weather observation,Daily precipitation unavailable,,,,,61.52,61.52,61.52,Activity-time point observation,56.66,84,8.72405153901,8.72405153901,16.7770221904,254,Activity-time point observation,11.5189791617,11.5189791617,Activity-time point observation,Cloud cover fraction 0.04,Strava weather condition code 1.0,2024-08-30T20:48:49-07:00,2024-08-30T23:49:27-07:00,True,1,,Unavailable in Strava export,,,,,,,Strava activity-time point weather observation,Activity-time Strava weather observation for 2024-08-30 20:48:49 - Night Inline Skate: Strava weather condition code 1.0; temperature 61.52 F; wind 8.72405153901 mph; precipitation intensity 0 inches/hour. The upstream provider and station were not supplied by the export.,2024-08-30 20:48:49 - Night Inline Skate,12286441390,2024-08-30T20:48:49-07:00,2024-08-30T23:49:27-07:00,Strava export activity weather fields,Unavailable in Strava export,Unavailable in Strava export,activity_time_point_observation,,2024-08-30T19:59:12-07:00,1.0,1.0,0
2024-08-31,20:32:25 - Night Inline Skate,https://handicapskater.com/common/maps/20240831-20_32_25-Night Inline Skate-12294624444.html,False,False,,No precipitation at activity weather observation,Daily precipitation unavailable,,,,,61.7,61.7,61.7,Activity-time point observation,56.84,84,10.0662133142,10.0662133142,19.6850393701,258,Activity-time point observation,11.6712151038,11.6712151038,Activity-time point observation,Cloud cover fraction 0.05,Strava weather condition code 1.0,2024-08-31T20:32:25-07:00,2024-08-31T23:15:23-07:00,True,1,,Unavailable in Strava export,,,,,,,Strava activity-time point weather observation,Activity-time Strava weather observation for 2024-08-31 20:32:25 - Night Inline Skate: Strava weather condition code 1.0; temperature 61.7 F; wind 10.0662133142 mph; precipitation intensity 0 inches/hour. The upstream provider and station were not supplied by the export.,2024-08-31 20:32:25 - Night Inline Skate,12294624444,2024-08-31T20:32:25-07:00,2024-08-31T23:15:23-07:00,Strava export activity weather fields,Unavailable in Strava export,Unavailable in Strava export,activity_time_point_observation,,2024-08-31T19:59:12-07:00,1.0,1.0,0
2024-09-06,20:49:16 - Night Inline Skate,https://handicapskater.com/common/maps/20240906-20_49_16-Night Inline Skate-12346044056.html,False,False,,No precipitation at activity weather observation,Daily precipitation unavailable,,,,,63.14,63.14,63.14,Activity-time point observation,57.2,81,8.0529706514,8.0529706514,14.9874731568,254,Activity-time point observation,14.1107184045,14.1107184045,Activity-time point observation,Cloud cover fraction 0.31,Strava weather condition code 1.0,2024-09-06T20:49:16-07:00,2024-09-06T23:47:42-07:00,True,1,,Unavailable in Strava export,,,,,,,Strava activity-time point weather observation,Activity-time Strava weather observation for 2024-09-06 20:49:16 - Night Inline Skate: Strava weather condition code 1.0; temperature 63.14 F; wind 8.0529706514 mph; precipitation intensity 0 inches/hour. The upstream provider and station were not supplied by the export.,2024-09-06 20:49:16 - Night Inline Skate,12346044056,2024-09-06T20:49:16-07:00,2024-09-06T23:47:42-07:00,Strava export activity weather fields,Unavailable in Strava export,Unavailable in Strava export,activity_time_point_observation,,2024-09-06T19:59:12-07:00,1.0,1.0,0
2024-09-07,20:32:52 - Night Inline Skate,https://handicapskater.com/common/maps/20240907-20_32_52-Night Inline Skate-12354693096.html,False,False,,No precipitation at activity weather observation,Daily precipitation unavailable,,,,,61.16,61.16,61.16,Activity-time point observation,57.2,87,7.60558339298,7.60558339298,15.6585540444,249,Activity-time point observation,12.2608963652,12.2608963652,Activity-time point observation,Cloud cover fraction 0.34,Strava weather condition code 1.0,2024-09-07T20:32:52-07:00,2024-09-07T22:36:02-07:00,True,1,,Unavailable in Strava export,,,,,,,Strava activity-time point weather observation,Activity-time Strava weather observation for 2024-09-07 20:32:52 - Night Inline Skate: Strava weather condition code 1.0; temperature 61.16 F; wind 7.60558339298 mph; precipitation intensity 0 inches/hour. The upstream provider and station were not supplied by the export.,2024-09-07 20:32:52 - Night Inline Skate,12354693096,2024-09-07T20:32:52-07:00,2024-09-07T22:36:02-07:00,Strava export activity weather fields,Unavailable in Strava export,Unavailable in Strava export,activity_time_point_observation,,2024-09-07T19:59:12-07:00,1.0,1.0,0
2024-09-13,20:47:39 - Night Inline Skate,https://handicapskater.com/common/maps/20240913-20_47_39-Night Inline Skate-12404501485.html,False,False,,No precipitation at activity weather observation,Daily precipitation unavailable,,,,,59.72,59.72,59.72,Activity-time point observation,55.4,86,8.0529706514,8.0529706514,16.7770221904,230,Activity-time point observation,7.80939314404,7.80939314404,Activity-time point observation,Cloud cover fraction 0.31,Strava weather condition code 1.0,2024-09-13T20:47:39-07:00,2024-09-13T23:46:50-07:00,True,1,,Unavailable in Strava export,,,,,,,Strava activity-time point weather observation,Activity-time Strava weather observation for 2024-09-13 20:47:39 - Night Inline Skate: Strava weather condition code 1.0; temperature 59.72 F; wind 8.0529706514 mph; precipitation intensity 0 inches/hour. The upstream provider and station were not supplied by the export.,2024-09-13 20:47:39 - Night Inline Skate,12404501485,2024-09-13T20:47:39-07:00,2024-09-13T23:46:50-07:00,Strava export activity weather fields,Unavailable in Strava export,Unavailable in Strava export,activity_time_point_observation,,2024-09-13T19:59:12-07:00,1.0,1.0,0
2024-09-14,20:34:46 - Night Inline Skate,https://handicapskater.com/common/maps/20240914-20_34_46-Night Inline Skate-12412756646.html,False,False,,No precipitation at activity weather observation,Daily precipitation unavailable,,,,,59,59,59,Activity-time point observation,55.4,88,8.72405153901,8.72405153901,18.7902648533,221,Activity-time point observation,14.3841217291,14.3841217291,Activity-time point observation,Cloud cover fraction 0.34,Strava weather condition code 1.0,2024-09-14T20:34:46-07:00,2024-09-14T22:47:21-07:00,True,1,,Unavailable in Strava export,,,,,,,Strava activity-time point weather observation,Activity-time Strava weather observation for 2024-09-14 20:34:46 - Night Inline Skate: Strava weather condition code 1.0; temperature 59 F; wind 8.72405153901 mph; precipitation intensity 0 inches/hour. The upstream provider and station were not supplied by the export.,2024-09-14 20:34:46 - Night Inline Skate,12412756646,2024-09-14T20:34:46-07:00,2024-09-14T22:47:21-07:00,Strava export activity weather fields,Unavailable in Strava export,Unavailable in Strava export,activity_time_point_observation,,2024-09-14T19:59:12-07:00,1.0,1.0,0
2024-09-20,20:47:36 - Night Inline Skate,https://handicapskater.com/common/maps/20240920-20_47_36-Night Inline Skate-12463653858.html,False,False,,No precipitation at activity weather observation,Daily precipitation unavailable,,,,,57.92,57.92,57.92,Activity-time point observation,54.32,88,8.94774516822,8.94774516822,16.1059413028,236,Activity-time point observation,6.79407261592,6.79407261592,Activity-time point observation,Cloud cover fraction 0.43,Strava weather condition code 2.0,2024-09-20T20:47:36-07:00,2024-09-20T23:45:31-07:00,True,1,,Unavailable in Strava export,,,,,,,Strava activity-time point weather observation,Activity-time Strava weather observation for 2024-09-20 20:47:36 - Night Inline Skate: Strava weather condition code 2.0; temperature 57.92 F; wind 8.94774516822 mph; precipitation intensity 0 inches/hour. The upstream provider and station were not supplied by the export.,2024-09-20 20:47:36 - Night Inline Skate,12463653858,2024-09-20T20:47:36-07:00,2024-09-20T23:45:31-07:00,Strava export activity weather fields,Unavailable in Strava export,Unavailable in Strava export,activity_time_point_observation,,2024-09-20T19:59:12-07:00,2.0,1.0,0
2024-09-21,21:04:14 - Night Inline Skate,https://handicapskater.com/common/maps/20240921-21_04_14-Night Inline Skate-12472258032.html,False,False,,No precipitation at activity weather observation,Daily precipitation unavailable,,,,,57.38,57.38,57.38,Activity-time point observation,54.68,91,7.38188976378,7.38188976378,13.1979241231,252,Activity-time point observation,7.61490396087,7.61490396087,Activity-time point observation,Cloud cover fraction 0.38,Strava weather condition code 2.0,2024-09-21T21:04:14-07:00,2024-09-21T23:15:47-07:00,True,1,,Unavailable in Strava export,,,,,,,Strava activity-time point weather observation,Activity-time Strava weather observation for 2024-09-21 21:04:14 - Night Inline Skate: Strava weather condition code 2.0; temperature 57.38 F; wind 7.38188976378 mph; precipitation intensity 0 inches/hour. The upstream provider and station were not supplied by the export.,2024-09-21 21:04:14 - Night Inline Skate,12472258032,2024-09-21T21:04:14-07:00,2024-09-21T23:15:47-07:00,Strava export activity weather fields,Unavailable in Strava export,Unavailable in Strava export,activity_time_point_observation,,2024-09-21T20:58:56-07:00,2.0,1.0,0
2024-09-27,20:47:29 - Night Inline Skate,https://handicapskater.com/common/maps/20240927-20_47_29-Night Inline Skate-12520595067.html,False,False,,No precipitation at activity weather observation,Daily precipitation unavailable,,,,,65.12,65.12,65.12,Activity-time point observation,56.84,75,6.03972798855,6.03972798855,10.5136005727,245,Activity-time point observation,13.1078253002,13.1078253002,Activity-time point observation,Cloud cover fraction 0.06,Strava weather condition code 1.0,2024-09-27T20:47:29-07:00,2024-09-27T23:47:10-07:00,True,1,,Unavailable in Strava export,,,,,,,Strava activity-time point weather observation,Activity-time Strava weather observation for 2024-09-27 20:47:29 - Night Inline Skate: Strava weather condition code 1.0; temperature 65.12 F; wind 6.03972798855 mph; precipitation intensity 0 inches/hour. The upstream provider and station were not supplied by the export.,2024-09-27 20:47:29 - Night Inline Skate,12520595067,2024-09-27T20:47:29-07:00,2024-09-27T23:47:10-07:00,Strava export activity weather fields,Unavailable in Strava export,Unavailable in Strava export,activity_time_point_observation,,2024-09-27T19:59:12-07:00,1.0,1.0,0
2024-10-04,21:04:37 - Night Inline Skate,https://handicapskater.com/common/maps/20241004-21_04_37-Night Inline Skate-12577276636.html,False,False,,No precipitation at activity weather observation,Daily precipitation unavailable,,,,,64.94,64.94,64.94,Activity-time point observation,54.68,69,4.0264853257,4.0264853257,6.26342161775,254,Activity-time point observation,23.4455778255,23.4455778255,Activity-time point observation,Cloud cover fraction 0.17,Strava weather condition code 1.0,2024-10-04T21:04:37-07:00,2024-10-04T23:58:42-07:00,True,1,,Unavailable in Strava export,,,,,,,Strava activity-time point weather observation,Activity-time Strava weather observation for 2024-10-04 21:04:37 - Night Inline Skate: Strava weather condition code 1.0; temperature 64.94 F; wind 4.0264853257 mph; precipitation intensity 0 inches/hour. The upstream provider and station were not supplied by the export.,2024-10-04 21:04:37 - Night Inline Skate,12577276636,2024-10-04T21:04:37-07:00,2024-10-04T23:58:42-07:00,Strava export activity weather fields,Unavailable in Strava export,Unavailable in Strava export,activity_time_point_observation,,2024-10-04T21:01:04-07:00,1.0,1.0,0
2024-10-05,20:36:25 - Night Inline Skate,https://handicapskater.com/common/maps/20241005-20_36_25-Night Inline Skate-12586368646.html,False,False,,No precipitation at activity weather observation,Daily precipitation unavailable,,,,,75.02,75.02,75.02,Activity-time point observation,53.96,48,3.80279169649,3.80279169649,6.48711524696,299,Activity-time point observation,25.771370198,25.771370198,Activity-time point observation,Cloud cover fraction 0.11,Strava weather condition code 1.0,2024-10-05T20:36:25-07:00,2024-10-05T22:43:04-07:00,True,1,,Unavailable in Strava export,,,,,,,Strava activity-time point weather observation,Activity-time Strava weather observation for 2024-10-05 20:36:25 - Night Inline Skate: Strava weather condition code 1.0; temperature 75.02 F; wind 3.80279169649 mph; precipitation intensity 0 inches/hour. The upstream provider and station were not supplied by the export.,2024-10-05 20:36:25 - Night Inline Skate,12586368646,2024-10-05T20:36:25-07:00,2024-10-05T22:43:04-07:00,Strava export activity weather fields,Unavailable in Strava export,Unavailable in Strava export,activity_time_point_observation,,2024-10-05T19:59:12-07:00,1.0,1.0,0
2024-10-11,20:48:39 - Night Inline Skate,https://handicapskater.com/common/maps/20241011-20_48_39-Night Inline Skate-12634002988.html,False,False,,No precipitation at activity weather observation,Daily precipitation unavailable,,,,,59,59,59,Activity-time point observation,53.42,82,7.38188976378,7.38188976378,14.5400858984,249,Activity-time point observation,12.7697993717,12.7697993717,Activity-time point observation,Cloud cover fraction 0.11,Strava weather condition code 1.0,2024-10-11T20:48:39-07:00,2024-10-11T23:48:34-07:00,True,1,,Unavailable in Strava export,,,,,,,Strava activity-time point weather observation,Activity-time Strava weather observation for 2024-10-11 20:48:39 - Night Inline Skate: Strava weather condition code 1.0; temperature 59 F; wind 7.38188976378 mph; precipitation intensity 0 inches/hour. The upstream provider and station were not supplied by the export.,2024-10-11 20:48:39 - Night Inline Skate,12634002988,2024-10-11T20:48:39-07:00,2024-10-11T23:48:34-07:00,Strava export activity weather fields,Unavailable in Strava export,Unavailable in Strava export,activity_time_point_observation,,2024-10-11T19:59:12-07:00,1.0,1.0,0
2024-10-18,20:50:07 - Night Inline Skate,https://handicapskater.com/common/maps/20241018-20_50_07-Night Inline Skate-12689711277.html,False,False,,No precipitation at activity weather observation,Daily precipitation unavailable,,,,,63.86,63.86,63.86,Activity-time point observation,42.08,45,6.48711524696,6.48711524696,10.9609878311,312,Activity-time point observation,29.6810377396,29.6810377396,Activity-time point observation,Cloud cover fraction 0.15,Strava weather condition code 1.0,2024-10-18T20:50:07-07:00,2024-10-18T23:45:12-07:00,True,1,,Unavailable in Strava export,,,,,,,Strava activity-time point weather observation,Activity-time Strava weather observation for 2024-10-18 20:50:07 - Night Inline Skate: Strava weather condition code 1.0; temperature 63.86 F; wind 6.48711524696 mph; precipitation intensity 0 inches/hour. The upstream provider and station were not supplied by the export.,2024-10-18 20:50:07 - Night Inline Skate,12689711277,2024-10-18T20:50:07-07:00,2024-10-18T23:45:12-07:00,Strava export activity weather fields,Unavailable in Strava export,Unavailable in Strava export,activity_time_point_observation,,2024-10-18T19:59:12-07:00,1.0,1.0,0
2024-10-19,20:29:06 - Night Inline Skate,https://handicapskater.com/common/maps/20241019-20_29_06-Night Inline Skate-12697592967.html,False,False,,No precipitation at activity weather observation,Daily precipitation unavailable,,,,,63.68,63.68,63.68,Activity-time point observation,46.22,53,5.14495347173,5.14495347173,7.82927702219,269,Activity-time point observation,20.5860275988,20.5860275988,Activity-time point observation,Cloud cover fraction 0.1,Strava weather condition code 1.0,2024-10-19T20:29:06-07:00,2024-10-19T22:29:03-07:00,True,1,,Unavailable in Strava export,,,,,,,Strava activity-time point weather observation,Activity-time Strava weather observation for 2024-10-19 20:29:06 - Night Inline Skate: Strava weather condition code 1.0; temperature 63.68 F; wind 5.14495347173 mph; precipitation intensity 0 inches/hour. The upstream provider and station were not supplied by the export.,2024-10-19 20:29:06 - Night Inline Skate,12697592967,2024-10-19T20:29:06-07:00,2024-10-19T22:29:03-07:00,Strava export activity weather fields,Unavailable in Strava export,Unavailable in Strava export,activity_time_point_observation,,2024-10-19T19:59:12-07:00,1.0,1.0,0
2024-10-25,20:46:57 - Night Inline Skate,https://handicapskater.com/common/maps/20241025-20_46_57-Night Inline Skate-12745967820.html,False,False,,No precipitation at activity weather observation,Daily precipitation unavailable,,,,,57.92,57.92,57.92,Activity-time point observation,50.36,76,6.26342161775,6.26342161775,12.9742304939,254,Activity-time point observation,14.9675892786,14.9675892786,Activity-time point observation,Cloud cover fraction 0.12,Strava weather condition code 1.0,2024-10-25T20:46:57-07:00,2024-10-25T23:56:25-07:00,True,1,,Unavailable in Strava export,,,,,,,Strava activity-time point weather observation,Activity-time Strava weather observation for 2024-10-25 20:46:57 - Night Inline Skate: Strava weather condition code 1.0; temperature 57.92 F; wind 6.26342161775 mph; precipitation intensity 0 inches/hour. The upstream provider and station were not supplied by the export.,2024-10-25 20:46:57 - Night Inline Skate,12745967820,2024-10-25T20:46:57-07:00,2024-10-25T23:56:25-07:00,Strava export activity weather fields,Unavailable in Strava export,Unavailable in Strava export,activity_time_point_observation,,2024-10-25T19:59:12-07:00,1.0,1.0,0
2024-10-26,20:30:44 - Night Inline Skate,https://handicapskater.com/common/maps/20241026-20_30_44-Night Inline Skate-12753843131.html,False,False,,No precipitation at activity weather observation,Daily precipitation unavailable,,,,,62.42,62.42,62.42,Activity-time point observation,57.74,85,6.03972798855,6.03972798855,10.9609878311,258,Activity-time point observation,14.196467629,14.196467629,Activity-time point observation,Cloud cover fraction 1.0,Strava weather condition code 3.0,2024-10-26T20:30:44-07:00,2024-10-26T22:24:30-07:00,True,1,,Unavailable in Strava export,,,,,,,Strava activity-time point weather observation,Activity-time Strava weather observation for 2024-10-26 20:30:44 - Night Inline Skate: Strava weather condition code 3.0; temperature 62.42 F; wind 6.03972798855 mph; precipitation intensity 0 inches/hour. The upstream provider and station were not supplied by the export.,2024-10-26 20:30:44 - Night Inline Skate,12753843131,2024-10-26T20:30:44-07:00,2024-10-26T22:24:30-07:00,Strava export activity weather fields,Unavailable in Strava export,Unavailable in Strava export,activity_time_point_observation,,2024-10-26T19:59:12-07:00,3.0,1.0,0
2024-11-01,21:03:15 - Night Inline Skate,https://handicapskater.com/common/maps/20241101-21_03_15-Night Inline Skate-12801572442.html,False,True,,Precipitation observed at activity weather observation,Daily precipitation unavailable,,,,,57.2,57.2,57.2,Activity-time point observation,53.42,87,12.5268432355,12.5268432355,25.2773801002,191,Activity-time point observation,4.04761194623,4.04761194623,Activity-time point observation,Cloud cover fraction 0.98,Strava weather condition code 5.0,2024-11-01T21:03:15-07:00,2024-11-01T23:13:02-07:00,True,1,,Unavailable in Strava export,,,,,,,Strava activity-time point weather observation,Activity-time Strava weather observation for 2024-11-01 21:03:15 - Night Inline Skate: Strava weather condition code 5.0; temperature 57.2 F; wind 12.5268432355 mph; precipitation intensity 0.0826771653543 inches/hour. The upstream provider and station were not supplied by the export.,2024-11-01 21:03:15 - Night Inline Skate,12801572442,2024-11-01T21:03:15-07:00,2024-11-01T23:13:02-07:00,Strava export activity weather fields,Unavailable in Strava export,Unavailable in Strava export,activity_time_point_observation,,2024-11-01T21:01:04-07:00,5.0,5.0,0.0826771653543
2024-11-02,20:35:53 - Night Inline Skate,https://handicapskater.com/common/maps/20241102-20_35_53-Night Inline Skate-12809716367.html,False,False,,No precipitation at activity weather observation,Daily precipitation unavailable,,,,,56.12,56.12,56.12,Activity-time point observation,48.74,76,11.4083750895,11.4083750895,19.0139584825,300,Activity-time point observation,16.8329455977,16.8329455977,Activity-time point observation,Cloud cover fraction 0.17,Strava weather condition code 1.0,2024-11-02T20:35:53-07:00,2024-11-02T22:40:09-07:00,True,1,,Unavailable in Strava export,,,,,,,Strava activity-time point weather observation,Activity-time Strava weather observation for 2024-11-02 20:35:53 - Night Inline Skate: Strava weather condition code 1.0; temperature 56.12 F; wind 11.4083750895 mph; precipitation intensity 0 inches/hour. The upstream provider and station were not supplied by the export.,2024-11-02 20:35:53 - Night Inline Skate,12809716367,2024-11-02T20:35:53-07:00,2024-11-02T22:40:09-07:00,Strava export activity weather fields,Unavailable in Strava export,Unavailable in Strava export,activity_time_point_observation,,2024-11-02T19:59:12-07:00,1.0,5.0,0
2024-11-08,20:48:23 - Night Inline Skate,https://handicapskater.com/common/maps/20241108-20_48_23-Night Inline Skate-12856839036.html,False,False,,No precipitation at activity weather observation,Daily precipitation unavailable,,,,,54.5,54.5,54.5,Activity-time point observation,44.96,70,5.36864710093,5.36864710093,9.39513242663,252,Activity-time point observation,16.488084586,16.488084586,Activity-time point observation,Cloud cover fraction 0.26,Strava weather condition code 1.0,2024-11-08T20:48:23-08:00,2024-11-08T23:46:49-08:00,True,1,,Unavailable in Strava export,,,,,,,Strava activity-time point weather observation,Activity-time Strava weather observation for 2024-11-08 20:48:23 - Night Inline Skate: Strava weather condition code 1.0; temperature 54.5 F; wind 5.36864710093 mph; precipitation intensity 0 inches/hour. The upstream provider and station were not supplied by the export.,2024-11-08 20:48:23 - Night Inline Skate,12856839036,2024-11-08T20:48:23-08:00,2024-11-08T23:46:49-08:00,Strava export activity weather fields,Unavailable in Strava export,Unavailable in Strava export,activity_time_point_observation,,2024-11-08T19:58:56-08:00,1.0,1.0,0
2024-11-09,20:27:46 - Night Inline Skate,https://handicapskater.com/common/maps/20241109-20_27_46-Night Inline Skate-12864710553.html,False,False,,No precipitation at activity weather observation,Daily precipitation unavailable,,,,,55.04,55.04,55.04,Activity-time point observation,49.46,81,4.92125984252,4.92125984252,9.17143879742,252,Activity-time point observation,14.9539191124,14.9539191124,Activity-time point observation,Cloud cover fraction 0.86,Strava weather condition code 3.0,2024-11-09T20:27:46-08:00,2024-11-09T22:56:08-08:00,True,1,,Unavailable in Strava export,,,,,,,Strava activity-time point weather observation,Activity-time Strava weather observation for 2024-11-09 20:27:46 - Night Inline Skate: Strava weather condition code 3.0; temperature 55.04 F; wind 4.92125984252 mph; precipitation intensity 0 inches/hour. The upstream provider and station were not supplied by the export.,2024-11-09 20:27:46 - Night Inline Skate,12864710553,2024-11-09T20:27:46-08:00,2024-11-09T22:56:08-08:00,Strava export activity weather fields,Unavailable in Strava export,Unavailable in Strava export,activity_time_point_observation,,2024-11-09T20:01:04-08:00,3.0,1.0,0
2024-11-15,20:51:00 - Night Inline Skate,https://handicapskater.com/common/maps/20241115-20_51_00-Night Inline Skate-12911079835.html,False,False,,No precipitation at activity weather observation,Daily precipitation unavailable,,,,,51.08,51.08,51.08,Activity-time point observation,41.18,69,10.0662133142,10.0662133142,20.3561202577,324,Activity-time point observation,17.4307046846,17.4307046846,Activity-time point observation,Cloud cover fraction 0.25,Strava weather condition code 1.0,2024-11-15T20:51:00-08:00,2024-11-15T23:48:14-08:00,True,1,,Unavailable in Strava export,,,,,,,Strava activity-time point weather observation,Activity-time Strava weather observation for 2024-11-15 20:51:00 - Night Inline Skate: Strava weather condition code 1.0; temperature 51.08 F; wind 10.0662133142 mph; precipitation intensity 0 inches/hour. The upstream provider and station were not supplied by the export.,2024-11-15 20:51:00 - Night Inline Skate,12911079835,2024-11-15T20:51:00-08:00,2024-11-15T23:48:14-08:00,Strava export activity weather fields,Unavailable in Strava export,Unavailable in Strava export,activity_time_point_observation,,2024-11-15T20:01:04-08:00,1.0,1.0,0
2024-11-16,21:47:35 - Night Inline Skate,https://handicapskater.com/common/maps/20241116-21_47_35-Night Inline Skate-12918858060.html,False,False,,No precipitation at activity weather observation,Daily precipitation unavailable,,,,,50.18,50.18,50.18,Activity-time point observation,42.98,76,2.68432355047,2.68432355047,5.81603435934,245,Activity-time point observation,14.7855275193,14.7855275193,Activity-time point observation,Cloud cover fraction 0.29,Strava weather condition code 1.0,2024-11-16T21:47:35-08:00,2024-11-16T23:40:13-08:00,True,1,,Unavailable in Strava export,,,,,,,Strava activity-time point weather observation,Activity-time Strava weather observation for 2024-11-16 21:47:35 - Night Inline Skate: Strava weather condition code 1.0; temperature 50.18 F; wind 2.68432355047 mph; precipitation intensity 0 inches/hour. The upstream provider and station were not supplied by the export.,2024-11-16 21:47:35 - Night Inline Skate,12918858060,2024-11-16T21:47:35-08:00,2024-11-16T23:40:13-08:00,Strava export activity weather fields,Unavailable in Strava export,Unavailable in Strava export,activity_time_point_observation,,2024-11-16T21:00:48-08:00,1.0,1.0,0
2024-11-22,20:45:40 - Night Inline Skate,https://handicapskater.com/common/maps/20241122-20_45_40-Night Inline Skate-12962495071.html,False,True,,Precipitation observed at activity weather observation,Daily precipitation unavailable,,,,,56.12,56.12,56.12,Activity-time point observation,54.5,94,11.1846814603,11.1846814603,23.2641374374,227,Activity-time point observation,4.63915732124,4.63915732124,Activity-time point observation,Cloud cover fraction 0.99,Strava weather condition code 5.0,2024-11-22T20:45:40-08:00,2024-11-22T23:09:12-08:00,True,1,,Unavailable in Strava export,,,,,,,Strava activity-time point weather observation,Activity-time Strava weather observation for 2024-11-22 20:45:40 - Night Inline Skate: Strava weather condition code 5.0; temperature 56.12 F; wind 11.1846814603 mph; precipitation intensity 0.0787401574803 inches/hour. The upstream provider and station were not supplied by the export.,2024-11-22 20:45:40 - Night Inline Skate,12962495071,2024-11-22T20:45:40-08:00,2024-11-22T23:09:12-08:00,Strava export activity weather fields,Unavailable in Strava export,Unavailable in Strava export,activity_time_point_observation,,2024-11-22T19:58:56-08:00,5.0,5.0,0.0787401574803
2024-11-29,20:47:32 - Night Inline Skate,https://handicapskater.com/common/maps/20241129-20_47_32-Night Inline Skate-13013259617.html,False,False,,No precipitation at activity weather observation,Daily precipitation unavailable,,,,,50.9,50.9,50.9,Activity-time point observation,39.56,65,5.36864710093,5.36864710093,8.50035790981,26,Activity-time point observation,19.0133371113,19.0133371113,Activity-time point observation,Cloud cover fraction 0.76,Strava weather condition code 3.0,2024-11-29T20:47:32-08:00,2024-11-29T23:46:50-08:00,True,1,,Unavailable in Strava export,,,,,,,Strava activity-time point weather observation,Activity-time Strava weather observation for 2024-11-29 20:47:32 - Night Inline Skate: Strava weather condition code 3.0; temperature 50.9 F; wind 5.36864710093 mph; precipitation intensity 0 inches/hour. The upstream provider and station were not supplied by the export.,2024-11-29 20:47:32 - Night Inline Skate,13013259617,2024-11-29T20:47:32-08:00,2024-11-29T23:46:50-08:00,Strava export activity weather fields,Unavailable in Strava export,Unavailable in Strava export,activity_time_point_observation,,2024-11-29T20:01:04-08:00,3.0,1.0,0
2024-11-30,20:42:34 - Night Inline Skate,https://handicapskater.com/common/maps/20241130-20_42_34-Night Inline Skate-13020430123.html,False,False,,No precipitation at activity weather observation,Daily precipitation unavailable,,,,,51.8,51.8,51.8,Activity-time point observation,40.82,66,6.93450250537,6.93450250537,12.0794559771,30,Activity-time point observation,18.1664081763,18.1664081763,Activity-time point observation,Cloud cover fraction 0.97,Strava weather condition code 3.0,2024-11-30T20:42:34-08:00,2024-11-30T23:03:41-08:00,True,1,,Unavailable in Strava export,,,,,,,Strava activity-time point weather observation,Activity-time Strava weather observation for 2024-11-30 20:42:34 - Night Inline Skate: Strava weather condition code 3.0; temperature 51.8 F; wind 6.93450250537 mph; precipitation intensity 0 inches/hour. The upstream provider and station were not supplied by the export.,2024-11-30 20:42:34 - Night Inline Skate,13020430123,2024-11-30T20:42:34-08:00,2024-11-30T23:03:41-08:00,Strava export activity weather fields,Unavailable in Strava export,Unavailable in Strava export,activity_time_point_observation,,2024-11-30T19:58:56-08:00,3.0,1.0,0
2024-12-06,21:22:53 - Night Inline Skate,https://handicapskater.com/common/maps/20241206-21_22_53-Night Inline Skate-13063178610.html,False,False,,No precipitation at activity weather observation,Daily precipitation unavailable,,,,,53.6,53.6,53.6,Activity-time point observation,46.94,78,3.57909806729,3.57909806729,6.26342161775,339,Activity-time point observation,16.3122365386,16.3122365386,Activity-time point observation,Cloud cover fraction 0.14,Strava weather condition code 1.0,2024-12-06T21:22:53-08:00,2024-12-06T23:47:50-08:00,True,1,,Unavailable in Strava export,,,,,,,Strava activity-time point weather observation,Activity-time Strava weather observation for 2024-12-06 21:22:53 - Night Inline Skate: Strava weather condition code 1.0; temperature 53.6 F; wind 3.57909806729 mph; precipitation intensity 0 inches/hour. The upstream provider and station were not supplied by the export.,2024-12-06 21:22:53 - Night Inline Skate,13063178610,2024-12-06T21:22:53-08:00,2024-12-06T23:47:50-08:00,Strava export activity weather fields,Unavailable in Strava export,Unavailable in Strava export,activity_time_point_observation,,2024-12-06T21:00:48-08:00,1.0,1.0,0
2024-12-07,20:21:47 - Night Inline Skate,https://handicapskater.com/common/maps/20241207-20_21_47-Night Inline Skate-13069644130.html,False,False,,No precipitation at activity weather observation,Daily precipitation unavailable,,,,,54.5,54.5,54.5,Activity-time point observation,50,85,3.13171080888,3.13171080888,5.59234073014,306,Activity-time point observation,13.9404626978,13.9404626978,Activity-time point observation,Cloud cover fraction 1.0,Strava weather condition code 3.0,2024-12-07T20:21:47-08:00,2024-12-07T22:22:38-08:00,True,1,,Unavailable in Strava export,,,,,,,Strava activity-time point weather observation,Activity-time Strava weather observation for 2024-12-07 20:21:47 - Night Inline Skate: Strava weather condition code 3.0; temperature 54.5 F; wind 3.13171080888 mph; precipitation intensity 0 inches/hour. The upstream provider and station were not supplied by the export.,2024-12-07 20:21:47 - Night Inline Skate,13069644130,2024-12-07T20:21:47-08:00,2024-12-07T22:22:38-08:00,Strava export activity weather fields,Unavailable in Strava export,Unavailable in Strava export,activity_time_point_observation,,2024-12-07T20:01:04-08:00,3.0,1.0,0
2024-12-13,20:51:03 - Night Inline Skate,https://handicapskater.com/common/maps/20241213-20_51_03-Night Inline Skate-13111247166.html,False,False,,No precipitation at activity weather observation,Daily precipitation unavailable,,,,,54.32,54.32,54.32,Activity-time point observation,48.2,80,17.0007158196,17.0007158196,34.2251252684,167,Activity-time point observation,16.8901117474,16.8901117474,Activity-time point observation,Cloud cover fraction 1.0,Strava weather condition code 8.0,2024-12-13T20:51:03-08:00,2024-12-13T23:07:54-08:00,True,1,,Unavailable in Strava export,,,,,,,Strava activity-time point weather observation,Activity-time Strava weather observation for 2024-12-13 20:51:03 - Night Inline Skate: Strava weather condition code 8.0; temperature 54.32 F; wind 17.0007158196 mph; precipitation intensity 0 inches/hour. The upstream provider and station were not supplied by the export.,2024-12-13 20:51:03 - Night Inline Skate,13111247166,2024-12-13T20:51:03-08:00,2024-12-13T23:07:54-08:00,Strava export activity weather fields,Unavailable in Strava export,Unavailable in Strava export,activity_time_point_observation,,2024-12-13T20:01:04-08:00,8.0,5.0,0
2024-12-14,20:29:13 - Night Inline Skate,https://handicapskater.com/common/maps/20241214-20_29_13-Night Inline Skate-13118147640.html,False,False,,No precipitation at activity weather observation,Daily precipitation unavailable,,,,,50,50,50,Activity-time point observation,46.58,88,3.35540443808,3.35540443808,5.14495347173,269,Activity-time point observation,15.2478276863,15.2478276863,Activity-time point observation,Cloud cover fraction 0.73,Strava weather condition code 3.0,2024-12-14T20:29:13-08:00,2024-12-14T22:39:24-08:00,True,1,,Unavailable in Strava export,,,,,,,Strava activity-time point weather observation,Activity-time Strava weather observation for 2024-12-14 20:29:13 - Night Inline Skate: Strava weather condition code 3.0; temperature 50 F; wind 3.35540443808 mph; precipitation intensity 0 inches/hour. The upstream provider and station were not supplied by the export.,2024-12-14 20:29:13 - Night Inline Skate,13118147640,2024-12-14T20:29:13-08:00,2024-12-14T22:39:24-08:00,Strava export activity weather fields,Unavailable in Strava export,Unavailable in Strava export,activity_time_point_observation,,2024-12-14T19:58:56-08:00,3.0,5.0,0
2024-12-20,21:08:19 - Night Inline Skate,https://handicapskater.com/common/maps/20241220-21_08_19-Night Inline Skate-13159172743.html,False,False,,No precipitation at activity weather observation,Daily precipitation unavailable,,,,,49.46,49.46,49.46,Activity-time point observation,45.5,86,4.2501789549,4.2501789549,7.38188976378,86,Activity-time point observation,14.170370039,14.170370039,Activity-time point observation,Cloud cover fraction 1.0,Strava weather condition code 3.0,2024-12-20T21:08:19-08:00,2024-12-20T23:49:19-08:00,True,1,,Unavailable in Strava export,,,,,,,Strava activity-time point weather observation,Activity-time Strava weather observation for 2024-12-20 21:08:19 - Night Inline Skate: Strava weather condition code 3.0; temperature 49.46 F; wind 4.2501789549 mph; precipitation intensity 0 inches/hour. The upstream provider and station were not supplied by the export.,2024-12-20 21:08:19 - Night Inline Skate,13159172743,2024-12-20T21:08:19-08:00,2024-12-20T23:49:19-08:00,Strava export activity weather fields,Unavailable in Strava export,Unavailable in Strava export,activity_time_point_observation,,2024-12-20T21:00:48-08:00,3.0,1.0,0
2024-12-21,20:55:07 - Night Inline Skate,https://handicapskater.com/common/maps/20241221-20_55_07-Night Inline Skate-13165748216.html,False,True,,Precipitation observed at activity weather observation,Daily precipitation unavailable,,,,,53.78,53.78,53.78,Activity-time point observation,50.9,90,2.46062992126,2.46062992126,5.14495347173,5,Activity-time point observation,9.70022568202,9.70022568202,Activity-time point observation,Cloud cover fraction 1.0,Strava weather condition code 3.0,2024-12-21T20:55:07-08:00,2024-12-21T23:23:07-08:00,True,1,,Unavailable in Strava export,,,,,,,Strava activity-time point weather observation,Activity-time Strava weather observation for 2024-12-21 20:55:07 - Night Inline Skate: Strava weather condition code 3.0; temperature 53.78 F; wind 2.46062992126 mph; precipitation intensity 0.00787401574803 inches/hour. The upstream provider and station were not supplied by the export.,2024-12-21 20:55:07 - Night Inline Skate,13165748216,2024-12-21T20:55:07-08:00,2024-12-21T23:23:07-08:00,Strava export activity weather fields,Unavailable in Strava export,Unavailable in Strava export,activity_time_point_observation,,2024-12-21T20:01:04-08:00,3.0,5.0,0.00787401574803
2024-12-27,20:46:50 - Night Inline Skate,https://handicapskater.com/common/maps/20241227-20_46_50-Night Inline Skate-13205531233.html,False,False,,No precipitation at activity weather observation,Daily precipitation unavailable,,,,,53.96,53.96,53.96,Activity-time point observation,51.08,90,4.0264853257,4.0264853257,6.48711524696,212,Activity-time point observation,8.23006144118,8.23006144118,Activity-time point observation,Cloud cover fraction 0.91,Strava weather condition code 3.0,2024-12-27T20:46:50-08:00,2024-12-27T23:48:12-08:00,True,1,,Unavailable in Strava export,,,,,,,Strava activity-time point weather observation,Activity-time Strava weather observation for 2024-12-27 20:46:50 - Night Inline Skate: Strava weather condition code 3.0; temperature 53.96 F; wind 4.0264853257 mph; precipitation intensity 0 inches/hour. The upstream provider and station were not supplied by the export.,2024-12-27 20:46:50 - Night Inline Skate,13205531233,2024-12-27T20:46:50-08:00,2024-12-27T23:48:12-08:00,Strava export activity weather fields,Unavailable in Strava export,Unavailable in Strava export,activity_time_point_observation,,2024-12-27T20:01:04-08:00,3.0,5.0,0
2024-12-28,20:20:11 - Night Inline Skate,https://handicapskater.com/common/maps/20241228-20_20_11-Night Inline Skate-13213084024.html,False,False,,No precipitation at activity weather observation,Daily precipitation unavailable,,,,,55.94,55.94,55.94,Activity-time point observation,53.78,92,4.92125984252,4.92125984252,9.39513242663,201,Activity-time point observation,10.3147617911,10.3147617911,Activity-time point observation,Cloud cover fraction 0.78,Strava weather condition code 3.0,2024-12-28T20:20:11-08:00,2024-12-28T22:43:31-08:00,True,1,,Unavailable in Strava export,,,,,,,Strava activity-time point weather observation,Activity-time Strava weather observation for 2024-12-28 20:20:11 - Night Inline Skate: Strava weather condition code 3.0; temperature 55.94 F; wind 4.92125984252 mph; precipitation intensity 0 inches/hour. The upstream provider and station were not supplied by the export.,2024-12-28 20:20:11 - Night Inline Skate,13213084024,2024-12-28T20:20:11-08:00,2024-12-28T22:43:31-08:00,Strava export activity weather fields,Unavailable in Strava export,Unavailable in Strava export,activity_time_point_observation,,2024-12-28T19:58:56-08:00,3.0,5.0,0
2024-12-31,20:45:51 - Lunch Inline Skate,https://handicapskater.com/common/maps/20241231-20_45_51-Lunch Inline Skate-13241277672.html,False,False,,No precipitation at activity weather observation,Daily precipitation unavailable,,,,,50.72,50.72,50.72,Activity-time point observation,43.52,76,2.68432355047,2.68432355047,4.92125984252,279,Activity-time point observation,15.272682534,15.272682534,Activity-time point observation,Cloud cover fraction 1.0,Strava weather condition code 3.0,2024-12-31T20:45:51-08:00,2025-01-01T00:34:07-08:00,True,1,,Unavailable in Strava export,,,,,,,Strava activity-time point weather observation,Activity-time Strava weather observation for 2024-12-31 20:45:51 - Lunch Inline Skate: Strava weather condition code 3.0; temperature 50.72 F; wind 2.68432355047 mph; precipitation intensity 0 inches/hour. The upstream provider and station were not supplied by the export.,2024-12-31 20:45:51 - Lunch Inline Skate,13241277672,2024-12-31T20:45:51-08:00,2025-01-01T00:34:07-08:00,Strava export activity weather fields,Unavailable in Strava export,Unavailable in Strava export,activity_time_point_observation,,2024-12-31T20:01:04-08:00,3.0,1.0,0
2025-01-03,20:54:34 - Night Inline Skate,https://handicapskater.com/common/maps/20250103-20_54_34-Night Inline Skate-13260782135.html,False,False,,No precipitation at activity weather observation,Daily precipitation unavailable,,,,,50.36,50.36,50.36,Activity-time point observation,46.4,86,6.71080887616,6.71080887616,12.7505368647,261,Activity-time point observation,14.2337499006,14.2337499006,Activity-time point observation,Cloud cover fraction 0.21,Strava weather condition code 1.0,2025-01-03T20:54:34-08:00,2025-01-03T23:24:17-08:00,True,1,,Unavailable in Strava export,,,,,,,Strava activity-time point weather observation,Activity-time Strava weather observation for 2025-01-03 20:54:34 - Night Inline Skate: Strava weather condition code 1.0; temperature 50.36 F; wind 6.71080887616 mph; precipitation intensity 0 inches/hour. The upstream provider and station were not supplied by the export.,2025-01-03 20:54:34 - Night Inline Skate,13260782135,2025-01-03T20:54:34-08:00,2025-01-03T23:24:17-08:00,Strava export activity weather fields,Unavailable in Strava export,Unavailable in Strava export,activity_time_point_observation,,2025-01-03T19:58:56-08:00,1.0,5.0,0
2025-01-04,20:29:30 - Morning Inline Skate,https://handicapskater.com/common/maps/20250104-20_29_30-Morning Inline Skate-13272896499.html,False,False,,No precipitation at activity weather observation,Daily precipitation unavailable,,,,,50.9,50.9,50.9,Activity-time point observation,46.22,84,4.0264853257,4.0264853257,6.93450250537,291,Activity-time point observation,14.248041438,14.248041438,Activity-time point observation,Cloud cover fraction 0.99,Strava weather condition code 3.0,2025-01-04T20:29:30-08:00,2025-01-04T22:37:53-08:00,True,1,,Unavailable in Strava export,,,,,,,Strava activity-time point weather observation,Activity-time Strava weather observation for 2025-01-04 20:29:30 - Morning Inline Skate: Strava weather condition code 3.0; temperature 50.9 F; wind 4.0264853257 mph; precipitation intensity 0 inches/hour. The upstream provider and station were not supplied by the export.,2025-01-04 20:29:30 - Morning Inline Skate,13272896499,2025-01-04T20:29:30-08:00,2025-01-04T22:37:53-08:00,Strava export activity weather fields,Unavailable in Strava export,Unavailable in Strava export,activity_time_point_observation,,2025-01-04T20:01:04-08:00,3.0,1.0,0
2025-01-10,20:50:03 - Night Inline Skate,https://handicapskater.com/common/maps/20250110-20_50_03-Night Inline Skate-13321880286.html,False,False,,No precipitation at activity weather observation,Daily precipitation unavailable,,,,,52.16,52.16,52.16,Activity-time point observation,49.28,90,6.26342161775,6.26342161775,12.0794559771,258,Activity-time point observation,9.65113735783,9.65113735783,Activity-time point observation,Cloud cover fraction 0.41,Strava weather condition code 2.0,2025-01-10T20:50:03-08:00,2025-01-10T23:49:49-08:00,True,1,,Unavailable in Strava export,,,,,,,Strava activity-time point weather observation,Activity-time Strava weather observation for 2025-01-10 20:50:03 - Night Inline Skate: Strava weather condition code 2.0; temperature 52.16 F; wind 6.26342161775 mph; precipitation intensity 0 inches/hour. The upstream provider and station were not supplied by the export.,2025-01-10 20:50:03 - Night Inline Skate,13321880286,2025-01-10T20:50:03-08:00,2025-01-10T23:49:49-08:00,Strava export activity weather fields,Unavailable in Strava export,Unavailable in Strava export,activity_time_point_observation,,2025-01-10T20:01:04-08:00,2.0,1.0,0
2025-01-11,20:31:23 - Night Inline Skate,https://handicapskater.com/common/maps/20250111-20_31_23-Night Inline Skate-13330763363.html,False,False,,No precipitation at activity weather observation,Daily precipitation unavailable,,,,,54.5,54.5,54.5,Activity-time point observation,34.16,46,12.3031496063,12.3031496063,23.2641374374,351,Activity-time point observation,24.6336395451,24.6336395451,Activity-time point observation,Cloud cover fraction 0.06,Strava weather condition code 1.0,2025-01-11T20:31:23-08:00,2025-01-11T22:44:09-08:00,True,1,,Unavailable in Strava export,,,,,,,Strava activity-time point weather observation,Activity-time Strava weather observation for 2025-01-11 20:31:23 - Night Inline Skate: Strava weather condition code 1.0; temperature 54.5 F; wind 12.3031496063 mph; precipitation intensity 0 inches/hour. The upstream provider and station were not supplied by the export.,2025-01-11 20:31:23 - Night Inline Skate,13330763363,2025-01-11T20:31:23-08:00,2025-01-11T22:44:09-08:00,Strava export activity weather fields,Unavailable in Strava export,Unavailable in Strava export,activity_time_point_observation,,2025-01-11T19:58:56-08:00,1.0,1.0,0
2025-01-17,20:46:59 - Night Inline Skate,https://handicapskater.com/common/maps/20250117-20_46_59-Night Inline Skate-13384437059.html,False,False,,No precipitation at activity weather observation,Daily precipitation unavailable,,,,,49.82,49.82,49.82,Activity-time point observation,45.86,86,5.81603435934,5.81603435934,10.5136005727,270,Activity-time point observation,11.1964875129,11.1964875129,Activity-time point observation,Cloud cover fraction 0.59,Strava weather condition code 2.0,2025-01-17T20:46:59-08:00,2025-01-17T23:47:48-08:00,True,1,,Unavailable in Strava export,,,,,,,Strava activity-time point weather observation,Activity-time Strava weather observation for 2025-01-17 20:46:59 - Night Inline Skate: Strava weather condition code 2.0; temperature 49.82 F; wind 5.81603435934 mph; precipitation intensity 0 inches/hour. The upstream provider and station were not supplied by the export.,2025-01-17 20:46:59 - Night Inline Skate,13384437059,2025-01-17T20:46:59-08:00,2025-01-17T23:47:48-08:00,Strava export activity weather fields,Unavailable in Strava export,Unavailable in Strava export,activity_time_point_observation,,2025-01-17T19:58:56-08:00,2.0,1.0,0
2025-01-18,20:18:12 - Night Inline Skate,https://handicapskater.com/common/maps/20250118-20_18_12-Night Inline Skate-13393324099.html,False,False,,No precipitation at activity weather observation,Daily precipitation unavailable,,,,,50.36,50.36,50.36,Activity-time point observation,45.32,83,5.81603435934,5.81603435934,10.5136005727,272,Activity-time point observation,11.3773065299,11.3773065299,Activity-time point observation,Cloud cover fraction 0.2,Strava weather condition code 1.0,2025-01-18T20:18:12-08:00,2025-01-18T22:34:39-08:00,True,1,,Unavailable in Strava export,,,,,,,Strava activity-time point weather observation,Activity-time Strava weather observation for 2025-01-18 20:18:12 - Night Inline Skate: Strava weather condition code 1.0; temperature 50.36 F; wind 5.81603435934 mph; precipitation intensity 0 inches/hour. The upstream provider and station were not supplied by the export.,2025-01-18 20:18:12 - Night Inline Skate,13393324099,2025-01-18T20:18:12-08:00,2025-01-18T22:34:39-08:00,Strava export activity weather fields,Unavailable in Strava export,Unavailable in Strava export,activity_time_point_observation,,2025-01-18T20:01:04-08:00,1.0,1.0,0
2025-01-24,20:47:27 - Night Inline Skate,https://handicapskater.com/common/maps/20250124-20_47_27-Night Inline Skate-13445199299.html,False,False,,No precipitation at activity weather observation,Daily precipitation unavailable,,,,,51.44,51.44,51.44,Activity-time point observation,46.04,82,6.26342161775,6.26342161775,10.5136005727,276,Activity-time point observation,13.4893472123,13.4893472123,Activity-time point observation,Cloud cover fraction 0.92,Strava weather condition code 3.0,2025-01-24T20:47:27-08:00,2025-01-24T23:48:37-08:00,True,1,,Unavailable in Strava export,,,,,,,Strava activity-time point weather observation,Activity-time Strava weather observation for 2025-01-24 20:47:27 - Night Inline Skate: Strava weather condition code 3.0; temperature 51.44 F; wind 6.26342161775 mph; precipitation intensity 0 inches/hour. The upstream provider and station were not supplied by the export.,2025-01-24 20:47:27 - Night Inline Skate,13445199299,2025-01-24T20:47:27-08:00,2025-01-24T23:48:37-08:00,Strava export activity weather fields,Unavailable in Strava export,Unavailable in Strava export,activity_time_point_observation,,2025-01-24T20:01:04-08:00,3.0,1.0,0
2025-01-25,20:28:30 - Night Inline Skate,https://handicapskater.com/common/maps/20250125-20_28_30-Night Inline Skate-13454055638.html,False,True,,Precipitation observed at activity weather observation,Daily precipitation unavailable,,,,,49.82,49.82,49.82,Activity-time point observation,41.18,72,4.0264853257,4.0264853257,8.72405153901,14,Activity-time point observation,13.9858227949,13.9858227949,Activity-time point observation,Cloud cover fraction 0.97,Strava weather condition code 3.0,2025-01-25T20:28:30-08:00,2025-01-25T22:56:55-08:00,True,1,,Unavailable in Strava export,,,,,,,Strava activity-time point weather observation,Activity-time Strava weather observation for 2025-01-25 20:28:30 - Night Inline Skate: Strava weather condition code 3.0; temperature 49.82 F; wind 4.0264853257 mph; precipitation intensity 0.00393700787402 inches/hour. The upstream provider and station were not supplied by the export.,2025-01-25 20:28:30 - Night Inline Skate,13454055638,2025-01-25T20:28:30-08:00,2025-01-25T22:56:55-08:00,Strava export activity weather fields,Unavailable in Strava export,Unavailable in Strava export,activity_time_point_observation,,2025-01-25T19:58:56-08:00,3.0,1.0,0.00393700787402
2025-01-31,20:39:46 - Night Inline Skate,https://handicapskater.com/common/maps/20250131-20_39_46-Night Inline Skate-13506653693.html,False,True,,Precipitation observed at activity weather observation,Daily precipitation unavailable,,,,,51.44,51.44,51.44,Activity-time point observation,49.1,92,6.26342161775,6.26342161775,12.5268432355,156,Activity-time point observation,4.96040622763,4.96040622763,Activity-time point observation,Cloud cover fraction 1.0,Strava weather condition code 5.0,2025-01-31T20:39:46-08:00,2025-01-31T23:18:45-08:00,True,1,,Unavailable in Strava export,,,,,,,Strava activity-time point weather observation,Activity-time Strava weather observation for 2025-01-31 20:39:46 - Night Inline Skate: Strava weather condition code 5.0; temperature 51.44 F; wind 6.26342161775 mph; precipitation intensity 0.0551181102362 inches/hour. The upstream provider and station were not supplied by the export.,2025-01-31 20:39:46 - Night Inline Skate,13506653693,2025-01-31T20:39:46-08:00,2025-01-31T23:18:45-08:00,Strava export activity weather fields,Unavailable in Strava export,Unavailable in Strava export,activity_time_point_observation,,2025-01-31T19:58:56-08:00,5.0,5.0,0.0551181102362
2025-02-01,21:04:09 - Night Inline Skate,https://handicapskater.com/common/maps/20250201-21_04_09-Night Inline Skate-13515771212.html,False,True,,Precipitation observed at activity weather observation,Daily precipitation unavailable,,,,,55.22,55.22,55.22,Activity-time point observation,53.24,93,12.9742304939,12.9742304939,22.816750179,188,Activity-time point observation,9.19442953154,9.19442953154,Activity-time point observation,Cloud cover fraction 1.0,Strava weather condition code 3.0,2025-02-01T21:04:09-08:00,2025-02-01T23:27:08-08:00,True,1,,Unavailable in Strava export,,,,,,,Strava activity-time point weather observation,Activity-time Strava weather observation for 2025-02-01 21:04:09 - Night Inline Skate: Strava weather condition code 3.0; temperature 55.22 F; wind 12.9742304939 mph; precipitation intensity 0.00393700787402 inches/hour. The upstream provider and station were not supplied by the export.,2025-02-01 21:04:09 - Night Inline Skate,13515771212,2025-02-01T21:04:09-08:00,2025-02-01T23:27:08-08:00,Strava export activity weather fields,Unavailable in Strava export,Unavailable in Strava export,activity_time_point_observation,,2025-02-01T21:00:48-08:00,3.0,5.0,0.00393700787402
2025-02-07,20:47:37 - Night Inline Skate,https://handicapskater.com/common/maps/20250207-20_47_37-Night Inline Skate-13569590155.html,False,False,,No precipitation at activity weather observation,Daily precipitation unavailable,,,,,49.1,49.1,49.1,Activity-time point observation,43.52,81,4.69756621331,4.69756621331,7.15819613457,294,Activity-time point observation,14.1107184045,14.1107184045,Activity-time point observation,Cloud cover fraction 0.19,Strava weather condition code 1.0,2025-02-07T20:47:37-08:00,2025-02-07T23:39:54-08:00,True,1,,Unavailable in Strava export,,,,,,,Strava activity-time point weather observation,Activity-time Strava weather observation for 2025-02-07 20:47:37 - Night Inline Skate: Strava weather condition code 1.0; temperature 49.1 F; wind 4.69756621331 mph; precipitation intensity 0 inches/hour. The upstream provider and station were not supplied by the export.,2025-02-07 20:47:37 - Night Inline Skate,13569590155,2025-02-07T20:47:37-08:00,2025-02-07T23:39:54-08:00,Strava export activity weather fields,Unavailable in Strava export,Unavailable in Strava export,activity_time_point_observation,,2025-02-07T20:01:04-08:00,1.0,5.0,0
2025-02-08,20:25:56 - Night Inline Skate,https://handicapskater.com/common/maps/20250208-20_25_56-Night Inline Skate-13578580077.html,False,False,,No precipitation at activity weather observation,Daily precipitation unavailable,,,,,49.64,49.64,49.64,Activity-time point observation,40.64,71,7.15819613457,7.15819613457,12.5268432355,324,Activity-time point observation,15.2148950131,15.2148950131,Activity-time point observation,Cloud cover fraction 0.14,Strava weather condition code 1.0,2025-02-08T20:25:56-08:00,2025-02-08T23:11:28-08:00,True,1,,Unavailable in Strava export,,,,,,,Strava activity-time point weather observation,Activity-time Strava weather observation for 2025-02-08 20:25:56 - Night Inline Skate: Strava weather condition code 1.0; temperature 49.64 F; wind 7.15819613457 mph; precipitation intensity 0 inches/hour. The upstream provider and station were not supplied by the export.,2025-02-08 20:25:56 - Night Inline Skate,13578580077,2025-02-08T20:25:56-08:00,2025-02-08T23:11:28-08:00,Strava export activity weather fields,Unavailable in Strava export,Unavailable in Strava export,activity_time_point_observation,,2025-02-08T19:58:56-08:00,1.0,1.0,0
2025-02-14,21:11:48 - Night Inline Skate,https://handicapskater.com/common/maps/20250214-21_11_48-Night Inline Skate-13630319561.html,False,False,,No precipitation at activity weather observation,Daily precipitation unavailable,,,,,49.1,49.1,49.1,Activity-time point observation,41.9,76,5.14495347173,5.14495347173,8.50035790981,279,Activity-time point observation,14.1225244572,14.1225244572,Activity-time point observation,Cloud cover fraction 0.23,Strava weather condition code 1.0,2025-02-14T21:11:48-08:00,2025-02-14T23:49:44-08:00,True,1,,Unavailable in Strava export,,,,,,,Strava activity-time point weather observation,Activity-time Strava weather observation for 2025-02-14 21:11:48 - Night Inline Skate: Strava weather condition code 1.0; temperature 49.1 F; wind 5.14495347173 mph; precipitation intensity 0 inches/hour. The upstream provider and station were not supplied by the export.,2025-02-14 21:11:48 - Night Inline Skate,13630319561,2025-02-14T21:11:48-08:00,2025-02-14T23:49:44-08:00,Strava export activity weather fields,Unavailable in Strava export,Unavailable in Strava export,activity_time_point_observation,,2025-02-14T21:00:48-08:00,1.0,5.0,0
2025-02-15,20:46:12 - Night Inline Skate,https://handicapskater.com/common/maps/20250215-20_46_12-Night Inline Skate-13639200877.html,False,False,,No precipitation at activity weather observation,Daily precipitation unavailable,,,,,50.72,50.72,50.72,Activity-time point observation,45.32,82,5.14495347173,5.14495347173,10.0662133142,267,Activity-time point observation,12.2379056311,12.2379056311,Activity-time point observation,Cloud cover fraction 0.97,Strava weather condition code 3.0,2025-02-15T20:46:12-08:00,2025-02-15T23:29:57-08:00,True,1,,Unavailable in Strava export,,,,,,,Strava activity-time point weather observation,Activity-time Strava weather observation for 2025-02-15 20:46:12 - Night Inline Skate: Strava weather condition code 3.0; temperature 50.72 F; wind 5.14495347173 mph; precipitation intensity 0 inches/hour. The upstream provider and station were not supplied by the export.,2025-02-15 20:46:12 - Night Inline Skate,13639200877,2025-02-15T20:46:12-08:00,2025-02-15T23:29:57-08:00,Strava export activity weather fields,Unavailable in Strava export,Unavailable in Strava export,activity_time_point_observation,,2025-02-15T20:01:04-08:00,3.0,1.0,0
2025-02-21,20:46:12 - Night Inline Skate,https://handicapskater.com/common/maps/20250221-20_46_12-Night Inline Skate-13692414129.html,False,False,,No precipitation at activity weather observation,Daily precipitation unavailable,,,,,53.24,53.24,53.24,Activity-time point observation,46.22,77,6.93450250537,6.93450250537,10.7372942019,266,Activity-time point observation,11.7874115167,11.7874115167,Activity-time point observation,Cloud cover fraction 0.06,Strava weather condition code 1.0,2025-02-21T20:46:12-08:00,2025-02-21T23:47:58-08:00,True,1,,Unavailable in Strava export,,,,,,,Strava activity-time point weather observation,Activity-time Strava weather observation for 2025-02-21 20:46:12 - Night Inline Skate: Strava weather condition code 1.0; temperature 53.24 F; wind 6.93450250537 mph; precipitation intensity 0 inches/hour. The upstream provider and station were not supplied by the export.,2025-02-21 20:46:12 - Night Inline Skate,13692414129,2025-02-21T20:46:12-08:00,2025-02-21T23:47:58-08:00,Strava export activity weather fields,Unavailable in Strava export,Unavailable in Strava export,activity_time_point_observation,,2025-02-21T20:01:04-08:00,1.0,1.0,0
2025-02-22,20:33:45 - Night Inline Skate,https://handicapskater.com/common/maps/20250222-20_33_45-Night Inline Skate-13701309012.html,False,False,,No precipitation at activity weather observation,Daily precipitation unavailable,,,,,53.24,53.24,53.24,Activity-time point observation,46.58,78,5.81603435934,5.81603435934,13.1979241231,243,Activity-time point observation,12.0055128052,12.0055128052,Activity-time point observation,Cloud cover fraction 1.0,Strava weather condition code 3.0,2025-02-22T20:33:45-08:00,2025-02-22T22:44:25-08:00,True,1,,Unavailable in Strava export,,,,,,,Strava activity-time point weather observation,Activity-time Strava weather observation for 2025-02-22 20:33:45 - Night Inline Skate: Strava weather condition code 3.0; temperature 53.24 F; wind 5.81603435934 mph; precipitation intensity 0 inches/hour. The upstream provider and station were not supplied by the export.,2025-02-22 20:33:45 - Night Inline Skate,13701309012,2025-02-22T20:33:45-08:00,2025-02-22T22:44:25-08:00,Strava export activity weather fields,Unavailable in Strava export,Unavailable in Strava export,activity_time_point_observation,,2025-02-22T19:58:56-08:00,3.0,1.0,0
2025-02-28,20:46:03 - Night Inline Skate,https://handicapskater.com/common/maps/20250228-20_46_03-Night Inline Skate-13756008479.html,False,False,,No precipitation at activity weather observation,Daily precipitation unavailable,,,,,54.14,54.14,54.14,Activity-time point observation,50.72,88,8.94774516822,8.94774516822,16.329634932,251,Activity-time point observation,9.47839616639,9.47839616639,Activity-time point observation,Cloud cover fraction 0.63,Strava weather condition code 3.0,2025-02-28T20:46:03-08:00,2025-02-28T23:53:34-08:00,True,1,,Unavailable in Strava export,,,,,,,Strava activity-time point weather observation,Activity-time Strava weather observation for 2025-02-28 20:46:03 - Night Inline Skate: Strava weather condition code 3.0; temperature 54.14 F; wind 8.94774516822 mph; precipitation intensity 0 inches/hour. The upstream provider and station were not supplied by the export.,2025-02-28 20:46:03 - Night Inline Skate,13756008479,2025-02-28T20:46:03-08:00,2025-02-28T23:53:34-08:00,Strava export activity weather fields,Unavailable in Strava export,Unavailable in Strava export,activity_time_point_observation,,2025-02-28T19:58:56-08:00,3.0,1.0,0
2025-03-01,20:49:43 - Night Inline Skate,https://handicapskater.com/common/maps/20250301-20_49_43-Night Inline Skate-13764963921.html,False,True,,Precipitation observed at activity weather observation,Daily precipitation unavailable,,,,,53.24,53.24,53.24,Activity-time point observation,50.18,89,12.0794559771,12.0794559771,24.1589119542,248,Activity-time point observation,5.17042969061,5.17042969061,Activity-time point observation,Cloud cover fraction 0.9,Strava weather condition code 3.0,2025-03-01T20:49:43-08:00,2025-03-01T23:11:55-08:00,True,1,,Unavailable in Strava export,,,,,,,Strava activity-time point weather observation,Activity-time Strava weather observation for 2025-03-01 20:49:43 - Night Inline Skate: Strava weather condition code 3.0; temperature 53.24 F; wind 12.0794559771 mph; precipitation intensity 0.0393700787402 inches/hour. The upstream provider and station were not supplied by the export.,2025-03-01 20:49:43 - Night Inline Skate,13764963921,2025-03-01T20:49:43-08:00,2025-03-01T23:11:55-08:00,Strava export activity weather fields,Unavailable in Strava export,Unavailable in Strava export,activity_time_point_observation,,2025-03-01T20:01:04-08:00,3.0,5.0,0.0393700787402
2025-03-07,20:48:30 - Night Inline Skate,https://handicapskater.com/common/maps/20250307-20_48_30-Night Inline Skate-13819997852.html,False,False,,No precipitation at activity weather observation,Daily precipitation unavailable,,,,,53.24,53.24,53.24,Activity-time point observation,43.34,69,6.03972798855,6.03972798855,11.6320687187,267,Activity-time point observation,14.7954694584,14.7954694584,Activity-time point observation,Cloud cover fraction 0.1,Strava weather condition code 1.0,2025-03-07T20:48:30-08:00,2025-03-07T23:49:00-08:00,True,1,,Unavailable in Strava export,,,,,,,Strava activity-time point weather observation,Activity-time Strava weather observation for 2025-03-07 20:48:30 - Night Inline Skate: Strava weather condition code 1.0; temperature 53.24 F; wind 6.03972798855 mph; precipitation intensity 0 inches/hour. The upstream provider and station were not supplied by the export.,2025-03-07 20:48:30 - Night Inline Skate,13819997852,2025-03-07T20:48:30-08:00,2025-03-07T23:49:00-08:00,Strava export activity weather fields,Unavailable in Strava export,Unavailable in Strava export,activity_time_point_observation,,2025-03-07T20:01:04-08:00,1.0,1.0,0
2025-03-08,20:50:04 - Night Inline Skate,https://handicapskater.com/common/maps/20250308-20_50_04-Night Inline Skate-13829575274.html,False,False,,No precipitation at activity weather observation,Daily precipitation unavailable,,,,,50.9,50.9,50.9,Activity-time point observation,44.06,77,5.81603435934,5.81603435934,12.5268432355,260,Activity-time point observation,13.4974250378,13.4974250378,Activity-time point observation,Cloud cover fraction 0.11,Strava weather condition code 1.0,2025-03-08T20:50:04-08:00,2025-03-08T23:40:50-08:00,True,1,,Unavailable in Strava export,,,,,,,Strava activity-time point weather observation,Activity-time Strava weather observation for 2025-03-08 20:50:04 - Night Inline Skate: Strava weather condition code 1.0; temperature 50.9 F; wind 5.81603435934 mph; precipitation intensity 0 inches/hour. The upstream provider and station were not supplied by the export.,2025-03-08 20:50:04 - Night Inline Skate,13829575274,2025-03-08T20:50:04-08:00,2025-03-08T23:40:50-08:00,Strava export activity weather fields,Unavailable in Strava export,Unavailable in Strava export,activity_time_point_observation,,2025-03-08T19:58:56-08:00,1.0,1.0,0
2025-03-14,20:48:23 - Night Inline Skate,https://handicapskater.com/common/maps/20250314-20_48_23-Night Inline Skate-13885570275.html,False,False,,No precipitation at activity weather observation,Daily precipitation unavailable,,,,,51.62,51.62,51.62,Activity-time point observation,43.88,75,11.4083750895,11.4083750895,24.3826055834,291,Activity-time point observation,13.4098116997,13.4098116997,Activity-time point observation,Cloud cover fraction 0.79,Strava weather condition code 3.0,2025-03-14T20:48:23-07:00,2025-03-14T23:22:09-07:00,True,1,,Unavailable in Strava export,,,,,,,Strava activity-time point weather observation,Activity-time Strava weather observation for 2025-03-14 20:48:23 - Night Inline Skate: Strava weather condition code 3.0; temperature 51.62 F; wind 11.4083750895 mph; precipitation intensity 0 inches/hour. The upstream provider and station were not supplied by the export.,2025-03-14 20:48:23 - Night Inline Skate,13885570275,2025-03-14T20:48:23-07:00,2025-03-14T23:22:09-07:00,Strava export activity weather fields,Unavailable in Strava export,Unavailable in Strava export,activity_time_point_observation,,2025-03-14T19:59:12-07:00,3.0,5.0,0
2025-03-15,20:47:41 - Night Inline Skate,https://handicapskater.com/common/maps/20250315-20_47_41-Night Inline Skate-13894605491.html,False,False,,No precipitation at activity weather observation,Daily precipitation unavailable,,,,,53.24,53.24,53.24,Activity-time point observation,44.42,72,5.59234073014,5.59234073014,12.7505368647,209,Activity-time point observation,13.349538694,13.349538694,Activity-time point observation,Cloud cover fraction 0.22,Strava weather condition code 1.0,2025-03-15T20:47:41-07:00,2025-03-15T23:13:31-07:00,True,1,,Unavailable in Strava export,,,,,,,Strava activity-time point weather observation,Activity-time Strava weather observation for 2025-03-15 20:47:41 - Night Inline Skate: Strava weather condition code 1.0; temperature 53.24 F; wind 5.59234073014 mph; precipitation intensity 0 inches/hour. The upstream provider and station were not supplied by the export.,2025-03-15 20:47:41 - Night Inline Skate,13894605491,2025-03-15T20:47:41-07:00,2025-03-15T23:13:31-07:00,Strava export activity weather fields,Unavailable in Strava export,Unavailable in Strava export,activity_time_point_observation,,2025-03-15T19:59:12-07:00,1.0,1.0,0
2025-03-21,20:50:06 - Night Inline Skate,https://handicapskater.com/common/maps/20250321-20_50_06-Night Inline Skate-13950717198.html,False,False,,No precipitation at activity weather observation,Daily precipitation unavailable,,,,,54.32,54.32,54.32,Activity-time point observation,47.66,78,8.50035790981,8.50035790981,17.2244094488,279,Activity-time point observation,13.3538882924,13.3538882924,Activity-time point observation,Cloud cover fraction 0.95,Strava weather condition code 3.0,2025-03-21T20:50:06-07:00,2025-03-21T23:49:23-07:00,True,1,,Unavailable in Strava export,,,,,,,Strava activity-time point weather observation,Activity-time Strava weather observation for 2025-03-21 20:50:06 - Night Inline Skate: Strava weather condition code 3.0; temperature 54.32 F; wind 8.50035790981 mph; precipitation intensity 0 inches/hour. The upstream provider and station were not supplied by the export.,2025-03-21 20:50:06 - Night Inline Skate,13950717198,2025-03-21T20:50:06-07:00,2025-03-21T23:49:23-07:00,Strava export activity weather fields,Unavailable in Strava export,Unavailable in Strava export,activity_time_point_observation,,2025-03-21T19:59:12-07:00,3.0,1.0,0
2025-03-22,20:34:59 - Evening Inline Skate,https://handicapskater.com/common/maps/20250322-20_34_59-Evening Inline Skate-14016167105.html,False,False,,No precipitation at activity weather observation,Daily precipitation unavailable,,,,,55.4,55.4,55.4,Activity-time point observation,50,82,9.39513242663,9.39513242663,16.1059413028,273,Activity-time point observation,11.0672423049,11.0672423049,Activity-time point observation,Cloud cover fraction 0.23,Strava weather condition code 1.0,2025-03-22T20:34:59-07:00,2025-03-22T23:09:38-07:00,True,1,,Unavailable in Strava export,,,,,,,Strava activity-time point weather observation,Activity-time Strava weather observation for 2025-03-22 20:34:59 - Evening Inline Skate: Strava weather condition code 1.0; temperature 55.4 F; wind 9.39513242663 mph; precipitation intensity 0 inches/hour. The upstream provider and station were not supplied by the export.,2025-03-22 20:34:59 - Evening Inline Skate,14016167105,2025-03-22T20:34:59-07:00,2025-03-22T23:09:38-07:00,Strava export activity weather fields,Unavailable in Strava export,Unavailable in Strava export,activity_time_point_observation,,2025-03-22T19:59:12-07:00,1.0,1.0,0
2025-03-28,20:46:57 - Night Inline Skate,https://handicapskater.com/common/maps/20250328-20_46_57-Night Inline Skate-14016558729.html,False,False,,No precipitation at activity weather observation,Daily precipitation unavailable,,,,,54.32,54.32,54.32,Activity-time point observation,45.14,71,8.0529706514,8.0529706514,15.211166786,264,Activity-time point observation,11.274158912,11.274158912,Activity-time point observation,Cloud cover fraction 0.76,Strava weather condition code 3.0,2025-03-28T20:46:57-07:00,2025-03-28T23:49:19-07:00,True,1,,Unavailable in Strava export,,,,,,,Strava activity-time point weather observation,Activity-time Strava weather observation for 2025-03-28 20:46:57 - Night Inline Skate: Strava weather condition code 3.0; temperature 54.32 F; wind 8.0529706514 mph; precipitation intensity 0 inches/hour. The upstream provider and station were not supplied by the export.,2025-03-28 20:46:57 - Night Inline Skate,14016558729,2025-03-28T20:46:57-07:00,2025-03-28T23:49:19-07:00,Strava export activity weather fields,Unavailable in Strava export,Unavailable in Strava export,activity_time_point_observation,,2025-03-28T19:59:12-07:00,3.0,5.0,0
2025-03-29,20:42:19 - Night Inline Skate,https://handicapskater.com/common/maps/20250329-20_42_19-Night Inline Skate-14025847901.html,False,False,,No precipitation at activity weather observation,Daily precipitation unavailable,,,,,52.52,52.52,52.52,Activity-time point observation,42.98,70,7.15819613457,7.15819613457,14.0926986399,255,Activity-time point observation,14.7289827408,14.7289827408,Activity-time point observation,Cloud cover fraction 0.99,Strava weather condition code 3.0,2025-03-29T20:42:19-07:00,2025-03-29T22:56:52-07:00,True,1,,Unavailable in Strava export,,,,,,,Strava activity-time point weather observation,Activity-time Strava weather observation for 2025-03-29 20:42:19 - Night Inline Skate: Strava weather condition code 3.0; temperature 52.52 F; wind 7.15819613457 mph; precipitation intensity 0 inches/hour. The upstream provider and station were not supplied by the export.,2025-03-29 20:42:19 - Night Inline Skate,14025847901,2025-03-29T20:42:19-07:00,2025-03-29T22:56:52-07:00,Strava export activity weather fields,Unavailable in Strava export,Unavailable in Strava export,activity_time_point_observation,,2025-03-29T19:59:12-07:00,3.0,1.0,0
2025-04-11,20:47:34 - Night Inline Skate,https://handicapskater.com/common/maps/20250411-20_47_34-Night Inline Skate-14151724655.html,False,False,,No precipitation at activity weather observation,Daily precipitation unavailable,,,,,55.76,55.76,55.76,Activity-time point observation,48.38,76,12.0794559771,12.0794559771,22.3693629205,269,Activity-time point observation,12.6032718921,12.6032718921,Activity-time point observation,Cloud cover fraction 0.96,Strava weather condition code 3.0,2025-04-11T20:47:34-07:00,2025-04-11T23:49:30-07:00,True,1,,Unavailable in Strava export,,,,,,,Strava activity-time point weather observation,Activity-time Strava weather observation for 2025-04-11 20:47:34 - Night Inline Skate: Strava weather condition code 3.0; temperature 55.76 F; wind 12.0794559771 mph; precipitation intensity 0 inches/hour. The upstream provider and station were not supplied by the export.,2025-04-11 20:47:34 - Night Inline Skate,14151724655,2025-04-11T20:47:34-07:00,2025-04-11T23:49:30-07:00,Strava export activity weather fields,Unavailable in Strava export,Unavailable in Strava export,activity_time_point_observation,,2025-04-11T19:59:12-07:00,3.0,1.0,0
2025-04-12,20:24:17 - Night Inline Skate,https://handicapskater.com/common/maps/20250412-20_24_17-Night Inline Skate-14161426481.html,False,False,,No precipitation at activity weather observation,Daily precipitation unavailable,,,,,57.74,57.74,57.74,Activity-time point observation,48.02,70,6.93450250537,6.93450250537,12.3031496063,243,Activity-time point observation,13.2084874334,13.2084874334,Activity-time point observation,Cloud cover fraction 0.28,Strava weather condition code 1.0,2025-04-12T20:24:17-07:00,2025-04-12T22:45:52-07:00,True,1,,Unavailable in Strava export,,,,,,,Strava activity-time point weather observation,Activity-time Strava weather observation for 2025-04-12 20:24:17 - Night Inline Skate: Strava weather condition code 1.0; temperature 57.74 F; wind 6.93450250537 mph; precipitation intensity 0 inches/hour. The upstream provider and station were not supplied by the export.,2025-04-12 20:24:17 - Night Inline Skate,14161426481,2025-04-12T20:24:17-07:00,2025-04-12T22:45:52-07:00,Strava export activity weather fields,Unavailable in Strava export,Unavailable in Strava export,activity_time_point_observation,,2025-04-12T19:59:12-07:00,1.0,1.0,0
2025-04-18,21:04:47 - Night Inline Skate,https://handicapskater.com/common/maps/20250418-21_04_47-Night Inline Skate-14219221601.html,False,False,,No precipitation at activity weather observation,Daily precipitation unavailable,,,,,54.32,54.32,54.32,Activity-time point observation,50.54,87,9.39513242663,9.39513242663,14.9874731568,245,Activity-time point observation,11.2654597153,11.2654597153,Activity-time point observation,Cloud cover fraction 0.39,Strava weather condition code 2.0,2025-04-18T21:04:47-07:00,2025-04-18T23:54:33-07:00,True,1,,Unavailable in Strava export,,,,,,,Strava activity-time point weather observation,Activity-time Strava weather observation for 2025-04-18 21:04:47 - Night Inline Skate: Strava weather condition code 2.0; temperature 54.32 F; wind 9.39513242663 mph; precipitation intensity 0 inches/hour. The upstream provider and station were not supplied by the export.,2025-04-18 21:04:47 - Night Inline Skate,14219221601,2025-04-18T21:04:47-07:00,2025-04-18T23:54:33-07:00,Strava export activity weather fields,Unavailable in Strava export,Unavailable in Strava export,activity_time_point_observation,,2025-04-18T21:01:04-07:00,2.0,1.0,0
2025-04-19,20:42:59 - Night Inline Skate,https://handicapskater.com/common/maps/20250419-20_42_59-Night Inline Skate-14228969512.html,False,False,,No precipitation at activity weather observation,Daily precipitation unavailable,,,,,53.42,53.42,53.42,Activity-time point observation,48.92,85,10.7372942019,10.7372942019,17.6717967072,246,Activity-time point observation,11.6065924998,11.6065924998,Activity-time point observation,Cloud cover fraction 0.49,Strava weather condition code 2.0,2025-04-19T20:42:59-07:00,2025-04-19T23:02:18-07:00,True,1,,Unavailable in Strava export,,,,,,,Strava activity-time point weather observation,Activity-time Strava weather observation for 2025-04-19 20:42:59 - Night Inline Skate: Strava weather condition code 2.0; temperature 53.42 F; wind 10.7372942019 mph; precipitation intensity 0 inches/hour. The upstream provider and station were not supplied by the export.,2025-04-19 20:42:59 - Night Inline Skate,14228969512,2025-04-19T20:42:59-07:00,2025-04-19T23:02:18-07:00,Strava export activity weather fields,Unavailable in Strava export,Unavailable in Strava export,activity_time_point_observation,,2025-04-19T19:59:12-07:00,2.0,1.0,0
2025-04-25,20:47:29 - Night Inline Skate,https://handicapskater.com/common/maps/20250425-20_47_29-Night Inline Skate-14287800596.html,False,False,,No precipitation at activity weather observation,Daily precipitation unavailable,,,,,53.42,53.42,53.42,Activity-time point observation,43.88,70,7.60558339298,7.60558339298,11.6320687187,264,Activity-time point observation,14.6059512447,14.6059512447,Activity-time point observation,Cloud cover fraction 1.0,Strava weather condition code 3.0,2025-04-25T20:47:29-07:00,2025-04-25T23:49:49-07:00,True,1,,Unavailable in Strava export,,,,,,,Strava activity-time point weather observation,Activity-time Strava weather observation for 2025-04-25 20:47:29 - Night Inline Skate: Strava weather condition code 3.0; temperature 53.42 F; wind 7.60558339298 mph; precipitation intensity 0 inches/hour. The upstream provider and station were not supplied by the export.,2025-04-25 20:47:29 - Night Inline Skate,14287800596,2025-04-25T20:47:29-07:00,2025-04-25T23:49:49-07:00,Strava export activity weather fields,Unavailable in Strava export,Unavailable in Strava export,activity_time_point_observation,,2025-04-25T19:59:12-07:00,3.0,5.0,0
2025-04-26,20:36:35 - Night Inline Skate,https://handicapskater.com/common/maps/20250426-20_36_35-Night Inline Skate-14297651525.html,False,False,,No precipitation at activity weather observation,Daily precipitation unavailable,,,,,53.24,53.24,53.24,Activity-time point observation,47.12,80,7.82927702219,7.82927702219,13.1979241231,251,Activity-time point observation,9.42744372862,9.42744372862,Activity-time point observation,Cloud cover fraction 0.99,Strava weather condition code 3.0,2025-04-26T20:36:35-07:00,2025-04-26T23:16:24-07:00,True,1,,Unavailable in Strava export,,,,,,,Strava activity-time point weather observation,Activity-time Strava weather observation for 2025-04-26 20:36:35 - Night Inline Skate: Strava weather condition code 3.0; temperature 53.24 F; wind 7.82927702219 mph; precipitation intensity 0 inches/hour. The upstream provider and station were not supplied by the export.,2025-04-26 20:36:35 - Night Inline Skate,14297651525,2025-04-26T20:36:35-07:00,2025-04-26T23:16:24-07:00,Strava export activity weather fields,Unavailable in Strava export,Unavailable in Strava export,activity_time_point_observation,,2025-04-26T19:59:12-07:00,3.0,5.0,0
2025-05-02,20:47:40 - Night Inline Skate,https://handicapskater.com/common/maps/20250502-20_47_40-Night Inline Skate-14360743602.html,False,False,,No precipitation at activity weather observation,Daily precipitation unavailable,,,,,55.04,55.04,55.04,Activity-time point observation,48.38,78,14.7637795276,14.7637795276,28.8564781675,267,Activity-time point observation,12.0415523344,12.0415523344,Activity-time point observation,Cloud cover fraction 1.0,Strava weather condition code 3.0,2025-05-02T20:47:40-07:00,2025-05-02T23:48:27-07:00,True,1,,Unavailable in Strava export,,,,,,,Strava activity-time point weather observation,Activity-time Strava weather observation for 2025-05-02 20:47:40 - Night Inline Skate: Strava weather condition code 3.0; temperature 55.04 F; wind 14.7637795276 mph; precipitation intensity 0 inches/hour. The upstream provider and station were not supplied by the export.,2025-05-02 20:47:40 - Night Inline Skate,14360743602,2025-05-02T20:47:40-07:00,2025-05-02T23:48:27-07:00,Strava export activity weather fields,Unavailable in Strava export,Unavailable in Strava export,activity_time_point_observation,,2025-05-02T19:59:12-07:00,3.0,1.0,0
2025-05-03,20:31:59 - Night Inline Skate,https://handicapskater.com/common/maps/20250503-20_31_59-Night Inline Skate-14370988886.html,False,False,,No precipitation at activity weather observation,Daily precipitation unavailable,,,,,55.22,55.22,55.22,Activity-time point observation,46.4,72,12.9742304939,12.9742304939,19.9087329993,285,Activity-time point observation,14.1753410085,14.1753410085,Activity-time point observation,Cloud cover fraction 0.34,Strava weather condition code 1.0,2025-05-03T20:31:59-07:00,2025-05-03T22:32:43-07:00,True,1,,Unavailable in Strava export,,,,,,,Strava activity-time point weather observation,Activity-time Strava weather observation for 2025-05-03 20:31:59 - Night Inline Skate: Strava weather condition code 1.0; temperature 55.22 F; wind 12.9742304939 mph; precipitation intensity 0 inches/hour. The upstream provider and station were not supplied by the export.,2025-05-03 20:31:59 - Night Inline Skate,14370988886,2025-05-03T20:31:59-07:00,2025-05-03T22:32:43-07:00,Strava export activity weather fields,Unavailable in Strava export,Unavailable in Strava export,activity_time_point_observation,,2025-05-03T19:59:12-07:00,1.0,1.0,0
2025-05-09,20:46:23 - Evening Inline Skate,https://handicapskater.com/common/maps/20250509-20_46_23-Evening Inline Skate-14431702231.html,False,False,,No precipitation at activity weather observation,Daily precipitation unavailable,,,,,60.8,60.8,60.8,Activity-time point observation,51.8,72,10.5136005727,10.5136005727,14.7637795276,236,Activity-time point observation,13.3482959516,13.3482959516,Activity-time point observation,Cloud cover fraction 0.3,Strava weather condition code 1.0,2025-05-09T20:46:23-07:00,2025-05-09T23:48:53-07:00,True,1,,Unavailable in Strava export,,,,,,,Strava activity-time point weather observation,Activity-time Strava weather observation for 2025-05-09 20:46:23 - Evening Inline Skate: Strava weather condition code 1.0; temperature 60.8 F; wind 10.5136005727 mph; precipitation intensity 0 inches/hour. The upstream provider and station were not supplied by the export.,2025-05-09 20:46:23 - Evening Inline Skate,14431702231,2025-05-09T20:46:23-07:00,2025-05-09T23:48:53-07:00,Strava export activity weather fields,Unavailable in Strava export,Unavailable in Strava export,activity_time_point_observation,,2025-05-09T19:59:12-07:00,1.0,1.0,0
2025-05-10,20:20:08 - Night Inline Skate,https://handicapskater.com/common/maps/20250510-20_20_08-Night Inline Skate-14441994470.html,False,False,,No precipitation at activity weather observation,Daily precipitation unavailable,,,,,59.18,59.18,59.18,Activity-time point observation,46.94,64,12.0794559771,12.0794559771,20.8035075161,255,Activity-time point observation,16.6223007635,16.6223007635,Activity-time point observation,Cloud cover fraction 0.2,Strava weather condition code 1.0,2025-05-10T20:20:08-07:00,2025-05-10T22:32:42-07:00,True,1,,Unavailable in Strava export,,,,,,,Strava activity-time point weather observation,Activity-time Strava weather observation for 2025-05-10 20:20:08 - Night Inline Skate: Strava weather condition code 1.0; temperature 59.18 F; wind 12.0794559771 mph; precipitation intensity 0 inches/hour. The upstream provider and station were not supplied by the export.,2025-05-10 20:20:08 - Night Inline Skate,14441994470,2025-05-10T20:20:08-07:00,2025-05-10T22:32:42-07:00,Strava export activity weather fields,Unavailable in Strava export,Unavailable in Strava export,activity_time_point_observation,,2025-05-10T19:59:12-07:00,1.0,1.0,0
2025-05-16,20:48:40 - Night Inline Skate,https://handicapskater.com/common/maps/20250516-20_48_40-Night Inline Skate-14504533093.html,False,False,,No precipitation at activity weather observation,Daily precipitation unavailable,,,,,59.72,59.72,59.72,Activity-time point observation,50.72,72,6.93450250537,6.93450250537,17.6717967072,225,Activity-time point observation,13.6490396087,13.6490396087,Activity-time point observation,Cloud cover fraction 0.54,Strava weather condition code 2.0,2025-05-16T20:48:40-07:00,2025-05-16T23:48:08-07:00,True,1,,Unavailable in Strava export,,,,,,,Strava activity-time point weather observation,Activity-time Strava weather observation for 2025-05-16 20:48:40 - Night Inline Skate: Strava weather condition code 2.0; temperature 59.72 F; wind 6.93450250537 mph; precipitation intensity 0 inches/hour. The upstream provider and station were not supplied by the export.,2025-05-16 20:48:40 - Night Inline Skate,14504533093,2025-05-16T20:48:40-07:00,2025-05-16T23:48:08-07:00,Strava export activity weather fields,Unavailable in Strava export,Unavailable in Strava export,activity_time_point_observation,,2025-05-16T19:59:12-07:00,2.0,1.0,0
2025-05-17,20:31:42 - Night Inline Skate,https://handicapskater.com/common/maps/20250517-20_31_42-Night Inline Skate-14514626515.html,False,False,,No precipitation at activity weather observation,Daily precipitation unavailable,,,,,57.92,57.92,57.92,Activity-time point observation,48.2,70,10.2899069435,10.2899069435,19.2376521117,273,Activity-time point observation,15.1999821045,15.1999821045,Activity-time point observation,Cloud cover fraction 0.22,Strava weather condition code 1.0,2025-05-17T20:31:42-07:00,2025-05-17T22:52:09-07:00,True,1,,Unavailable in Strava export,,,,,,,Strava activity-time point weather observation,Activity-time Strava weather observation for 2025-05-17 20:31:42 - Night Inline Skate: Strava weather condition code 1.0; temperature 57.92 F; wind 10.2899069435 mph; precipitation intensity 0 inches/hour. The upstream provider and station were not supplied by the export.,2025-05-17 20:31:42 - Night Inline Skate,14514626515,2025-05-17T20:31:42-07:00,2025-05-17T22:52:09-07:00,Strava export activity weather fields,Unavailable in Strava export,Unavailable in Strava export,activity_time_point_observation,,2025-05-17T19:59:12-07:00,1.0,1.0,0
2025-05-23,20:40:18 - Night Inline Skate,https://handicapskater.com/common/maps/20250523-20_40_18-Night Inline Skate-14577009758.html,False,False,,No precipitation at activity weather observation,Daily precipitation unavailable,,,,,55.76,55.76,55.76,Activity-time point observation,49.1,78,10.9609878311,10.9609878311,21.9219756621,252,Activity-time point observation,12.0098624036,12.0098624036,Activity-time point observation,Cloud cover fraction 0.37,Strava weather condition code 1.0,2025-05-23T20:40:18-07:00,2025-05-23T22:01:17-07:00,True,1,,Unavailable in Strava export,,,,,,,Strava activity-time point weather observation,Activity-time Strava weather observation for 2025-05-23 20:40:18 - Night Inline Skate: Strava weather condition code 1.0; temperature 55.76 F; wind 10.9609878311 mph; precipitation intensity 0 inches/hour. The upstream provider and station were not supplied by the export.,2025-05-23 20:40:18 - Night Inline Skate,14577009758,2025-05-23T20:40:18-07:00,2025-05-23T22:01:17-07:00,Strava export activity weather fields,Unavailable in Strava export,Unavailable in Strava export,activity_time_point_observation,,2025-05-23T19:59:12-07:00,1.0,1.0,0
2025-05-24,20:36:59 - Night Inline Skate,https://handicapskater.com/common/maps/20250524-20_36_59-Night Inline Skate-14586208758.html,False,False,,No precipitation at activity weather observation,Daily precipitation unavailable,,,,,55.04,55.04,55.04,Activity-time point observation,49.28,81,14.9874731568,14.9874731568,29.0801717967,260,Activity-time point observation,11.2760230255,11.2760230255,Activity-time point observation,Cloud cover fraction 0.38,Strava weather condition code 8.0,2025-05-24T20:36:59-07:00,2025-05-24T22:45:01-07:00,True,1,,Unavailable in Strava export,,,,,,,Strava activity-time point weather observation,Activity-time Strava weather observation for 2025-05-24 20:36:59 - Night Inline Skate: Strava weather condition code 8.0; temperature 55.04 F; wind 14.9874731568 mph; precipitation intensity 0 inches/hour. The upstream provider and station were not supplied by the export.,2025-05-24 20:36:59 - Night Inline Skate,14586208758,2025-05-24T20:36:59-07:00,2025-05-24T22:45:01-07:00,Strava export activity weather fields,Unavailable in Strava export,Unavailable in Strava export,activity_time_point_observation,,2025-05-24T19:59:12-07:00,8.0,1.0,0
2025-05-30,20:47:17 - Night Inline Skate,https://handicapskater.com/common/maps/20250530-20_47_17-Night Inline Skate-14647755207.html,False,False,,No precipitation at activity weather observation,Daily precipitation unavailable,,,,,61.88,61.88,61.88,Activity-time point observation,55.22,79,12.0794559771,12.0794559771,18.1191839656,240,Activity-time point observation,11.3748210451,11.3748210451,Activity-time point observation,Cloud cover fraction 0.23,Strava weather condition code 1.0,2025-05-30T20:47:17-07:00,2025-05-30T23:46:38-07:00,True,1,,Unavailable in Strava export,,,,,,,Strava activity-time point weather observation,Activity-time Strava weather observation for 2025-05-30 20:47:17 - Night Inline Skate: Strava weather condition code 1.0; temperature 61.88 F; wind 12.0794559771 mph; precipitation intensity 0 inches/hour. The upstream provider and station were not supplied by the export.,2025-05-30 20:47:17 - Night Inline Skate,14647755207,2025-05-30T20:47:17-07:00,2025-05-30T23:46:38-07:00,Strava export activity weather fields,Unavailable in Strava export,Unavailable in Strava export,activity_time_point_observation,,2025-05-30T19:59:12-07:00,1.0,1.0,0
2025-05-31,20:29:14 - Night Inline Skate,https://handicapskater.com/common/maps/20250531-20_29_14-Night Inline Skate-14658166044.html,False,False,,No precipitation at activity weather observation,Daily precipitation unavailable,,,,,65.12,65.12,65.12,Activity-time point observation,53.06,65,8.94774516822,8.94774516822,16.7770221904,230,Activity-time point observation,15.3205281158,15.3205281158,Activity-time point observation,Cloud cover fraction 0.2,Strava weather condition code 1.0,2025-05-31T20:29:14-07:00,2025-05-31T22:47:58-07:00,True,1,,Unavailable in Strava export,,,,,,,Strava activity-time point weather observation,Activity-time Strava weather observation for 2025-05-31 20:29:14 - Night Inline Skate: Strava weather condition code 1.0; temperature 65.12 F; wind 8.94774516822 mph; precipitation intensity 0 inches/hour. The upstream provider and station were not supplied by the export.,2025-05-31 20:29:14 - Night Inline Skate,14658166044,2025-05-31T20:29:14-07:00,2025-05-31T22:47:58-07:00,Strava export activity weather fields,Unavailable in Strava export,Unavailable in Strava export,activity_time_point_observation,,2025-05-31T19:59:12-07:00,1.0,1.0,0
2025-06-06,20:48:09 - Night Inline Skate,https://handicapskater.com/common/maps/20250606-20_48_09-Night Inline Skate-14720129332.html,False,False,,No precipitation at activity weather observation,Daily precipitation unavailable,,,,,61.16,61.16,61.16,Activity-time point observation,54.68,79,11.4083750895,11.4083750895,20.8035075161,257,Activity-time point observation,10.6335252128,10.6335252128,Activity-time point observation,Cloud cover fraction 0.51,Strava weather condition code 2.0,2025-06-06T20:48:09-07:00,2025-06-06T23:48:02-07:00,True,1,,Unavailable in Strava export,,,,,,,Strava activity-time point weather observation,Activity-time Strava weather observation for 2025-06-06 20:48:09 - Night Inline Skate: Strava weather condition code 2.0; temperature 61.16 F; wind 11.4083750895 mph; precipitation intensity 0 inches/hour. The upstream provider and station were not supplied by the export.,2025-06-06 20:48:09 - Night Inline Skate,14720129332,2025-06-06T20:48:09-07:00,2025-06-06T23:48:02-07:00,Strava export activity weather fields,Unavailable in Strava export,Unavailable in Strava export,activity_time_point_observation,,2025-06-06T19:59:12-07:00,2.0,1.0,0
2025-06-07,20:34:58 - Night Inline Skate,https://handicapskater.com/common/maps/20250607-20_34_58-Night Inline Skate-14730219476.html,False,False,,No precipitation at activity weather observation,Daily precipitation unavailable,,,,,58.46,58.46,58.46,Activity-time point observation,52.88,82,13.4216177523,13.4216177523,24.1589119542,258,Activity-time point observation,6.31250994194,6.31250994194,Activity-time point observation,Cloud cover fraction 0.41,Strava weather condition code 2.0,2025-06-07T20:34:58-07:00,2025-06-07T23:53:22-07:00,True,1,,Unavailable in Strava export,,,,,,,Strava activity-time point weather observation,Activity-time Strava weather observation for 2025-06-07 20:34:58 - Night Inline Skate: Strava weather condition code 2.0; temperature 58.46 F; wind 13.4216177523 mph; precipitation intensity 0 inches/hour. The upstream provider and station were not supplied by the export.,2025-06-07 20:34:58 - Night Inline Skate,14730219476,2025-06-07T20:34:58-07:00,2025-06-07T23:53:22-07:00,Strava export activity weather fields,Unavailable in Strava export,Unavailable in Strava export,activity_time_point_observation,,2025-06-07T19:59:12-07:00,2.0,1.0,0
2025-06-13,20:47:12 - Night Inline Skate,https://handicapskater.com/common/maps/20250613-20_47_12-Night Inline Skate-14792822512.html,False,False,,No precipitation at activity weather observation,Daily precipitation unavailable,,,,,57.74,57.74,57.74,Activity-time point observation,49.82,75,13.6453113815,13.6453113815,24.3826055834,260,Activity-time point observation,12.6231557703,12.6231557703,Activity-time point observation,Cloud cover fraction 0.15,Strava weather condition code 1.0,2025-06-13T20:47:12-07:00,2025-06-13T23:45:13-07:00,True,1,,Unavailable in Strava export,,,,,,,Strava activity-time point weather observation,Activity-time Strava weather observation for 2025-06-13 20:47:12 - Night Inline Skate: Strava weather condition code 1.0; temperature 57.74 F; wind 13.6453113815 mph; precipitation intensity 0 inches/hour. The upstream provider and station were not supplied by the export.,2025-06-13 20:47:12 - Night Inline Skate,14792822512,2025-06-13T20:47:12-07:00,2025-06-13T23:45:13-07:00,Strava export activity weather fields,Unavailable in Strava export,Unavailable in Strava export,activity_time_point_observation,,2025-06-13T19:59:12-07:00,1.0,1.0,0
2025-06-14,20:39:38 - Night Inline Skate,https://handicapskater.com/common/maps/20250614-20_39_38-Night Inline Skate-14802946660.html,False,False,,No precipitation at activity weather observation,Daily precipitation unavailable,,,,,57.38,57.38,57.38,Activity-time point observation,49.46,75,10.2899069435,10.2899069435,23.2641374374,246,Activity-time point observation,12.4044331106,12.4044331106,Activity-time point observation,Cloud cover fraction 0.22,Strava weather condition code 1.0,2025-06-14T20:39:38-07:00,2025-06-14T22:52:35-07:00,True,1,,Unavailable in Strava export,,,,,,,Strava activity-time point weather observation,Activity-time Strava weather observation for 2025-06-14 20:39:38 - Night Inline Skate: Strava weather condition code 1.0; temperature 57.38 F; wind 10.2899069435 mph; precipitation intensity 0 inches/hour. The upstream provider and station were not supplied by the export.,2025-06-14 20:39:38 - Night Inline Skate,14802946660,2025-06-14T20:39:38-07:00,2025-06-14T22:52:35-07:00,Strava export activity weather fields,Unavailable in Strava export,Unavailable in Strava export,activity_time_point_observation,,2025-06-14T19:59:12-07:00,1.0,1.0,0
2025-06-20,20:48:55 - Night Inline Skate,https://handicapskater.com/common/maps/20250620-20_48_55-Night Inline Skate-14866377095.html,False,False,,No precipitation at activity weather observation,Daily precipitation unavailable,,,,,58.64,58.64,58.64,Activity-time point observation,47.66,67,14.0926986399,14.0926986399,22.5930565497,281,Activity-time point observation,16.009628768,16.009628768,Activity-time point observation,Cloud cover fraction 0.19,Strava weather condition code 1.0,2025-06-20T20:48:55-07:00,2025-06-20T23:46:32-07:00,True,1,,Unavailable in Strava export,,,,,,,Strava activity-time point weather observation,Activity-time Strava weather observation for 2025-06-20 20:48:55 - Night Inline Skate: Strava weather condition code 1.0; temperature 58.64 F; wind 14.0926986399 mph; precipitation intensity 0 inches/hour. The upstream provider and station were not supplied by the export.,2025-06-20 20:48:55 - Night Inline Skate,14866377095,2025-06-20T20:48:55-07:00,2025-06-20T23:46:32-07:00,Strava export activity weather fields,Unavailable in Strava export,Unavailable in Strava export,activity_time_point_observation,,2025-06-20T19:59:12-07:00,1.0,1.0,0
2025-06-21,20:12:23 - Night Inline Skate,https://handicapskater.com/common/maps/20250621-20_12_23-Night Inline Skate-14876593654.html,False,False,,No precipitation at activity weather observation,Daily precipitation unavailable,,,,,60.26,60.26,60.26,Activity-time point observation,48.92,66,9.61882605583,9.61882605583,15.211166786,263,Activity-time point observation,17.1722142687,17.1722142687,Activity-time point observation,Cloud cover fraction 0.19,Strava weather condition code 1.0,2025-06-21T20:12:23-07:00,2025-06-21T22:35:09-07:00,True,1,,Unavailable in Strava export,,,,,,,Strava activity-time point weather observation,Activity-time Strava weather observation for 2025-06-21 20:12:23 - Night Inline Skate: Strava weather condition code 1.0; temperature 60.26 F; wind 9.61882605583 mph; precipitation intensity 0 inches/hour. The upstream provider and station were not supplied by the export.,2025-06-21 20:12:23 - Night Inline Skate,14876593654,2025-06-21T20:12:23-07:00,2025-06-21T22:35:09-07:00,Strava export activity weather fields,Unavailable in Strava export,Unavailable in Strava export,activity_time_point_observation,,2025-06-21T19:59:12-07:00,1.0,1.0,0
2025-06-27,20:47:51 - Night Inline Skate,https://handicapskater.com/common/maps/20250627-20_47_51-Night Inline Skate-14938344254.html,False,False,,No precipitation at activity weather observation,Daily precipitation unavailable,,,,,61.88,61.88,61.88,Activity-time point observation,53.42,74,5.59234073014,5.59234073014,13.4216177523,215,Activity-time point observation,14.5102600811,14.5102600811,Activity-time point observation,Cloud cover fraction 0.26,Strava weather condition code 1.0,2025-06-27T20:47:51-07:00,2025-06-27T23:47:57-07:00,True,1,,Unavailable in Strava export,,,,,,,Strava activity-time point weather observation,Activity-time Strava weather observation for 2025-06-27 20:47:51 - Night Inline Skate: Strava weather condition code 1.0; temperature 61.88 F; wind 5.59234073014 mph; precipitation intensity 0 inches/hour. The upstream provider and station were not supplied by the export.,2025-06-27 20:47:51 - Night Inline Skate,14938344254,2025-06-27T20:47:51-07:00,2025-06-27T23:47:57-07:00,Strava export activity weather fields,Unavailable in Strava export,Unavailable in Strava export,activity_time_point_observation,,2025-06-27T19:59:12-07:00,1.0,1.0,0
2025-06-28,20:15:51 - Night Inline Skate,https://handicapskater.com/common/maps/20250628-20_15_51-Night Inline Skate-14948417966.html,False,False,,No precipitation at activity weather observation,Daily precipitation unavailable,,,,,59.72,59.72,59.72,Activity-time point observation,54.86,84,12.0794559771,12.0794559771,19.2376521117,248,Activity-time point observation,6.89411337787,6.89411337787,Activity-time point observation,Cloud cover fraction 0.26,Strava weather condition code 1.0,2025-06-28T20:15:51-07:00,2025-06-28T22:30:42-07:00,True,1,,Unavailable in Strava export,,,,,,,Strava activity-time point weather observation,Activity-time Strava weather observation for 2025-06-28 20:15:51 - Night Inline Skate: Strava weather condition code 1.0; temperature 59.72 F; wind 12.0794559771 mph; precipitation intensity 0 inches/hour. The upstream provider and station were not supplied by the export.,2025-06-28 20:15:51 - Night Inline Skate,14948417966,2025-06-28T20:15:51-07:00,2025-06-28T22:30:42-07:00,Strava export activity weather fields,Unavailable in Strava export,Unavailable in Strava export,activity_time_point_observation,,2025-06-28T19:59:12-07:00,1.0,1.0,0
2025-07-04,20:50:15 - Night Inline Skate,https://handicapskater.com/common/maps/20250704-20_50_15-Night Inline Skate-15011209621.html,False,False,,No precipitation at activity weather observation,Daily precipitation unavailable,,,,,59.18,59.18,59.18,Activity-time point observation,50.9,74,13.6453113815,13.6453113815,25.2773801002,266,Activity-time point observation,12.4920464487,12.4920464487,Activity-time point observation,Cloud cover fraction 0.14,Strava weather condition code 1.0,2025-07-04T20:50:15-07:00,2025-07-05T00:00:54-07:00,True,1,,Unavailable in Strava export,,,,,,,Strava activity-time point weather observation,Activity-time Strava weather observation for 2025-07-04 20:50:15 - Night Inline Skate: Strava weather condition code 1.0; temperature 59.18 F; wind 13.6453113815 mph; precipitation intensity 0 inches/hour. The upstream provider and station were not supplied by the export.,2025-07-04 20:50:15 - Night Inline Skate,15011209621,2025-07-04T20:50:15-07:00,2025-07-05T00:00:54-07:00,Strava export activity weather fields,Unavailable in Strava export,Unavailable in Strava export,activity_time_point_observation,,2025-07-04T19:59:12-07:00,1.0,1.0,0
2025-07-05,20:51:40 - Night Inline Skate,https://handicapskater.com/common/maps/20250705-20_51_40-Night Inline Skate-15021200686.html,False,False,,No precipitation at activity weather observation,Daily precipitation unavailable,,,,,59.54,59.54,59.54,Activity-time point observation,53.06,79,9.39513242663,9.39513242663,21.6982820329,242,Activity-time point observation,11.7575856995,11.7575856995,Activity-time point observation,Cloud cover fraction 0.42,Strava weather condition code 2.0,2025-07-05T20:51:40-07:00,2025-07-05T22:45:37-07:00,True,1,,Unavailable in Strava export,,,,,,,Strava activity-time point weather observation,Activity-time Strava weather observation for 2025-07-05 20:51:40 - Night Inline Skate: Strava weather condition code 2.0; temperature 59.54 F; wind 9.39513242663 mph; precipitation intensity 0 inches/hour. The upstream provider and station were not supplied by the export.,2025-07-05 20:51:40 - Night Inline Skate,15021200686,2025-07-05T20:51:40-07:00,2025-07-05T22:45:37-07:00,Strava export activity weather fields,Unavailable in Strava export,Unavailable in Strava export,activity_time_point_observation,,2025-07-05T19:59:12-07:00,2.0,1.0,0
2025-07-11,21:27:57 - Night Inline Skate,https://handicapskater.com/common/maps/20250711-21_27_57-Night Inline Skate-15085506857.html,False,False,,No precipitation at activity weather observation,Daily precipitation unavailable,,,,,58.64,58.64,58.64,Activity-time point observation,55.4,89,6.26342161775,6.26342161775,15.4348604152,237,Activity-time point observation,5.22945995387,5.22945995387,Activity-time point observation,Cloud cover fraction 0.65,Strava weather condition code 3.0,2025-07-11T21:27:57-07:00,2025-07-11T23:47:33-07:00,True,1,,Unavailable in Strava export,,,,,,,Strava activity-time point weather observation,Activity-time Strava weather observation for 2025-07-11 21:27:57 - Night Inline Skate: Strava weather condition code 3.0; temperature 58.64 F; wind 6.26342161775 mph; precipitation intensity 0 inches/hour. The upstream provider and station were not supplied by the export.,2025-07-11 21:27:57 - Night Inline Skate,15085506857,2025-07-11T21:27:57-07:00,2025-07-11T23:47:33-07:00,Strava export activity weather fields,Unavailable in Strava export,Unavailable in Strava export,activity_time_point_observation,,2025-07-11T21:01:04-07:00,3.0,1.0,0
2025-07-12,20:08:31 - Night Inline Skate,https://handicapskater.com/common/maps/20250712-20_08_31-Night Inline Skate-15095970199.html,False,False,,No precipitation at activity weather observation,Daily precipitation unavailable,,,,,57.74,57.74,57.74,Activity-time point observation,55.22,91,12.9742304939,12.9742304939,23.0404438082,248,Activity-time point observation,2.79119939553,2.79119939553,Activity-time point observation,Cloud cover fraction 0.36,Strava weather condition code 4.0,2025-07-12T20:08:31-07:00,2025-07-12T22:27:50-07:00,True,1,,Unavailable in Strava export,,,,,,,Strava activity-time point weather observation,Activity-time Strava weather observation for 2025-07-12 20:08:31 - Night Inline Skate: Strava weather condition code 4.0; temperature 57.74 F; wind 12.9742304939 mph; precipitation intensity 0 inches/hour. The upstream provider and station were not supplied by the export.,2025-07-12 20:08:31 - Night Inline Skate,15095970199,2025-07-12T20:08:31-07:00,2025-07-12T22:27:50-07:00,Strava export activity weather fields,Unavailable in Strava export,Unavailable in Strava export,activity_time_point_observation,,2025-07-12T19:59:12-07:00,4.0,1.0,0
2025-07-18,20:49:38 - Night Inline Skate,https://handicapskater.com/common/maps/20250718-20_49_38-Night Inline Skate-15161675876.html,False,False,,No precipitation at activity weather observation,Daily precipitation unavailable,,,,,58.28,58.28,58.28,Activity-time point observation,55.04,89,13.8690050107,13.8690050107,22.3693629205,264,Activity-time point observation,6.46226039927,6.46226039927,Activity-time point observation,Cloud cover fraction 0.39,Strava weather condition code 2.0,2025-07-18T20:49:38-07:00,2025-07-18T23:47:38-07:00,True,1,,Unavailable in Strava export,,,,,,,Strava activity-time point weather observation,Activity-time Strava weather observation for 2025-07-18 20:49:38 - Night Inline Skate: Strava weather condition code 2.0; temperature 58.28 F; wind 13.8690050107 mph; precipitation intensity 0 inches/hour. The upstream provider and station were not supplied by the export.,2025-07-18 20:49:38 - Night Inline Skate,15161675876,2025-07-18T20:49:38-07:00,2025-07-18T23:47:38-07:00,Strava export activity weather fields,Unavailable in Strava export,Unavailable in Strava export,activity_time_point_observation,,2025-07-18T19:59:12-07:00,2.0,1.0,0
2025-07-19,20:23:39 - Night Inline Skate,https://handicapskater.com/common/maps/20250719-20_23_39-Night Inline Skate-15172214617.html,False,False,,No precipitation at activity weather observation,Daily precipitation unavailable,,,,,58.46,58.46,58.46,Activity-time point observation,55.22,89,13.1979241231,13.1979241231,21.0272011453,248,Activity-time point observation,4.23588741748,4.23588741748,Activity-time point observation,Cloud cover fraction 0.35,Strava weather condition code 1.0,2025-07-19T20:23:39-07:00,2025-07-19T22:39:01-07:00,True,1,,Unavailable in Strava export,,,,,,,Strava activity-time point weather observation,Activity-time Strava weather observation for 2025-07-19 20:23:39 - Night Inline Skate: Strava weather condition code 1.0; temperature 58.46 F; wind 13.1979241231 mph; precipitation intensity 0 inches/hour. The upstream provider and station were not supplied by the export.,2025-07-19 20:23:39 - Night Inline Skate,15172214617,2025-07-19T20:23:39-07:00,2025-07-19T22:39:01-07:00,Strava export activity weather fields,Unavailable in Strava export,Unavailable in Strava export,activity_time_point_observation,,2025-07-19T19:59:12-07:00,1.0,1.0,0
2025-07-25,20:53:37 - Night Inline Skate,https://handicapskater.com/common/maps/20250725-20_53_37-Night Inline Skate-15238058200.html,False,False,,No precipitation at activity weather observation,Daily precipitation unavailable,,,,,58.82,58.82,58.82,Activity-time point observation,54.68,86,11.6320687187,11.6320687187,21.2508947745,260,Activity-time point observation,9.64181678995,9.64181678995,Activity-time point observation,Cloud cover fraction 0.87,Strava weather condition code 3.0,2025-07-25T20:53:37-07:00,2025-07-25T23:38:36-07:00,True,1,,Unavailable in Strava export,,,,,,,Strava activity-time point weather observation,Activity-time Strava weather observation for 2025-07-25 20:53:37 - Night Inline Skate: Strava weather condition code 3.0; temperature 58.82 F; wind 11.6320687187 mph; precipitation intensity 0 inches/hour. The upstream provider and station were not supplied by the export.,2025-07-25 20:53:37 - Night Inline Skate,15238058200,2025-07-25T20:53:37-07:00,2025-07-25T23:38:36-07:00,Strava export activity weather fields,Unavailable in Strava export,Unavailable in Strava export,activity_time_point_observation,,2025-07-25T19:59:12-07:00,3.0,1.0,0
2025-07-26,20:25:34 - Night Inline Skate,https://handicapskater.com/common/maps/20250726-20_25_34-Night Inline Skate-15248728330.html,False,False,,No precipitation at activity weather observation,Daily precipitation unavailable,,,,,58.82,58.82,58.82,Activity-time point observation,55.58,89,11.4083750895,11.4083750895,21.0272011453,260,Activity-time point observation,7.107865068,7.107865068,Activity-time point observation,Cloud cover fraction 0.89,Strava weather condition code 3.0,2025-07-26T20:25:34-07:00,2025-07-26T22:46:09-07:00,True,1,,Unavailable in Strava export,,,,,,,Strava activity-time point weather observation,Activity-time Strava weather observation for 2025-07-26 20:25:34 - Night Inline Skate: Strava weather condition code 3.0; temperature 58.82 F; wind 11.4083750895 mph; precipitation intensity 0 inches/hour. The upstream provider and station were not supplied by the export.,2025-07-26 20:25:34 - Night Inline Skate,15248728330,2025-07-26T20:25:34-07:00,2025-07-26T22:46:09-07:00,Strava export activity weather fields,Unavailable in Strava export,Unavailable in Strava export,activity_time_point_observation,,2025-07-26T19:59:12-07:00,3.0,1.0,0
2025-08-01,20:47:16 - Night Inline Skate,https://handicapskater.com/common/maps/20250801-20_47_16-Night Inline Skate-15315098338.html,False,False,,No precipitation at activity weather observation,Daily precipitation unavailable,,,,,61.7,61.7,61.7,Activity-time point observation,56.12,82,11.8557623479,11.8557623479,21.6982820329,248,Activity-time point observation,6.41814304462,6.41814304462,Activity-time point observation,Cloud cover fraction 0.47,Strava weather condition code 2.0,2025-08-01T20:47:16-07:00,2025-08-01T23:45:09-07:00,True,1,,Unavailable in Strava export,,,,,,,Strava activity-time point weather observation,Activity-time Strava weather observation for 2025-08-01 20:47:16 - Night Inline Skate: Strava weather condition code 2.0; temperature 61.7 F; wind 11.8557623479 mph; precipitation intensity 0 inches/hour. The upstream provider and station were not supplied by the export.,2025-08-01 20:47:16 - Night Inline Skate,15315098338,2025-08-01T20:47:16-07:00,2025-08-01T23:45:09-07:00,Strava export activity weather fields,Unavailable in Strava export,Unavailable in Strava export,activity_time_point_observation,,2025-08-01T19:59:12-07:00,2.0,1.0,0
2025-08-02,20:27:25 - Night Inline Skate,https://handicapskater.com/common/maps/20250802-20_27_25-Night Inline Skate-15326000112.html,False,False,,No precipitation at activity weather observation,Daily precipitation unavailable,,,,,60.26,60.26,60.26,Activity-time point observation,56.12,86,8.50035790981,8.50035790981,19.2376521117,216,Activity-time point observation,11.8576264615,11.8576264615,Activity-time point observation,Cloud cover fraction 0.37,Strava weather condition code 1.0,2025-08-02T20:27:25-07:00,2025-08-02T22:45:03-07:00,True,1,,Unavailable in Strava export,,,,,,,Strava activity-time point weather observation,Activity-time Strava weather observation for 2025-08-02 20:27:25 - Night Inline Skate: Strava weather condition code 1.0; temperature 60.26 F; wind 8.50035790981 mph; precipitation intensity 0 inches/hour. The upstream provider and station were not supplied by the export.,2025-08-02 20:27:25 - Night Inline Skate,15326000112,2025-08-02T20:27:25-07:00,2025-08-02T22:45:03-07:00,Strava export activity weather fields,Unavailable in Strava export,Unavailable in Strava export,activity_time_point_observation,,2025-08-02T19:59:12-07:00,1.0,1.0,0
2025-08-08,20:47:16 - Night Inline Skate,https://handicapskater.com/common/maps/20250808-20_47_16-Night Inline Skate-15394846246.html,False,False,,No precipitation at activity weather observation,Daily precipitation unavailable,,,,,60.98,60.98,60.98,Activity-time point observation,56.48,85,4.2501789549,4.2501789549,15.211166786,263,Activity-time point observation,10.1072238129,10.1072238129,Activity-time point observation,Cloud cover fraction 0.37,Strava weather condition code 1.0,2025-08-08T20:47:16-07:00,2025-08-08T23:53:24-07:00,True,1,,Unavailable in Strava export,,,,,,,Strava activity-time point weather observation,Activity-time Strava weather observation for 2025-08-08 20:47:16 - Night Inline Skate: Strava weather condition code 1.0; temperature 60.98 F; wind 4.2501789549 mph; precipitation intensity 0 inches/hour. The upstream provider and station were not supplied by the export.,2025-08-08 20:47:16 - Night Inline Skate,15394846246,2025-08-08T20:47:16-07:00,2025-08-08T23:53:24-07:00,Strava export activity weather fields,Unavailable in Strava export,Unavailable in Strava export,activity_time_point_observation,,2025-08-08T19:59:12-07:00,1.0,1.0,0
2025-08-09,20:22:21 - Night Inline Skate,https://handicapskater.com/common/maps/20250809-20_22_21-Night Inline Skate-15405932001.html,False,False,,No precipitation at activity weather observation,Daily precipitation unavailable,,,,,59,59,59,Activity-time point observation,55.58,88,13.1979241231,13.1979241231,21.6982820329,249,Activity-time point observation,6.65612821125,6.65612821125,Activity-time point observation,Cloud cover fraction 0.49,Strava weather condition code 2.0,2025-08-09T20:22:21-07:00,2025-08-09T22:40:39-07:00,True,1,,Unavailable in Strava export,,,,,,,Strava activity-time point weather observation,Activity-time Strava weather observation for 2025-08-09 20:22:21 - Night Inline Skate: Strava weather condition code 2.0; temperature 59 F; wind 13.1979241231 mph; precipitation intensity 0 inches/hour. The upstream provider and station were not supplied by the export.,2025-08-09 20:22:21 - Night Inline Skate,15405932001,2025-08-09T20:22:21-07:00,2025-08-09T22:40:39-07:00,Strava export activity weather fields,Unavailable in Strava export,Unavailable in Strava export,activity_time_point_observation,,2025-08-09T19:59:12-07:00,2.0,1.0,0
2025-08-15,21:06:54 - Night Inline Skate,https://handicapskater.com/common/maps/20250815-21_06_54-Night Inline Skate-15474313795.html,False,False,,No precipitation at activity weather observation,Daily precipitation unavailable,,,,,62.24,62.24,62.24,Activity-time point observation,58.64,88,13.4216177523,13.4216177523,28.6327845383,263,Activity-time point observation,11.5028235107,11.5028235107,Activity-time point observation,Cloud cover fraction 0.23,Strava weather condition code 1.0,2025-08-15T21:06:54-07:00,2025-08-15T23:47:49-07:00,True,1,,Unavailable in Strava export,,,,,,,Strava activity-time point weather observation,Activity-time Strava weather observation for 2025-08-15 21:06:54 - Night Inline Skate: Strava weather condition code 1.0; temperature 62.24 F; wind 13.4216177523 mph; precipitation intensity 0 inches/hour. The upstream provider and station were not supplied by the export.,2025-08-15 21:06:54 - Night Inline Skate,15474313795,2025-08-15T21:06:54-07:00,2025-08-15T23:47:49-07:00,Strava export activity weather fields,Unavailable in Strava export,Unavailable in Strava export,activity_time_point_observation,,2025-08-15T20:58:56-07:00,1.0,1.0,0
2025-08-16,20:25:15 - Night Inline Skate,https://handicapskater.com/common/maps/20250816-20_25_15-Night Inline Skate-15485134969.html,False,False,,No precipitation at activity weather observation,Daily precipitation unavailable,,,,,64.04,64.04,64.04,Activity-time point observation,59.36,85,11.4083750895,11.4083750895,26.6195418754,251,Activity-time point observation,9.6051558896,9.6051558896,Activity-time point observation,Cloud cover fraction 0.4,Strava weather condition code 2.0,2025-08-16T20:25:15-07:00,2025-08-16T22:37:21-07:00,True,1,,Unavailable in Strava export,,,,,,,Strava activity-time point weather observation,Activity-time Strava weather observation for 2025-08-16 20:25:15 - Night Inline Skate: Strava weather condition code 2.0; temperature 64.04 F; wind 11.4083750895 mph; precipitation intensity 0 inches/hour. The upstream provider and station were not supplied by the export.,2025-08-16 20:25:15 - Night Inline Skate,15485134969,2025-08-16T20:25:15-07:00,2025-08-16T22:37:21-07:00,Strava export activity weather fields,Unavailable in Strava export,Unavailable in Strava export,activity_time_point_observation,,2025-08-16T19:59:12-07:00,2.0,1.0,0
2025-08-22,20:48:54 - Night Inline Skate,https://handicapskater.com/common/maps/20250822-20_48_54-Night Inline Skate-15553831880.html,False,False,,No precipitation at activity weather observation,Daily precipitation unavailable,,,,,59.9,59.9,59.9,Activity-time point observation,56.48,89,12.0794559771,12.0794559771,21.2508947745,242,Activity-time point observation,4.3464914897,4.3464914897,Activity-time point observation,Cloud cover fraction 0.79,Strava weather condition code 3.0,2025-08-22T20:48:54-07:00,2025-08-22T23:47:22-07:00,True,1,,Unavailable in Strava export,,,,,,,Strava activity-time point weather observation,Activity-time Strava weather observation for 2025-08-22 20:48:54 - Night Inline Skate: Strava weather condition code 3.0; temperature 59.9 F; wind 12.0794559771 mph; precipitation intensity 0 inches/hour. The upstream provider and station were not supplied by the export.,2025-08-22 20:48:54 - Night Inline Skate,15553831880,2025-08-22T20:48:54-07:00,2025-08-22T23:47:22-07:00,Strava export activity weather fields,Unavailable in Strava export,Unavailable in Strava export,activity_time_point_observation,,2025-08-22T19:59:12-07:00,3.0,1.0,0
2025-08-23,20:23:35 - Night Inline Skate,https://handicapskater.com/common/maps/20250823-20_23_35-Night Inline Skate-15565070319.html,False,False,,No precipitation at activity weather observation,Daily precipitation unavailable,,,,,59.54,59.54,59.54,Activity-time point observation,57.2,92,9.17143879742,9.17143879742,16.7770221904,243,Activity-time point observation,5.8750646226,5.8750646226,Activity-time point observation,Cloud cover fraction 0.74,Strava weather condition code 3.0,2025-08-23T20:23:35-07:00,2025-08-23T22:41:42-07:00,True,1,,Unavailable in Strava export,,,,,,,Strava activity-time point weather observation,Activity-time Strava weather observation for 2025-08-23 20:23:35 - Night Inline Skate: Strava weather condition code 3.0; temperature 59.54 F; wind 9.17143879742 mph; precipitation intensity 0 inches/hour. The upstream provider and station were not supplied by the export.,2025-08-23 20:23:35 - Night Inline Skate,15565070319,2025-08-23T20:23:35-07:00,2025-08-23T22:41:42-07:00,Strava export activity weather fields,Unavailable in Strava export,Unavailable in Strava export,activity_time_point_observation,,2025-08-23T19:59:12-07:00,3.0,1.0,0
2025-08-29,20:49:16 - Night Inline Skate,https://handicapskater.com/common/maps/20250829-20_49_16-Night Inline Skate-15633129787.html,False,False,,No precipitation at activity weather observation,Daily precipitation unavailable,,,,,61.88,61.88,61.88,Activity-time point observation,56.3,82,11.8557623479,11.8557623479,18.5665712241,254,Activity-time point observation,11.2281774437,11.2281774437,Activity-time point observation,Cloud cover fraction 0.06,Strava weather condition code 1.0,2025-08-29T20:49:16-07:00,2025-08-29T23:48:13-07:00,True,1,,Unavailable in Strava export,,,,,,,Strava activity-time point weather observation,Activity-time Strava weather observation for 2025-08-29 20:49:16 - Night Inline Skate: Strava weather condition code 1.0; temperature 61.88 F; wind 11.8557623479 mph; precipitation intensity 0 inches/hour. The upstream provider and station were not supplied by the export.,2025-08-29 20:49:16 - Night Inline Skate,15633129787,2025-08-29T20:49:16-07:00,2025-08-29T23:48:13-07:00,Strava export activity weather fields,Unavailable in Strava export,Unavailable in Strava export,activity_time_point_observation,,2025-08-29T19:59:12-07:00,1.0,1.0,0
2025-08-30,20:21:15 - Night Inline Skate,https://handicapskater.com/common/maps/20250830-20_21_15-Night Inline Skate-15643973065.html,False,False,,No precipitation at activity weather observation,Daily precipitation unavailable,,,,,69.98,69.98,69.98,Activity-time point observation,53.6,56,10.9609878311,10.9609878311,15.8822476736,249,Activity-time point observation,23.5456185874,23.5456185874,Activity-time point observation,Cloud cover fraction 0.0,Strava weather condition code 1.0,2025-08-30T20:21:15-07:00,2025-08-30T22:27:17-07:00,True,1,,Unavailable in Strava export,,,,,,,Strava activity-time point weather observation,Activity-time Strava weather observation for 2025-08-30 20:21:15 - Night Inline Skate: Strava weather condition code 1.0; temperature 69.98 F; wind 10.9609878311 mph; precipitation intensity 0 inches/hour. The upstream provider and station were not supplied by the export.,2025-08-30 20:21:15 - Night Inline Skate,15643973065,2025-08-30T20:21:15-07:00,2025-08-30T22:27:17-07:00,Strava export activity weather fields,Unavailable in Strava export,Unavailable in Strava export,activity_time_point_observation,,2025-08-30T19:59:12-07:00,1.0,1.0,0
2025-09-05,20:46:07 - Night Inline Skate,https://handicapskater.com/common/maps/20250905-20_46_07-Night Inline Skate-15712699146.html,False,False,,No precipitation at activity weather observation,Daily precipitation unavailable,,,,,62.42,62.42,62.42,Activity-time point observation,58.46,87,12.0794559771,12.0794559771,23.4878310666,261,Activity-time point observation,10.456434423,10.456434423,Activity-time point observation,Cloud cover fraction 0.26,Strava weather condition code 1.0,2025-09-05T20:46:07-07:00,2025-09-05T23:47:40-07:00,True,1,,Unavailable in Strava export,,,,,,,Strava activity-time point weather observation,Activity-time Strava weather observation for 2025-09-05 20:46:07 - Night Inline Skate: Strava weather condition code 1.0; temperature 62.42 F; wind 12.0794559771 mph; precipitation intensity 0 inches/hour. The upstream provider and station were not supplied by the export.,2025-09-05 20:46:07 - Night Inline Skate,15712699146,2025-09-05T20:46:07-07:00,2025-09-05T23:47:40-07:00,Strava export activity weather fields,Unavailable in Strava export,Unavailable in Strava export,activity_time_point_observation,,2025-09-05T20:00:00-07:00,1.0,1.0,0
2025-09-06,20:31:06 - Night Inline Skate,https://handicapskater.com/common/maps/20250906-20_31_06-Night Inline Skate-15724239039.html,False,False,,No precipitation at activity weather observation,Daily precipitation unavailable,,,,,62.96,62.96,62.96,Activity-time point observation,58.64,86,6.93450250537,6.93450250537,16.329634932,252,Activity-time point observation,10.5297562237,10.5297562237,Activity-time point observation,Cloud cover fraction 0.28,Strava weather condition code 1.0,2025-09-06T20:31:06-07:00,2025-09-06T23:09:11-07:00,True,1,,Unavailable in Strava export,,,,,,,Strava activity-time point weather observation,Activity-time Strava weather observation for 2025-09-06 20:31:06 - Night Inline Skate: Strava weather condition code 1.0; temperature 62.96 F; wind 6.93450250537 mph; precipitation intensity 0 inches/hour. The upstream provider and station were not supplied by the export.,2025-09-06 20:31:06 - Night Inline Skate,15724239039,2025-09-06T20:31:06-07:00,2025-09-06T23:09:11-07:00,Strava export activity weather fields,Unavailable in Strava export,Unavailable in Strava export,activity_time_point_observation,,2025-09-06T20:00:00-07:00,1.0,1.0,0
2025-09-12,20:47:25 - Night Inline Skate,https://handicapskater.com/common/maps/20250912-20_47_25-Night Inline Skate-15792939267.html,False,False,,No precipitation at activity weather observation,Daily precipitation unavailable,,,,,63.14,63.14,63.14,Activity-time point observation,57.56,82,9.17143879742,9.17143879742,21.2508947745,245,Activity-time point observation,11.9234918078,11.9234918078,Activity-time point observation,Cloud cover fraction 0.2,Strava weather condition code 1.0,2025-09-12T20:47:25-07:00,2025-09-12T23:47:45-07:00,True,1,,Unavailable in Strava export,,,,,,,Strava activity-time point weather observation,Activity-time Strava weather observation for 2025-09-12 20:47:25 - Night Inline Skate: Strava weather condition code 1.0; temperature 63.14 F; wind 9.17143879742 mph; precipitation intensity 0 inches/hour. The upstream provider and station were not supplied by the export.,2025-09-12 20:47:25 - Night Inline Skate,15792939267,2025-09-12T20:47:25-07:00,2025-09-12T23:47:45-07:00,Strava export activity weather fields,Unavailable in Strava export,Unavailable in Strava export,activity_time_point_observation,,2025-09-12T20:00:00-07:00,1.0,1.0,0
2025-09-13,20:10:02 - Night Inline Skate,https://handicapskater.com/common/maps/20250913-20_10_02-Night Inline Skate-15804048711.html,False,False,,No precipitation at activity weather observation,Daily precipitation unavailable,,,,,62.78,62.78,62.78,Activity-time point observation,58.1,85,11.6320687187,11.6320687187,21.4745884037,255,Activity-time point observation,11.5022021395,11.5022021395,Activity-time point observation,Cloud cover fraction 0.17,Strava weather condition code 1.0,2025-09-13T20:10:02-07:00,2025-09-13T22:28:32-07:00,True,1,,Unavailable in Strava export,,,,,,,Strava activity-time point weather observation,Activity-time Strava weather observation for 2025-09-13 20:10:02 - Night Inline Skate: Strava weather condition code 1.0; temperature 62.78 F; wind 11.6320687187 mph; precipitation intensity 0 inches/hour. The upstream provider and station were not supplied by the export.,2025-09-13 20:10:02 - Night Inline Skate,15804048711,2025-09-13T20:10:02-07:00,2025-09-13T22:28:32-07:00,Strava export activity weather fields,Unavailable in Strava export,Unavailable in Strava export,activity_time_point_observation,,2025-09-13T20:00:00-07:00,1.0,1.0,0
2025-09-19,20:58:51 - Night Inline Skate,https://handicapskater.com/common/maps/20250919-20_58_51-Night Inline Skate-15872001598.html,False,False,,No precipitation at activity weather observation,Daily precipitation unavailable,,,,,64.4,64.4,64.4,Activity-time point observation,59.54,84,7.60558339298,7.60558339298,15.4348604152,252,Activity-time point observation,9.95995884037,9.95995884037,Activity-time point observation,Cloud cover fraction 0.21,Strava weather condition code 1.0,2025-09-19T20:58:51-07:00,2025-09-19T23:48:21-07:00,True,1,,Unavailable in Strava export,,,,,,,Strava activity-time point weather observation,Activity-time Strava weather observation for 2025-09-19 20:58:51 - Night Inline Skate: Strava weather condition code 1.0; temperature 64.4 F; wind 7.60558339298 mph; precipitation intensity 0 inches/hour. The upstream provider and station were not supplied by the export.,2025-09-19 20:58:51 - Night Inline Skate,15872001598,2025-09-19T20:58:51-07:00,2025-09-19T23:48:21-07:00,Strava export activity weather fields,Unavailable in Strava export,Unavailable in Strava export,activity_time_point_observation,,2025-09-19T20:00:00-07:00,1.0,5.0,0
2025-09-20,20:58:04 - Night Inline Skate,https://handicapskater.com/common/maps/20250920-20_58_04-Night Inline Skate-15883355760.html,False,False,,No precipitation at activity weather observation,Daily precipitation unavailable,,,,,63.68,63.68,63.68,Activity-time point observation,60.26,89,11.4083750895,11.4083750895,18.7902648533,266,Activity-time point observation,7.28122763064,7.28122763064,Activity-time point observation,Cloud cover fraction 0.38,Strava weather condition code 2.0,2025-09-20T20:58:04-07:00,2025-09-20T22:46:55-07:00,True,1,,Unavailable in Strava export,,,,,,,Strava activity-time point weather observation,Activity-time Strava weather observation for 2025-09-20 20:58:04 - Night Inline Skate: Strava weather condition code 2.0; temperature 63.68 F; wind 11.4083750895 mph; precipitation intensity 0 inches/hour. The upstream provider and station were not supplied by the export.,2025-09-20 20:58:04 - Night Inline Skate,15883355760,2025-09-20T20:58:04-07:00,2025-09-20T22:46:55-07:00,Strava export activity weather fields,Unavailable in Strava export,Unavailable in Strava export,activity_time_point_observation,,2025-09-20T20:00:00-07:00,2.0,1.0,0
2025-09-26,20:56:34 - Night Inline Skate,https://handicapskater.com/common/maps/20250926-20_56_34-Night Inline Skate-15949064864.html,False,False,,No precipitation at activity weather observation,Daily precipitation unavailable,,,,,62.42,62.42,62.42,Activity-time point observation,55.58,78,6.26342161775,6.26342161775,14.9874731568,209,Activity-time point observation,14.0995337231,14.0995337231,Activity-time point observation,Cloud cover fraction 0.03,Strava weather condition code 1.0,2025-09-26T20:56:34-07:00,2025-09-26T23:46:59-07:00,True,1,,Unavailable in Strava export,,,,,,,Strava activity-time point weather observation,Activity-time Strava weather observation for 2025-09-26 20:56:34 - Night Inline Skate: Strava weather condition code 1.0; temperature 62.42 F; wind 6.26342161775 mph; precipitation intensity 0 inches/hour. The upstream provider and station were not supplied by the export.,2025-09-26 20:56:34 - Night Inline Skate,15949064864,2025-09-26T20:56:34-07:00,2025-09-26T23:46:59-07:00,Strava export activity weather fields,Unavailable in Strava export,Unavailable in Strava export,activity_time_point_observation,,2025-09-26T20:00:00-07:00,1.0,1.0,0
2025-09-27,20:24:41 - Night Inline Skate,https://handicapskater.com/common/maps/20250927-20_24_41-Night Inline Skate-15960053677.html,False,False,,No precipitation at activity weather observation,Daily precipitation unavailable,,,,,62.24,62.24,62.24,Activity-time point observation,58.1,86,10.2899069435,10.2899069435,18.1191839656,233,Activity-time point observation,11.1592052414,11.1592052414,Activity-time point observation,Cloud cover fraction 0.49,Strava weather condition code 2.0,2025-09-27T20:24:41-07:00,2025-09-27T22:40:12-07:00,True,1,,Unavailable in Strava export,,,,,,,Strava activity-time point weather observation,Activity-time Strava weather observation for 2025-09-27 20:24:41 - Night Inline Skate: Strava weather condition code 2.0; temperature 62.24 F; wind 10.2899069435 mph; precipitation intensity 0 inches/hour. The upstream provider and station were not supplied by the export.,2025-09-27 20:24:41 - Night Inline Skate,15960053677,2025-09-27T20:24:41-07:00,2025-09-27T22:40:12-07:00,Strava export activity weather fields,Unavailable in Strava export,Unavailable in Strava export,activity_time_point_observation,,2025-09-27T20:00:00-07:00,2.0,1.0,0
2025-10-03,20:48:30 - Night Inline Skate,https://handicapskater.com/common/maps/20251003-20_48_30-Night Inline Skate-16026604908.html,False,False,,No precipitation at activity weather observation,Daily precipitation unavailable,,,,,60.98,60.98,60.98,Activity-time point observation,56.12,84,8.0529706514,8.0529706514,14.5400858984,271,Activity-time point observation,13.1555466078,13.1555466078,Activity-time point observation,Cloud cover fraction 0.01,Strava weather condition code 1.0,2025-10-03T20:48:30-07:00,2025-10-03T22:36:22-07:00,True,1,,Unavailable in Strava export,,,,,,,Strava activity-time point weather observation,Activity-time Strava weather observation for 2025-10-03 20:48:30 - Night Inline Skate: Strava weather condition code 1.0; temperature 60.98 F; wind 8.0529706514 mph; precipitation intensity 0 inches/hour. The upstream provider and station were not supplied by the export.,2025-10-03 20:48:30 - Night Inline Skate,16026604908,2025-10-03T20:48:30-07:00,2025-10-03T22:36:22-07:00,Strava export activity weather fields,Unavailable in Strava export,Unavailable in Strava export,activity_time_point_observation,,2025-10-03T20:02:49-07:00,1.0,5.0,0
2025-10-04,21:19:57 - Night Inline Skate,https://handicapskater.com/common/maps/20251004-21_19_57-Night Inline Skate-16037240797.html,False,False,,No precipitation at activity weather observation,Daily precipitation unavailable,,,,,59.9,59.9,59.9,Activity-time point observation,55.76,86,7.82927702219,7.82927702219,13.8690050107,248,Activity-time point observation,12.1577487473,12.1577487473,Activity-time point observation,Cloud cover fraction 0.08,Strava weather condition code 1.0,2025-10-04T21:19:57-07:00,2025-10-04T23:53:09-07:00,True,1,,Unavailable in Strava export,,,,,,,Strava activity-time point weather observation,Activity-time Strava weather observation for 2025-10-04 21:19:57 - Night Inline Skate: Strava weather condition code 1.0; temperature 59.9 F; wind 7.82927702219 mph; precipitation intensity 0 inches/hour. The upstream provider and station were not supplied by the export.,2025-10-04 21:19:57 - Night Inline Skate,16037240797,2025-10-04T21:19:57-07:00,2025-10-04T23:53:09-07:00,Strava export activity weather fields,Unavailable in Strava export,Unavailable in Strava export,activity_time_point_observation,,2025-10-04T21:00:00-07:00,1.0,1.0,0
2025-10-10,20:47:23 - Night Inline Skate,https://handicapskater.com/common/maps/20251010-20_47_23-Night Inline Skate-16101948471.html,False,False,,No precipitation at activity weather observation,Daily precipitation unavailable,,,,,63.14,63.14,63.14,Activity-time point observation,56.48,79,7.60558339298,7.60558339298,17.448103078,234,Activity-time point observation,12.1801181102,12.1801181102,Activity-time point observation,Cloud cover fraction 0.23,Strava weather condition code 1.0,2025-10-10T20:47:23-07:00,2025-10-10T23:50:43-07:00,True,1,,Unavailable in Strava export,,,,,,,Strava activity-time point weather observation,Activity-time Strava weather observation for 2025-10-10 20:47:23 - Night Inline Skate: Strava weather condition code 1.0; temperature 63.14 F; wind 7.60558339298 mph; precipitation intensity 0 inches/hour. The upstream provider and station were not supplied by the export.,2025-10-10 20:47:23 - Night Inline Skate,16101948471,2025-10-10T20:47:23-07:00,2025-10-10T23:50:43-07:00,Strava export activity weather fields,Unavailable in Strava export,Unavailable in Strava export,activity_time_point_observation,,2025-10-10T20:00:00-07:00,1.0,5.0,0
2025-10-11,20:23:47 - Night Inline Skate,https://handicapskater.com/common/maps/20251011-20_23_47-Night Inline Skate-16112472453.html,False,False,,No precipitation at activity weather observation,Daily precipitation unavailable,,,,,62.78,62.78,62.78,Activity-time point observation,51.26,66,8.50035790981,8.50035790981,18.5665712241,296,Activity-time point observation,16.455773284,16.455773284,Activity-time point observation,Cloud cover fraction 0.0,Strava weather condition code 1.0,2025-10-11T20:23:47-07:00,2025-10-11T22:30:12-07:00,True,1,,Unavailable in Strava export,,,,,,,Strava activity-time point weather observation,Activity-time Strava weather observation for 2025-10-11 20:23:47 - Night Inline Skate: Strava weather condition code 1.0; temperature 62.78 F; wind 8.50035790981 mph; precipitation intensity 0 inches/hour. The upstream provider and station were not supplied by the export.,2025-10-11 20:23:47 - Night Inline Skate,16112472453,2025-10-11T20:23:47-07:00,2025-10-11T22:30:12-07:00,Strava export activity weather fields,Unavailable in Strava export,Unavailable in Strava export,activity_time_point_observation,,2025-10-11T20:00:00-07:00,1.0,1.0,0
2025-10-24,20:52:19 - Night Inline Skate,https://handicapskater.com/common/maps/20251024-20_52_19-Night Inline Skate-16247800886.html,False,False,,No precipitation at activity weather observation,Daily precipitation unavailable,,,,,59.9,59.9,59.9,Activity-time point observation,55.76,86,9.17143879742,9.17143879742,16.7770221904,264,Activity-time point observation,10.6919341048,10.6919341048,Activity-time point observation,Cloud cover fraction 0.45,Strava weather condition code 2.0,2025-10-24T20:52:19-07:00,2025-10-24T23:51:29-07:00,True,1,,Unavailable in Strava export,,,,,,,Strava activity-time point weather observation,Activity-time Strava weather observation for 2025-10-24 20:52:19 - Night Inline Skate: Strava weather condition code 2.0; temperature 59.9 F; wind 9.17143879742 mph; precipitation intensity 0 inches/hour. The upstream provider and station were not supplied by the export.,2025-10-24 20:52:19 - Night Inline Skate,16247800886,2025-10-24T20:52:19-07:00,2025-10-24T23:51:29-07:00,Strava export activity weather fields,Unavailable in Strava export,Unavailable in Strava export,activity_time_point_observation,,2025-10-24T20:00:00-07:00,2.0,5.0,0
2025-10-25,20:32:46 - Night Inline Skate,https://handicapskater.com/common/maps/20251025-20_32_46-Night Inline Skate-16257685380.html,False,False,,No precipitation at activity weather observation,Daily precipitation unavailable,,,,,59.36,59.36,59.36,Activity-time point observation,56.12,89,4.69756621331,4.69756621331,9.17143879742,245,Activity-time point observation,8.56125228665,8.56125228665,Activity-time point observation,Cloud cover fraction 0.94,Strava weather condition code 3.0,2025-10-25T20:32:46-07:00,2025-10-25T22:47:48-07:00,True,1,,Unavailable in Strava export,,,,,,,Strava activity-time point weather observation,Activity-time Strava weather observation for 2025-10-25 20:32:46 - Night Inline Skate: Strava weather condition code 3.0; temperature 59.36 F; wind 4.69756621331 mph; precipitation intensity 0 inches/hour. The upstream provider and station were not supplied by the export.,2025-10-25 20:32:46 - Night Inline Skate,16257685380,2025-10-25T20:32:46-07:00,2025-10-25T22:47:48-07:00,Strava export activity weather fields,Unavailable in Strava export,Unavailable in Strava export,activity_time_point_observation,,2025-10-25T20:00:00-07:00,3.0,5.0,0
2025-10-31,20:52:07 - Night Inline Skate,https://handicapskater.com/common/maps/20251031-20_52_07-Night Inline Skate-16317691418.html,False,False,,No precipitation at activity weather observation,Daily precipitation unavailable,,,,,58.46,58.46,58.46,Activity-time point observation,54.86,88,6.26342161775,6.26342161775,10.7372942019,234,Activity-time point observation,11.9216276943,11.9216276943,Activity-time point observation,Cloud cover fraction 0.32,Strava weather condition code 1.0,2025-10-31T20:52:07-07:00,2025-10-31T23:42:39-07:00,True,1,,Unavailable in Strava export,,,,,,,Strava activity-time point weather observation,Activity-time Strava weather observation for 2025-10-31 20:52:07 - Night Inline Skate: Strava weather condition code 1.0; temperature 58.46 F; wind 6.26342161775 mph; precipitation intensity 0 inches/hour. The upstream provider and station were not supplied by the export.,2025-10-31 20:52:07 - Night Inline Skate,16317691418,2025-10-31T20:52:07-07:00,2025-10-31T23:42:39-07:00,Strava export activity weather fields,Unavailable in Strava export,Unavailable in Strava export,activity_time_point_observation,,2025-10-31T20:00:00-07:00,1.0,5.0,0
2025-11-01,20:32:39 - Night Inline Skate,https://handicapskater.com/common/maps/20251101-20_32_39-Night Inline Skate-16327660130.html,False,False,,No precipitation at activity weather observation,Daily precipitation unavailable,,,,,61.34,61.34,61.34,Activity-time point observation,56.48,84,4.0264853257,4.0264853257,7.60558339298,255,Activity-time point observation,11.9570458522,11.9570458522,Activity-time point observation,Cloud cover fraction 0.06,Strava weather condition code 1.0,2025-11-01T20:32:39-07:00,2025-11-01T22:41:21-07:00,True,1,,Unavailable in Strava export,,,,,,,Strava activity-time point weather observation,Activity-time Strava weather observation for 2025-11-01 20:32:39 - Night Inline Skate: Strava weather condition code 1.0; temperature 61.34 F; wind 4.0264853257 mph; precipitation intensity 0 inches/hour. The upstream provider and station were not supplied by the export.,2025-11-01 20:32:39 - Night Inline Skate,16327660130,2025-11-01T20:32:39-07:00,2025-11-01T22:41:21-07:00,Strava export activity weather fields,Unavailable in Strava export,Unavailable in Strava export,activity_time_point_observation,,2025-11-01T20:00:00-07:00,1.0,5.0,0
2025-11-07,20:52:10 - Night Inline Skate,https://handicapskater.com/common/maps/20251107-20_52_10-Night Inline Skate-16390582918.html,False,False,,No precipitation at activity weather observation,Daily precipitation unavailable,,,,,58.64,58.64,58.64,Activity-time point observation,55.58,90,2.46062992126,2.46062992126,4.47387258411,300,Activity-time point observation,9.59832080649,9.59832080649,Activity-time point observation,Cloud cover fraction 0.2,Strava weather condition code 1.0,2025-11-07T20:52:10-08:00,2025-11-08T00:46:10-08:00,True,1,,Unavailable in Strava export,,,,,,,Strava activity-time point weather observation,Activity-time Strava weather observation for 2025-11-07 20:52:10 - Night Inline Skate: Strava weather condition code 1.0; temperature 58.64 F; wind 2.46062992126 mph; precipitation intensity 0 inches/hour. The upstream provider and station were not supplied by the export.,2025-11-07 20:52:10 - Night Inline Skate,16390582918,2025-11-07T20:52:10-08:00,2025-11-08T00:46:10-08:00,Strava export activity weather fields,Unavailable in Strava export,Unavailable in Strava export,activity_time_point_observation,,2025-11-07T20:00:00-08:00,1.0,5.0,0
2025-11-08,20:33:28 - Night Inline Skate,https://handicapskater.com/common/maps/20251108-20_33_28-Night Inline Skate-16400435274.html,False,False,,No precipitation at activity weather observation,Daily precipitation unavailable,,,,,60.8,60.8,60.8,Activity-time point observation,53.6,77,6.03972798855,6.03972798855,9.61882605583,5,Activity-time point observation,15.8008480474,15.8008480474,Activity-time point observation,Cloud cover fraction 0.31,Strava weather condition code 1.0,2025-11-08T20:33:28-08:00,2025-11-08T22:37:47-08:00,True,1,,Unavailable in Strava export,,,,,,,Strava activity-time point weather observation,Activity-time Strava weather observation for 2025-11-08 20:33:28 - Night Inline Skate: Strava weather condition code 1.0; temperature 60.8 F; wind 6.03972798855 mph; precipitation intensity 0 inches/hour. The upstream provider and station were not supplied by the export.,2025-11-08 20:33:28 - Night Inline Skate,16400435274,2025-11-08T20:33:28-08:00,2025-11-08T22:37:47-08:00,Strava export activity weather fields,Unavailable in Strava export,Unavailable in Strava export,activity_time_point_observation,,2025-11-08T20:00:00-08:00,1.0,5.0,0
2025-11-14,20:48:31 - Night Inline Skate,https://handicapskater.com/common/maps/20251114-20_48_31-Night Inline Skate-16461672902.html,False,False,,No precipitation at activity weather observation,Daily precipitation unavailable,,,,,56.3,56.3,56.3,Activity-time point observation,51.08,83,3.80279169649,3.80279169649,5.81603435934,6,Activity-time point observation,13.1339228903,13.1339228903,Activity-time point observation,Cloud cover fraction 0.18,Strava weather condition code 1.0,2025-11-14T20:48:31-08:00,2025-11-14T23:51:25-08:00,True,1,,Unavailable in Strava export,,,,,,,Strava activity-time point weather observation,Activity-time Strava weather observation for 2025-11-14 20:48:31 - Night Inline Skate: Strava weather condition code 1.0; temperature 56.3 F; wind 3.80279169649 mph; precipitation intensity 0 inches/hour. The upstream provider and station were not supplied by the export.,2025-11-14 20:48:31 - Night Inline Skate,16461672902,2025-11-14T20:48:31-08:00,2025-11-14T23:51:25-08:00,Strava export activity weather fields,Unavailable in Strava export,Unavailable in Strava export,activity_time_point_observation,,2025-11-14T20:00:00-08:00,1.0,5.0,0
2025-11-15,20:16:19 - Night Inline Skate,https://handicapskater.com/common/maps/20251115-20_16_19-Night Inline Skate-16471608855.html,False,True,,Precipitation observed at activity weather observation,Daily precipitation unavailable,,,,,57.56,57.56,57.56,Activity-time point observation,53.42,86,8.2766642806,8.2766642806,19.4613457409,219,Activity-time point observation,9.36219975344,9.36219975344,Activity-time point observation,Cloud cover fraction 0.99,Strava weather condition code 5.0,2025-11-15T20:16:19-08:00,2025-11-15T22:32:18-08:00,True,1,,Unavailable in Strava export,,,,,,,Strava activity-time point weather observation,Activity-time Strava weather observation for 2025-11-15 20:16:19 - Night Inline Skate: Strava weather condition code 5.0; temperature 57.56 F; wind 8.2766642806 mph; precipitation intensity 0.011811023622 inches/hour. The upstream provider and station were not supplied by the export.,2025-11-15 20:16:19 - Night Inline Skate,16471608855,2025-11-15T20:16:19-08:00,2025-11-15T22:32:18-08:00,Strava export activity weather fields,Unavailable in Strava export,Unavailable in Strava export,activity_time_point_observation,,2025-11-15T20:00:00-08:00,5.0,5.0,0.011811023622
2025-11-21,20:48:08 - Night Inline Skate,https://handicapskater.com/common/maps/20251121-20_48_08-Night Inline Skate-16530273562.html,False,False,,No precipitation at activity weather observation,Daily precipitation unavailable,,,,,54.68,54.68,54.68,Activity-time point observation,48.02,78,4.47387258411,4.47387258411,5.81603435934,250,Activity-time point observation,14.574323451,14.574323451,Activity-time point observation,Cloud cover fraction 0.01,Strava weather condition code 1.0,2025-11-21T20:48:08-08:00,2025-11-21T23:51:31-08:00,True,1,,Unavailable in Strava export,,,,,,,Strava activity-time point weather observation,Activity-time Strava weather observation for 2025-11-21 20:48:08 - Night Inline Skate: Strava weather condition code 1.0; temperature 54.68 F; wind 4.47387258411 mph; precipitation intensity 0 inches/hour. The upstream provider and station were not supplied by the export.,2025-11-21 20:48:08 - Night Inline Skate,16530273562,2025-11-21T20:48:08-08:00,2025-11-21T23:51:31-08:00,Strava export activity weather fields,Unavailable in Strava export,Unavailable in Strava export,activity_time_point_observation,,2025-11-21T20:04:40-08:00,1.0,1.0,0
2025-11-22,20:20:07 - Night Inline Skate,https://handicapskater.com/common/maps/20251122-20_20_07-Night Inline Skate-16539850127.html,False,False,,No precipitation at activity weather observation,Daily precipitation unavailable,,,,,53.78,53.78,53.78,Activity-time point observation,51.62,92,6.48711524696,6.48711524696,13.1979241231,264,Activity-time point observation,9.19194404677,9.19194404677,Activity-time point observation,Cloud cover fraction 0.46,Strava weather condition code 2.0,2025-11-22T20:20:07-08:00,2025-11-22T22:37:18-08:00,True,1,,Unavailable in Strava export,,,,,,,Strava activity-time point weather observation,Activity-time Strava weather observation for 2025-11-22 20:20:07 - Night Inline Skate: Strava weather condition code 2.0; temperature 53.78 F; wind 6.48711524696 mph; precipitation intensity 0 inches/hour. The upstream provider and station were not supplied by the export.,2025-11-22 20:20:07 - Night Inline Skate,16539850127,2025-11-22T20:20:07-08:00,2025-11-22T22:37:18-08:00,Strava export activity weather fields,Unavailable in Strava export,Unavailable in Strava export,activity_time_point_observation,,2025-11-22T20:00:00-08:00,2.0,1.0,0
2025-11-28,20:48:19 - Night Inline Skate,https://handicapskater.com/common/maps/20251128-20_48_19-Night Inline Skate-16597002439.html,False,False,,No precipitation at activity weather observation,Daily precipitation unavailable,,,,,50,50,50,Activity-time point observation,45.86,86,8.2766642806,8.2766642806,11.6320687187,9,Activity-time point observation,9.6219329118,9.6219329118,Activity-time point observation,Cloud cover fraction 0.32,Strava weather condition code 1.0,2025-11-28T20:48:19-08:00,2025-11-28T23:17:43-08:00,True,1,,Unavailable in Strava export,,,,,,,Strava activity-time point weather observation,Activity-time Strava weather observation for 2025-11-28 20:48:19 - Night Inline Skate: Strava weather condition code 1.0; temperature 50 F; wind 8.2766642806 mph; precipitation intensity 0 inches/hour. The upstream provider and station were not supplied by the export.,2025-11-28 20:48:19 - Night Inline Skate,16597002439,2025-11-28T20:48:19-08:00,2025-11-28T23:17:43-08:00,Strava export activity weather fields,Unavailable in Strava export,Unavailable in Strava export,activity_time_point_observation,,2025-11-28T20:00:00-08:00,1.0,1.0,0
2025-11-29,20:20:23 - Night Inline Skate,https://handicapskater.com/common/maps/20251129-20_20_23-Night Inline Skate-16606308176.html,False,False,,No precipitation at activity weather observation,Daily precipitation unavailable,,,,,50,50,50,Activity-time point observation,44.78,82,5.59234073014,5.59234073014,8.72405153901,24,Activity-time point observation,11.1865455738,11.1865455738,Activity-time point observation,Cloud cover fraction 0.13,Strava weather condition code 1.0,2025-11-29T20:20:23-08:00,2025-11-29T22:44:45-08:00,True,1,,Unavailable in Strava export,,,,,,,Strava activity-time point weather observation,Activity-time Strava weather observation for 2025-11-29 20:20:23 - Night Inline Skate: Strava weather condition code 1.0; temperature 50 F; wind 5.59234073014 mph; precipitation intensity 0 inches/hour. The upstream provider and station were not supplied by the export.,2025-11-29 20:20:23 - Night Inline Skate,16606308176,2025-11-29T20:20:23-08:00,2025-11-29T22:44:45-08:00,Strava export activity weather fields,Unavailable in Strava export,Unavailable in Strava export,activity_time_point_observation,,2025-11-29T20:00:00-08:00,1.0,1.0,0
2025-12-05,20:53:28 - Night Inline Skate,https://handicapskater.com/common/maps/20251205-20_53_28-Night Inline Skate-16662749832.html,False,False,,No precipitation at activity weather observation,Daily precipitation unavailable,,,,,48.92,48.92,48.92,Activity-time point observation,44.96,86,6.48711524696,6.48711524696,8.72405153901,344,Activity-time point observation,9.60453451841,9.60453451841,Activity-time point observation,Cloud cover fraction 0.06,Strava weather condition code 1.0,2025-12-05T20:53:28-08:00,2025-12-05T23:47:54-08:00,True,1,,Unavailable in Strava export,,,,,,,Strava activity-time point weather observation,Activity-time Strava weather observation for 2025-12-05 20:53:28 - Night Inline Skate: Strava weather condition code 1.0; temperature 48.92 F; wind 6.48711524696 mph; precipitation intensity 0 inches/hour. The upstream provider and station were not supplied by the export.,2025-12-05 20:53:28 - Night Inline Skate,16662749832,2025-12-05T20:53:28-08:00,2025-12-05T23:47:54-08:00,Strava export activity weather fields,Unavailable in Strava export,Unavailable in Strava export,activity_time_point_observation,,2025-12-05T20:00:00-08:00,1.0,1.0,0
2025-12-06,20:40:14 - Night Inline Skate,https://handicapskater.com/common/maps/20251206-20_40_14-Night Inline Skate-16671982493.html,False,False,,No precipitation at activity weather observation,Daily precipitation unavailable,,,,,49.1,49.1,49.1,Activity-time point observation,45.14,86,6.26342161775,6.26342161775,11.4083750895,0,Activity-time point observation,9.05151415732,9.05151415732,Activity-time point observation,Cloud cover fraction 0.17,Strava weather condition code 1.0,2025-12-06T20:40:14-08:00,2025-12-06T22:55:48-08:00,True,1,,Unavailable in Strava export,,,,,,,Strava activity-time point weather observation,Activity-time Strava weather observation for 2025-12-06 20:40:14 - Night Inline Skate: Strava weather condition code 1.0; temperature 49.1 F; wind 6.26342161775 mph; precipitation intensity 0 inches/hour. The upstream provider and station were not supplied by the export.,2025-12-06 20:40:14 - Night Inline Skate,16671982493,2025-12-06T20:40:14-08:00,2025-12-06T22:55:48-08:00,Strava export activity weather fields,Unavailable in Strava export,Unavailable in Strava export,activity_time_point_observation,,2025-12-06T20:00:00-08:00,1.0,1.0,0
2025-12-12,20:50:28 - Night Inline Skate,https://handicapskater.com/common/maps/20251212-20_50_28-Night Inline Skate-16727777875.html,False,False,,No precipitation at activity weather observation,Daily precipitation unavailable,,,,,48.2,48.2,48.2,Activity-time point observation,43.16,83,6.71080887616,6.71080887616,9.84251968504,14,Activity-time point observation,11.8079167661,11.8079167661,Activity-time point observation,Cloud cover fraction 0.06,Strava weather condition code 1.0,2025-12-12T20:50:28-08:00,2025-12-12T23:45:47-08:00,True,1,,Unavailable in Strava export,,,,,,,Strava activity-time point weather observation,Activity-time Strava weather observation for 2025-12-12 20:50:28 - Night Inline Skate: Strava weather condition code 1.0; temperature 48.2 F; wind 6.71080887616 mph; precipitation intensity 0 inches/hour. The upstream provider and station were not supplied by the export.,2025-12-12 20:50:28 - Night Inline Skate,16727777875,2025-12-12T20:50:28-08:00,2025-12-12T23:45:47-08:00,Strava export activity weather fields,Unavailable in Strava export,Unavailable in Strava export,activity_time_point_observation,,2025-12-12T20:00:00-08:00,1.0,1.0,0
2025-12-13,20:33:26 - Night Inline Skate,https://handicapskater.com/common/maps/20251213-20_33_26-Night Inline Skate-16736856152.html,False,False,,No precipitation at activity weather observation,Daily precipitation unavailable,,,,,47.3,47.3,47.3,Activity-time point observation,42.08,82,5.81603435934,5.81603435934,8.2766642806,356,Activity-time point observation,9.24351785572,9.24351785572,Activity-time point observation,Cloud cover fraction 0.14,Strava weather condition code 1.0,2025-12-13T20:33:26-08:00,2025-12-13T22:31:33-08:00,True,1,,Unavailable in Strava export,,,,,,,Strava activity-time point weather observation,Activity-time Strava weather observation for 2025-12-13 20:33:26 - Night Inline Skate: Strava weather condition code 1.0; temperature 47.3 F; wind 5.81603435934 mph; precipitation intensity 0 inches/hour. The upstream provider and station were not supplied by the export.,2025-12-13 20:33:26 - Night Inline Skate,16736856152,2025-12-13T20:33:26-08:00,2025-12-13T22:31:33-08:00,Strava export activity weather fields,Unavailable in Strava export,Unavailable in Strava export,activity_time_point_observation,,2025-12-13T20:00:00-08:00,1.0,1.0,0
2025-12-19,20:18:31 - Night Inline Skate,https://handicapskater.com/common/maps/20251219-20_18_31-Night Inline Skate-16790082768.html,False,True,,Precipitation observed at activity weather observation,Daily precipitation unavailable,,,,,56.66,56.66,56.66,Activity-time point observation,54.86,94,7.82927702219,7.82927702219,14.3163922691,171,Activity-time point observation,6.30443211644,6.30443211644,Activity-time point observation,Cloud cover fraction 0.99,Strava weather condition code 5.0,2025-12-19T20:18:31-08:00,2025-12-19T22:46:24-08:00,True,1,,Unavailable in Strava export,,,,,,,Strava activity-time point weather observation,Activity-time Strava weather observation for 2025-12-19 20:18:31 - Night Inline Skate: Strava weather condition code 5.0; temperature 56.66 F; wind 7.82927702219 mph; precipitation intensity 0.0196850393701 inches/hour. The upstream provider and station were not supplied by the export.,2025-12-19 20:18:31 - Night Inline Skate,16790082768,2025-12-19T20:18:31-08:00,2025-12-19T22:46:24-08:00,Strava export activity weather fields,Unavailable in Strava export,Unavailable in Strava export,activity_time_point_observation,,2025-12-19T20:00:00-08:00,5.0,5.0,0.0196850393701
2025-12-26,20:34:06 - Night Inline Skate,https://handicapskater.com/common/maps/20251226-20_34_06-Night Inline Skate-16850834633.html,False,False,,No precipitation at activity weather observation,Daily precipitation unavailable,,,,,50.54,50.54,50.54,Activity-time point observation,45.5,83,9.17143879742,9.17143879742,18.5665712241,300,Activity-time point observation,13.0276684164,13.0276684164,Activity-time point observation,Cloud cover fraction 0.31,Strava weather condition code 1.0,2025-12-26T20:34:06-08:00,2025-12-26T22:57:47-08:00,True,1,,Unavailable in Strava export,,,,,,,Strava activity-time point weather observation,Activity-time Strava weather observation for 2025-12-26 20:34:06 - Night Inline Skate: Strava weather condition code 1.0; temperature 50.54 F; wind 9.17143879742 mph; precipitation intensity 0 inches/hour. The upstream provider and station were not supplied by the export.,2025-12-26 20:34:06 - Night Inline Skate,16850834633,2025-12-26T20:34:06-08:00,2025-12-26T22:57:47-08:00,Strava export activity weather fields,Unavailable in Strava export,Unavailable in Strava export,activity_time_point_observation,,2025-12-26T20:00:00-08:00,1.0,5.0,0
2025-12-27,20:24:05 - Night Inline Skate,https://handicapskater.com/common/maps/20251227-20_24_05-Night Inline Skate-16860628354.html,False,False,,No precipitation at activity weather observation,Daily precipitation unavailable,,,,,48.92,48.92,48.92,Activity-time point observation,43.7,82,3.13171080888,3.13171080888,4.92125984252,14,Activity-time point observation,13.8453929054,13.8453929054,Activity-time point observation,Cloud cover fraction 0.03,Strava weather condition code 1.0,2025-12-27T20:24:05-08:00,2025-12-27T22:35:40-08:00,True,1,,Unavailable in Strava export,,,,,,,Strava activity-time point weather observation,Activity-time Strava weather observation for 2025-12-27 20:24:05 - Night Inline Skate: Strava weather condition code 1.0; temperature 48.92 F; wind 3.13171080888 mph; precipitation intensity 0 inches/hour. The upstream provider and station were not supplied by the export.,2025-12-27 20:24:05 - Night Inline Skate,16860628354,2025-12-27T20:24:05-08:00,2025-12-27T22:35:40-08:00,Strava export activity weather fields,Unavailable in Strava export,Unavailable in Strava export,activity_time_point_observation,,2025-12-27T20:00:00-08:00,1.0,1.0,0
2025-12-31,21:05:53 - Night Inline Skate,https://handicapskater.com/common/maps/20251231-21_05_53-Night Inline Skate-16900338111.html,False,True,,Precipitation observed at activity weather observation,Daily precipitation unavailable,,,,,51.26,51.26,51.26,Activity-time point observation,48.92,92,6.93450250537,6.93450250537,9.61882605583,45,Activity-time point observation,4.7466545375,4.7466545375,Activity-time point observation,Cloud cover fraction 0.99,Strava weather condition code 5.0,2025-12-31T21:05:53-08:00,2025-12-31T23:47:33-08:00,True,1,,Unavailable in Strava export,,,,,,,Strava activity-time point weather observation,Activity-time Strava weather observation for 2025-12-31 21:05:53 - Night Inline Skate: Strava weather condition code 5.0; temperature 51.26 F; wind 6.93450250537 mph; precipitation intensity 0.0590551181102 inches/hour. The upstream provider and station were not supplied by the export.,2025-12-31 21:05:53 - Night Inline Skate,16900338111,2025-12-31T21:05:53-08:00,2025-12-31T23:47:33-08:00,Strava export activity weather fields,Unavailable in Strava export,Unavailable in Strava export,activity_time_point_observation,,2025-12-31T21:00:00-08:00,5.0,5.0,0.0590551181102
2026-01-02,20:47:17 - Evening Inline Skate,https://handicapskater.com/common/maps/20260102-20_47_17-Evening Inline Skate-16919710475.html,False,True,,Precipitation observed at activity weather observation,Daily precipitation unavailable,,,,,55.58,55.58,55.58,Activity-time point observation,51.8,87,17.2244094488,17.2244094488,29.5275590551,150,Activity-time point observation,9.57533007238,9.57533007238,Activity-time point observation,Cloud cover fraction 0.99,Strava weather condition code 5.0,2026-01-02T20:47:17-08:00,2026-01-02T22:58:16-08:00,True,1,,Unavailable in Strava export,,,,,,,Strava activity-time point weather observation,Activity-time Strava weather observation for 2026-01-02 20:47:17 - Evening Inline Skate: Strava weather condition code 5.0; temperature 55.58 F; wind 17.2244094488 mph; precipitation intensity 0.0236220472441 inches/hour. The upstream provider and station were not supplied by the export.,2026-01-02 20:47:17 - Evening Inline Skate,16919710475,2026-01-02T20:47:17-08:00,2026-01-02T22:58:16-08:00,Strava export activity weather fields,Unavailable in Strava export,Unavailable in Strava export,activity_time_point_observation,,2026-01-02T20:00:00-08:00,5.0,5.0,0.0236220472441
2026-01-03,21:11:20 - Night Inline Skate,https://handicapskater.com/common/maps/20260103-21_11_20-Night Inline Skate-16930824157.html,False,True,,Precipitation observed at activity weather observation,Daily precipitation unavailable,,,,,54.68,54.68,54.68,Activity-time point observation,51.8,90,11.4083750895,11.4083750895,24.6062992126,183,Activity-time point observation,10.8684035234,10.8684035234,Activity-time point observation,Cloud cover fraction 0.98,Strava weather condition code 5.0,2026-01-03T21:11:20-08:00,2026-01-03T23:54:04-08:00,True,1,,Unavailable in Strava export,,,,,,,Strava activity-time point weather observation,Activity-time Strava weather observation for 2026-01-03 21:11:20 - Night Inline Skate: Strava weather condition code 5.0; temperature 54.68 F; wind 11.4083750895 mph; precipitation intensity 0.011811023622 inches/hour. The upstream provider and station were not supplied by the export.,2026-01-03 21:11:20 - Night Inline Skate,16930824157,2026-01-03T21:11:20-08:00,2026-01-03T23:54:04-08:00,Strava export activity weather fields,Unavailable in Strava export,Unavailable in Strava export,activity_time_point_observation,,2026-01-03T21:00:00-08:00,5.0,5.0,0.011811023622
2026-01-09,20:49:44 - Night Inline Skate,https://handicapskater.com/common/maps/20260109-20_49_44-Night Inline Skate-16996842139.html,False,False,,No precipitation at activity weather observation,Daily precipitation unavailable,,,,,47.48,47.48,47.48,Activity-time point observation,37.4,68,5.81603435934,5.81603435934,9.17143879742,45,Activity-time point observation,22.4836952199,22.4836952199,Activity-time point observation,Cloud cover fraction 0.0,Strava weather condition code 1.0,2026-01-09T20:49:44-08:00,2026-01-09T23:49:15-08:00,True,1,,Unavailable in Strava export,,,,,,,Strava activity-time point weather observation,Activity-time Strava weather observation for 2026-01-09 20:49:44 - Night Inline Skate: Strava weather condition code 1.0; temperature 47.48 F; wind 5.81603435934 mph; precipitation intensity 0 inches/hour. The upstream provider and station were not supplied by the export.,2026-01-09 20:49:44 - Night Inline Skate,16996842139,2026-01-09T20:49:44-08:00,2026-01-09T23:49:15-08:00,Strava export activity weather fields,Unavailable in Strava export,Unavailable in Strava export,activity_time_point_observation,,2026-01-09T20:00:00-08:00,1.0,1.0,0
2026-01-10,21:10:05 - Night Inline Skate,https://handicapskater.com/common/maps/20260110-21_10_05-Night Inline Skate-17008182030.html,False,False,,No precipitation at activity weather observation,Daily precipitation unavailable,,,,,49.1,49.1,49.1,Activity-time point observation,43.16,80,7.15819613457,7.15819613457,8.72405153901,21,Activity-time point observation,18.7082438559,18.7082438559,Activity-time point observation,Cloud cover fraction 0.84,Strava weather condition code 3.0,2026-01-10T21:10:05-08:00,2026-01-10T23:56:35-08:00,True,1,,Unavailable in Strava export,,,,,,,Strava activity-time point weather observation,Activity-time Strava weather observation for 2026-01-10 21:10:05 - Night Inline Skate: Strava weather condition code 3.0; temperature 49.1 F; wind 7.15819613457 mph; precipitation intensity 0 inches/hour. The upstream provider and station were not supplied by the export.,2026-01-10 21:10:05 - Night Inline Skate,17008182030,2026-01-10T21:10:05-08:00,2026-01-10T23:56:35-08:00,Strava export activity weather fields,Unavailable in Strava export,Unavailable in Strava export,activity_time_point_observation,,2026-01-10T21:00:00-08:00,3.0,1.0,0
2026-01-16,20:49:14 - Night Inline Skate,https://handicapskater.com/common/maps/20260116-20_49_14-Night Inline Skate-17077030857.html,False,False,,No precipitation at activity weather observation,Daily precipitation unavailable,,,,,52.88,52.88,52.88,Activity-time point observation,45.5,76,7.60558339298,7.60558339298,11.4083750895,338,Activity-time point observation,17.2343513879,17.2343513879,Activity-time point observation,Cloud cover fraction 0.0,Strava weather condition code 1.0,2026-01-16T20:49:14-08:00,2026-01-16T23:49:29-08:00,True,1,,Unavailable in Strava export,,,,,,,Strava activity-time point weather observation,Activity-time Strava weather observation for 2026-01-16 20:49:14 - Night Inline Skate: Strava weather condition code 1.0; temperature 52.88 F; wind 7.60558339298 mph; precipitation intensity 0 inches/hour. The upstream provider and station were not supplied by the export.,2026-01-16 20:49:14 - Night Inline Skate,17077030857,2026-01-16T20:49:14-08:00,2026-01-16T23:49:29-08:00,Strava export activity weather fields,Unavailable in Strava export,Unavailable in Strava export,activity_time_point_observation,,2026-01-16T20:00:00-08:00,1.0,1.0,0
2026-01-17,21:32:41 - Night Inline Skate,https://handicapskater.com/common/maps/20260117-21_32_41-Night Inline Skate-17088677159.html,False,False,,No precipitation at activity weather observation,Daily precipitation unavailable,,,,,52.34,52.34,52.34,Activity-time point observation,47.3,83,7.38188976378,7.38188976378,10.2899069435,351,Activity-time point observation,13.6788654259,13.6788654259,Activity-time point observation,Cloud cover fraction 0.9,Strava weather condition code 3.0,2026-01-17T21:32:41-08:00,2026-01-17T23:57:00-08:00,True,1,,Unavailable in Strava export,,,,,,,Strava activity-time point weather observation,Activity-time Strava weather observation for 2026-01-17 21:32:41 - Night Inline Skate: Strava weather condition code 3.0; temperature 52.34 F; wind 7.38188976378 mph; precipitation intensity 0 inches/hour. The upstream provider and station were not supplied by the export.,2026-01-17 21:32:41 - Night Inline Skate,17088677159,2026-01-17T21:32:41-08:00,2026-01-17T23:57:00-08:00,Strava export activity weather fields,Unavailable in Strava export,Unavailable in Strava export,activity_time_point_observation,,2026-01-17T21:00:00-08:00,3.0,1.0,0
2026-01-23,20:51:44 - Night Inline Skate,https://handicapskater.com/common/maps/20260123-20_51_44-Night Inline Skate-17156915717.html,False,False,,No precipitation at activity weather observation,Daily precipitation unavailable,,,,,51.26,51.26,51.26,Activity-time point observation,47.3,86,4.2501789549,4.2501789549,6.26342161775,285,Activity-time point observation,11.0753201304,11.0753201304,Activity-time point observation,Cloud cover fraction 0.13,Strava weather condition code 1.0,2026-01-23T20:51:44-08:00,2026-01-23T23:48:55-08:00,True,1,,Unavailable in Strava export,,,,,,,Strava activity-time point weather observation,Activity-time Strava weather observation for 2026-01-23 20:51:44 - Night Inline Skate: Strava weather condition code 1.0; temperature 51.26 F; wind 4.2501789549 mph; precipitation intensity 0 inches/hour. The upstream provider and station were not supplied by the export.,2026-01-23 20:51:44 - Night Inline Skate,17156915717,2026-01-23T20:51:44-08:00,2026-01-23T23:48:55-08:00,Strava export activity weather fields,Unavailable in Strava export,Unavailable in Strava export,activity_time_point_observation,,2026-01-23T20:00:00-08:00,1.0,1.0,0
2026-01-30,20:53:54 - Night Inline Skate,https://handicapskater.com/common/maps/20260130-20_53_54-Night Inline Skate-17234410624.html,False,False,,No precipitation at activity weather observation,Daily precipitation unavailable,,,,,54.32,54.32,54.32,Activity-time point observation,48.92,82,7.60558339298,7.60558339298,9.84251968504,9,Activity-time point observation,11.6662441343,11.6662441343,Activity-time point observation,Cloud cover fraction 0.85,Strava weather condition code 3.0,2026-01-30T20:53:54-08:00,2026-01-30T23:53:05-08:00,True,1,,Unavailable in Strava export,,,,,,,Strava activity-time point weather observation,Activity-time Strava weather observation for 2026-01-30 20:53:54 - Night Inline Skate: Strava weather condition code 3.0; temperature 54.32 F; wind 7.60558339298 mph; precipitation intensity 0 inches/hour. The upstream provider and station were not supplied by the export.,2026-01-30 20:53:54 - Night Inline Skate,17234410624,2026-01-30T20:53:54-08:00,2026-01-30T23:53:05-08:00,Strava export activity weather fields,Unavailable in Strava export,Unavailable in Strava export,activity_time_point_observation,,2026-01-30T20:00:00-08:00,3.0,1.0,0
2026-01-31,20:57:30 - Evening Inline Skate,https://handicapskater.com/common/maps/20260131-20_57_30-Evening Inline Skate-17245634990.html,False,False,,No precipitation at activity weather observation,Daily precipitation unavailable,,,,,53.96,53.96,53.96,Activity-time point observation,48.92,83,5.14495347173,5.14495347173,7.15819613457,357,Activity-time point observation,12.667273125,12.667273125,Activity-time point observation,Cloud cover fraction 0.87,Strava weather condition code 3.0,2026-01-31T20:57:30-08:00,2026-01-31T23:16:27-08:00,True,1,,Unavailable in Strava export,,,,,,,Strava activity-time point weather observation,Activity-time Strava weather observation for 2026-01-31 20:57:30 - Evening Inline Skate: Strava weather condition code 3.0; temperature 53.96 F; wind 5.14495347173 mph; precipitation intensity 0 inches/hour. The upstream provider and station were not supplied by the export.,2026-01-31 20:57:30 - Evening Inline Skate,17245634990,2026-01-31T20:57:30-08:00,2026-01-31T23:16:27-08:00,Strava export activity weather fields,Unavailable in Strava export,Unavailable in Strava export,activity_time_point_observation,,2026-01-31T20:00:00-08:00,3.0,1.0,0
2026-02-06,20:53:12 - Night Inline Skate,https://handicapskater.com/common/maps/20260206-20_53_12-Night Inline Skate-17313296845.html,False,False,,No precipitation at activity weather observation,Daily precipitation unavailable,,,,,55.4,55.4,55.4,Activity-time point observation,51.26,86,8.0529706514,8.0529706514,12.5268432355,251,Activity-time point observation,9.5492324823,9.5492324823,Activity-time point observation,Cloud cover fraction 0.28,Strava weather condition code 1.0,2026-02-06T20:53:12-08:00,2026-02-06T23:43:26-08:00,True,1,,Unavailable in Strava export,,,,,,,Strava activity-time point weather observation,Activity-time Strava weather observation for 2026-02-06 20:53:12 - Night Inline Skate: Strava weather condition code 1.0; temperature 55.4 F; wind 8.0529706514 mph; precipitation intensity 0 inches/hour. The upstream provider and station were not supplied by the export.,2026-02-06 20:53:12 - Night Inline Skate,17313296845,2026-02-06T20:53:12-08:00,2026-02-06T23:43:26-08:00,Strava export activity weather fields,Unavailable in Strava export,Unavailable in Strava export,activity_time_point_observation,,2026-02-06T20:00:00-08:00,1.0,1.0,0
2026-02-07,21:52:26 - Night Inline Skate,https://handicapskater.com/common/maps/20260207-21_52_26-Night Inline Skate-17324673500.html,False,False,,No precipitation at activity weather observation,Daily precipitation unavailable,,,,,53.42,53.42,53.42,Activity-time point observation,50.18,89,6.93450250537,6.93450250537,13.1979241231,264,Activity-time point observation,10.3166259047,10.3166259047,Activity-time point observation,Cloud cover fraction 0.23,Strava weather condition code 1.0,2026-02-07T21:52:26-08:00,2026-02-08T00:04:42-08:00,True,1,,Unavailable in Strava export,,,,,,,Strava activity-time point weather observation,Activity-time Strava weather observation for 2026-02-07 21:52:26 - Night Inline Skate: Strava weather condition code 1.0; temperature 53.42 F; wind 6.93450250537 mph; precipitation intensity 0 inches/hour. The upstream provider and station were not supplied by the export.,2026-02-07 21:52:26 - Night Inline Skate,17324673500,2026-02-07T21:52:26-08:00,2026-02-08T00:04:42-08:00,Strava export activity weather fields,Unavailable in Strava export,Unavailable in Strava export,activity_time_point_observation,,2026-02-07T21:00:00-08:00,1.0,1.0,0
2026-02-13,20:46:48 - Night Inline Skate,https://handicapskater.com/common/maps/20260213-20_46_48-Night Inline Skate-17391076522.html,False,False,,No precipitation at activity weather observation,Daily precipitation unavailable,,,,,51.98,51.98,51.98,Activity-time point observation,46.76,82,8.72405153901,8.72405153901,17.2244094488,263,Activity-time point observation,12.7784985684,12.7784985684,Activity-time point observation,Cloud cover fraction 0.85,Strava weather condition code 3.0,2026-02-13T20:46:48-08:00,2026-02-13T23:46:59-08:00,True,1,,Unavailable in Strava export,,,,,,,Strava activity-time point weather observation,Activity-time Strava weather observation for 2026-02-13 20:46:48 - Night Inline Skate: Strava weather condition code 3.0; temperature 51.98 F; wind 8.72405153901 mph; precipitation intensity 0 inches/hour. The upstream provider and station were not supplied by the export.,2026-02-13 20:46:48 - Night Inline Skate,17391076522,2026-02-13T20:46:48-08:00,2026-02-13T23:46:59-08:00,Strava export activity weather fields,Unavailable in Strava export,Unavailable in Strava export,activity_time_point_observation,,2026-02-13T20:00:00-08:00,3.0,1.0,0
2026-02-14,20:50:38 - Night Inline Skate,https://handicapskater.com/common/maps/20260214-20_50_38-Night Inline Skate-17401940632.html,False,False,,No precipitation at activity weather observation,Daily precipitation unavailable,,,,,51.8,51.8,51.8,Activity-time point observation,46.76,83,9.17143879742,9.17143879742,22.3693629205,183,Activity-time point observation,11.5581255468,11.5581255468,Activity-time point observation,Cloud cover fraction 0.99,Strava weather condition code 3.0,2026-02-14T20:50:38-08:00,2026-02-14T23:20:12-08:00,True,1,,Unavailable in Strava export,,,,,,,Strava activity-time point weather observation,Activity-time Strava weather observation for 2026-02-14 20:50:38 - Night Inline Skate: Strava weather condition code 3.0; temperature 51.8 F; wind 9.17143879742 mph; precipitation intensity 0 inches/hour. The upstream provider and station were not supplied by the export.,2026-02-14 20:50:38 - Night Inline Skate,17401940632,2026-02-14T20:50:38-08:00,2026-02-14T23:20:12-08:00,Strava export activity weather fields,Unavailable in Strava export,Unavailable in Strava export,activity_time_point_observation,,2026-02-14T20:00:00-08:00,3.0,1.0,0
2026-02-20,20:49:47 - Night Inline Skate,https://handicapskater.com/common/maps/20260220-20_49_47-Night Inline Skate-17468161867.html,False,False,,No precipitation at activity weather observation,Daily precipitation unavailable,,,,,47.84,47.84,47.84,Activity-time point observation,35.42,62,2.23693629205,2.23693629205,4.47387258411,198,Activity-time point observation,20.0379782073,20.0379782073,Activity-time point observation,Cloud cover fraction 0.02,Strava weather condition code 1.0,2026-02-20T20:49:47-08:00,2026-02-20T23:46:11-08:00,True,1,,Unavailable in Strava export,,,,,,,Strava activity-time point weather observation,Activity-time Strava weather observation for 2026-02-20 20:49:47 - Night Inline Skate: Strava weather condition code 1.0; temperature 47.84 F; wind 2.23693629205 mph; precipitation intensity 0 inches/hour. The upstream provider and station were not supplied by the export.,2026-02-20 20:49:47 - Night Inline Skate,17468161867,2026-02-20T20:49:47-08:00,2026-02-20T23:46:11-08:00,Strava export activity weather fields,Unavailable in Strava export,Unavailable in Strava export,activity_time_point_observation,,2026-02-20T20:00:00-08:00,1.0,1.0,0
2026-02-21,20:35:49 - Night Inline Skate,https://handicapskater.com/common/maps/20260221-20_35_49-Night Inline Skate-17479376337.html,False,False,,No precipitation at activity weather observation,Daily precipitation unavailable,,,,,52.88,52.88,52.88,Activity-time point observation,45.32,75,11.4083750895,11.4083750895,19.4613457409,162,Activity-time point observation,15.0726010101,15.0726010101,Activity-time point observation,Cloud cover fraction 0.13,Strava weather condition code 1.0,2026-02-21T20:35:49-08:00,2026-02-21T23:00:30-08:00,True,1,,Unavailable in Strava export,,,,,,,Strava activity-time point weather observation,Activity-time Strava weather observation for 2026-02-21 20:35:49 - Night Inline Skate: Strava weather condition code 1.0; temperature 52.88 F; wind 11.4083750895 mph; precipitation intensity 0 inches/hour. The upstream provider and station were not supplied by the export.,2026-02-21 20:35:49 - Night Inline Skate,17479376337,2026-02-21T20:35:49-08:00,2026-02-21T23:00:30-08:00,Strava export activity weather fields,Unavailable in Strava export,Unavailable in Strava export,activity_time_point_observation,,2026-02-21T20:00:00-08:00,1.0,1.0,0
2026-03-06,20:50:59 - Night Inline Skate,https://handicapskater.com/common/maps/20260306-20_50_59-Night Inline Skate-17631992039.html,False,False,,No precipitation at activity weather observation,Daily precipitation unavailable,,,,,60.62,60.62,60.62,Activity-time point observation,39.74,46,7.60558339298,7.60558339298,12.0794559771,324,Activity-time point observation,29.5766473793,29.5766473793,Activity-time point observation,Cloud cover fraction 0.05,Strava weather condition code 1.0,2026-03-06T20:50:59-08:00,2026-03-06T23:50:15-08:00,True,1,,Unavailable in Strava export,,,,,,,Strava activity-time point weather observation,Activity-time Strava weather observation for 2026-03-06 20:50:59 - Night Inline Skate: Strava weather condition code 1.0; temperature 60.62 F; wind 7.60558339298 mph; precipitation intensity 0 inches/hour. The upstream provider and station were not supplied by the export.,2026-03-06 20:50:59 - Night Inline Skate,17631992039,2026-03-06T20:50:59-08:00,2026-03-06T23:50:15-08:00,Strava export activity weather fields,Unavailable in Strava export,Unavailable in Strava export,activity_time_point_observation,,2026-03-06T20:00:00-08:00,1.0,1.0,0
2026-03-07,21:12:35 - Night Inline Skate,https://handicapskater.com/common/maps/20260307-21_12_35-Night Inline Skate-17643826627.html,False,False,,No precipitation at activity weather observation,Daily precipitation unavailable,,,,,62.78,62.78,62.78,Activity-time point observation,51.26,66,4.47387258411,4.47387258411,8.0529706514,248,Activity-time point observation,17.3107800445,17.3107800445,Activity-time point observation,Cloud cover fraction 0.01,Strava weather condition code 1.0,2026-03-07T21:12:35-08:00,2026-03-07T23:43:45-08:00,True,1,,Unavailable in Strava export,,,,,,,Strava activity-time point weather observation,Activity-time Strava weather observation for 2026-03-07 21:12:35 - Night Inline Skate: Strava weather condition code 1.0; temperature 62.78 F; wind 4.47387258411 mph; precipitation intensity 0 inches/hour. The upstream provider and station were not supplied by the export.,2026-03-07 21:12:35 - Night Inline Skate,17643826627,2026-03-07T21:12:35-08:00,2026-03-07T23:43:45-08:00,Strava export activity weather fields,Unavailable in Strava export,Unavailable in Strava export,activity_time_point_observation,,2026-03-07T21:00:00-08:00,1.0,1.0,0
2026-03-13,20:47:14 - Night Inline Skate,https://handicapskater.com/common/maps/20260313-20_47_14-Night Inline Skate-17715022065.html,False,False,,No precipitation at activity weather observation,Daily precipitation unavailable,,,,,56.84,56.84,56.84,Activity-time point observation,50.72,80,8.2766642806,8.2766642806,12.0794559771,246,Activity-time point observation,13.4874830987,13.4874830987,Activity-time point observation,Cloud cover fraction 0.89,Strava weather condition code 3.0,2026-03-13T20:47:14-07:00,2026-03-13T23:48:22-07:00,True,1,,Unavailable in Strava export,,,,,,,Strava activity-time point weather observation,Activity-time Strava weather observation for 2026-03-13 20:47:14 - Night Inline Skate: Strava weather condition code 3.0; temperature 56.84 F; wind 8.2766642806 mph; precipitation intensity 0 inches/hour. The upstream provider and station were not supplied by the export.,2026-03-13 20:47:14 - Night Inline Skate,17715022065,2026-03-13T20:47:14-07:00,2026-03-13T23:48:22-07:00,Strava export activity weather fields,Unavailable in Strava export,Unavailable in Strava export,activity_time_point_observation,,2026-03-13T20:00:00-07:00,3.0,1.0,0
2026-03-14,21:43:17 - Night Inline Skate,https://handicapskater.com/common/maps/20260314-21_43_17-Night Inline Skate-17726553630.html,False,False,,No precipitation at activity weather observation,Daily precipitation unavailable,,,,,58.82,58.82,58.82,Activity-time point observation,51.98,78,6.48711524696,6.48711524696,10.7372942019,269,Activity-time point observation,12.6834287759,12.6834287759,Activity-time point observation,Cloud cover fraction 0.11,Strava weather condition code 1.0,2026-03-14T21:43:17-07:00,2026-03-14T23:19:28-07:00,True,1,,Unavailable in Strava export,,,,,,,Strava activity-time point weather observation,Activity-time Strava weather observation for 2026-03-14 21:43:17 - Night Inline Skate: Strava weather condition code 1.0; temperature 58.82 F; wind 6.48711524696 mph; precipitation intensity 0 inches/hour. The upstream provider and station were not supplied by the export.,2026-03-14 21:43:17 - Night Inline Skate,17726553630,2026-03-14T21:43:17-07:00,2026-03-14T23:19:28-07:00,Strava export activity weather fields,Unavailable in Strava export,Unavailable in Strava export,activity_time_point_observation,,2026-03-14T21:00:00-07:00,1.0,1.0,0
2026-03-20,20:56:59 - Night Inline Skate,https://handicapskater.com/common/maps/20260320-20_56_59-Night Inline Skate-17798541197.html,False,False,,No precipitation at activity weather observation,Daily precipitation unavailable,,,,,62.42,62.42,62.42,Activity-time point observation,52.88,71,11.4083750895,11.4083750895,14.7637795276,234,Activity-time point observation,17.8445378987,17.8445378987,Activity-time point observation,Cloud cover fraction 0.0,Strava weather condition code 1.0,2026-03-20T20:56:59-07:00,2026-03-20T23:49:26-07:00,True,1,,Unavailable in Strava export,,,,,,,Strava activity-time point weather observation,Activity-time Strava weather observation for 2026-03-20 20:56:59 - Night Inline Skate: Strava weather condition code 1.0; temperature 62.42 F; wind 11.4083750895 mph; precipitation intensity 0 inches/hour. The upstream provider and station were not supplied by the export.,2026-03-20 20:56:59 - Night Inline Skate,17798541197,2026-03-20T20:56:59-07:00,2026-03-20T23:49:26-07:00,Strava export activity weather fields,Unavailable in Strava export,Unavailable in Strava export,activity_time_point_observation,,2026-03-20T20:00:00-07:00,1.0,1.0,0
2026-03-21,20:57:25 - Night Inline Skate,https://handicapskater.com/common/maps/20260321-20_57_25-Night Inline Skate-17810978715.html,False,False,,No precipitation at activity weather observation,Daily precipitation unavailable,,,,,61.7,61.7,61.7,Activity-time point observation,48.56,62,8.72405153901,8.72405153901,13.1979241231,257,Activity-time point observation,18.8449455182,18.8449455182,Activity-time point observation,Cloud cover fraction 0.0,Strava weather condition code 1.0,2026-03-21T20:57:25-07:00,2026-03-21T23:53:30-07:00,True,1,,Unavailable in Strava export,,,,,,,Strava activity-time point weather observation,Activity-time Strava weather observation for 2026-03-21 20:57:25 - Night Inline Skate: Strava weather condition code 1.0; temperature 61.7 F; wind 8.72405153901 mph; precipitation intensity 0 inches/hour. The upstream provider and station were not supplied by the export.,2026-03-21 20:57:25 - Night Inline Skate,17810978715,2026-03-21T20:57:25-07:00,2026-03-21T23:53:30-07:00,Strava export activity weather fields,Unavailable in Strava export,Unavailable in Strava export,activity_time_point_observation,,2026-03-21T20:00:00-07:00,1.0,1.0,0
2026-03-27,20:55:41 - Evening Inline Skate,https://handicapskater.com/common/maps/20260327-20_55_41-Evening Inline Skate-17884123908.html,False,False,,No precipitation at activity weather observation,Daily precipitation unavailable,,,,,64.22,64.22,64.22,Activity-time point observation,47.66,55,9.17143879742,9.17143879742,14.5400858984,270,Activity-time point observation,25.0766772051,25.0766772051,Activity-time point observation,Cloud cover fraction 0.81,Strava weather condition code 3.0,2026-03-27T20:55:41-07:00,2026-03-27T23:52:51-07:00,True,1,,Unavailable in Strava export,,,,,,,Strava activity-time point weather observation,Activity-time Strava weather observation for 2026-03-27 20:55:41 - Evening Inline Skate: Strava weather condition code 3.0; temperature 64.22 F; wind 9.17143879742 mph; precipitation intensity 0 inches/hour. The upstream provider and station were not supplied by the export.,2026-03-27 20:55:41 - Evening Inline Skate,17884123908,2026-03-27T20:55:41-07:00,2026-03-27T23:52:51-07:00,Strava export activity weather fields,Unavailable in Strava export,Unavailable in Strava export,activity_time_point_observation,,2026-03-27T20:00:00-07:00,3.0,1.0,0
2026-03-28,20:38:44 - Night Inline Skate,https://handicapskater.com/common/maps/20260328-20_38_44-Night Inline Skate-17969584591.html,False,False,,No precipitation at activity weather observation,Daily precipitation unavailable,,,,,61.7,61.7,61.7,Activity-time point observation,48.56,62,8.72405153901,8.72405153901,15.211166786,258,Activity-time point observation,16.7279338662,16.7279338662,Activity-time point observation,Cloud cover fraction 0.12,Strava weather condition code 1.0,2026-03-28T20:38:44-07:00,2026-03-28T23:35:21-07:00,True,1,,Unavailable in Strava export,,,,,,,Strava activity-time point weather observation,Activity-time Strava weather observation for 2026-03-28 20:38:44 - Night Inline Skate: Strava weather condition code 1.0; temperature 61.7 F; wind 8.72405153901 mph; precipitation intensity 0 inches/hour. The upstream provider and station were not supplied by the export.,2026-03-28 20:38:44 - Night Inline Skate,17969584591,2026-03-28T20:38:44-07:00,2026-03-28T23:35:21-07:00,Strava export activity weather fields,Unavailable in Strava export,Unavailable in Strava export,activity_time_point_observation,,2026-03-28T20:00:00-07:00,1.0,1.0,0
2026-04-03,20:52:15 - Night Inline Skate,https://handicapskater.com/common/maps/20260403-20_52_15-Night Inline Skate-17970216381.html,False,False,,No precipitation at activity weather observation,Daily precipitation unavailable,,,,,60.8,60.8,60.8,Activity-time point observation,45.5,57,7.82927702219,7.82927702219,11.1846814603,252,Activity-time point observation,22.3314592778,22.3314592778,Activity-time point observation,Cloud cover fraction 0.03,Strava weather condition code 1.0,2026-04-03T20:52:15-07:00,2026-04-03T23:51:23-07:00,True,1,,Unavailable in Strava export,,,,,,,Strava activity-time point weather observation,Activity-time Strava weather observation for 2026-04-03 20:52:15 - Night Inline Skate: Strava weather condition code 1.0; temperature 60.8 F; wind 7.82927702219 mph; precipitation intensity 0 inches/hour. The upstream provider and station were not supplied by the export.,2026-04-03 20:52:15 - Night Inline Skate,17970216381,2026-04-03T20:52:15-07:00,2026-04-03T23:51:23-07:00,Strava export activity weather fields,Unavailable in Strava export,Unavailable in Strava export,activity_time_point_observation,,2026-04-03T20:00:00-07:00,1.0,1.0,0
2026-04-04,20:46:26 - Afternoon Inline Skate,https://handicapskater.com/common/maps/20260404-20_46_26-Afternoon Inline Skate-17991944581.html,False,False,,No precipitation at activity weather observation,Daily precipitation unavailable,,,,,66.56,66.56,66.56,Activity-time point observation,49.46,54,7.15819613457,7.15819613457,11.8557623479,263,Activity-time point observation,18.3683538137,18.3683538137,Activity-time point observation,Cloud cover fraction 0.64,Strava weather condition code 3.0,2026-04-04T20:46:26-07:00,2026-04-04T22:57:18-07:00,True,1,,Unavailable in Strava export,,,,,,,Strava activity-time point weather observation,Activity-time Strava weather observation for 2026-04-04 20:46:26 - Afternoon Inline Skate: Strava weather condition code 3.0; temperature 66.56 F; wind 7.15819613457 mph; precipitation intensity 0 inches/hour. The upstream provider and station were not supplied by the export.,2026-04-04 20:46:26 - Afternoon Inline Skate,17991944581,2026-04-04T20:46:26-07:00,2026-04-04T22:57:18-07:00,Strava export activity weather fields,Unavailable in Strava export,Unavailable in Strava export,activity_time_point_observation,,2026-04-04T20:00:00-07:00,3.0,1.0,0
2026-04-11,20:52:09 - Night Inline Skate,https://handicapskater.com/common/maps/20260411-20_52_09-Night Inline Skate-18074377160.html,False,True,,Precipitation observed at activity weather observation,Daily precipitation unavailable,,,,,53.06,53.06,53.06,Activity-time point observation,46.76,79,9.39513242663,9.39513242663,18.3428775948,228,Activity-time point observation,11.6904776108,11.6904776108,Activity-time point observation,Cloud cover fraction 0.71,Strava weather condition code 5.0,2026-04-11T20:52:09-07:00,2026-04-11T23:13:59-07:00,True,1,,Unavailable in Strava export,,,,,,,Strava activity-time point weather observation,Activity-time Strava weather observation for 2026-04-11 20:52:09 - Night Inline Skate: Strava weather condition code 5.0; temperature 53.06 F; wind 9.39513242663 mph; precipitation intensity 0.0354330708661 inches/hour. The upstream provider and station were not supplied by the export.,2026-04-11 20:52:09 - Night Inline Skate,18074377160,2026-04-11T20:52:09-07:00,2026-04-11T23:13:59-07:00,Strava export activity weather fields,Unavailable in Strava export,Unavailable in Strava export,activity_time_point_observation,,2026-04-11T20:00:00-07:00,5.0,5.0,0.0354330708661
2026-04-17,20:50:02 - Evening Inline Skate,https://handicapskater.com/common/maps/20260417-20_50_02-Evening Inline Skate-18153325135.html,False,False,,No precipitation at activity weather observation,Daily precipitation unavailable,,,,,61.16,61.16,61.16,Activity-time point observation,41.18,48,8.2766642806,8.2766642806,15.211166786,267,Activity-time point observation,22.6856408574,22.6856408574,Activity-time point observation,Cloud cover fraction 0.81,Strava weather condition code 3.0,2026-04-17T20:50:02-07:00,2026-04-17T23:52:56-07:00,True,1,,Unavailable in Strava export,,,,,,,Strava activity-time point weather observation,Activity-time Strava weather observation for 2026-04-17 20:50:02 - Evening Inline Skate: Strava weather condition code 3.0; temperature 61.16 F; wind 8.2766642806 mph; precipitation intensity 0 inches/hour. The upstream provider and station were not supplied by the export.,2026-04-17 20:50:02 - Evening Inline Skate,18153325135,2026-04-17T20:50:02-07:00,2026-04-17T23:52:56-07:00,Strava export activity weather fields,Unavailable in Strava export,Unavailable in Strava export,activity_time_point_observation,,2026-04-17T20:00:00-07:00,3.0,1.0,0
2026-04-18,20:30:22 - Afternoon Inline Skate,https://handicapskater.com/common/maps/20260418-20_30_22-Afternoon Inline Skate-18178327822.html,False,False,,No precipitation at activity weather observation,Daily precipitation unavailable,,,,,60.98,60.98,60.98,Activity-time point observation,48.38,63,7.82927702219,7.82927702219,14.3163922691,252,Activity-time point observation,15.7846923964,15.7846923964,Activity-time point observation,Cloud cover fraction 0.94,Strava weather condition code 3.0,2026-04-18T20:30:22-07:00,2026-04-18T23:05:28-07:00,True,1,,Unavailable in Strava export,,,,,,,Strava activity-time point weather observation,Activity-time Strava weather observation for 2026-04-18 20:30:22 - Afternoon Inline Skate: Strava weather condition code 3.0; temperature 60.98 F; wind 7.82927702219 mph; precipitation intensity 0 inches/hour. The upstream provider and station were not supplied by the export.,2026-04-18 20:30:22 - Afternoon Inline Skate,18178327822,2026-04-18T20:30:22-07:00,2026-04-18T23:05:28-07:00,Strava export activity weather fields,Unavailable in Strava export,Unavailable in Strava export,activity_time_point_observation,,2026-04-18T20:00:00-07:00,3.0,1.0,0
2026-04-24,20:57:18 - Night Inline Skate,https://handicapskater.com/common/maps/20260424-20_57_18-Night Inline Skate-18247178402.html,False,False,,No precipitation at activity weather observation,Daily precipitation unavailable,,,,,55.4,55.4,55.4,Activity-time point observation,49.1,79,12.0794559771,12.0794559771,18.1191839656,264,Activity-time point observation,11.8017030542,11.8017030542,Activity-time point observation,Cloud cover fraction 0.46,Strava weather condition code 2.0,2026-04-24T20:57:18-07:00,2026-04-24T23:49:36-07:00,True,1,,Unavailable in Strava export,,,,,,,Strava activity-time point weather observation,Activity-time Strava weather observation for 2026-04-24 20:57:18 - Night Inline Skate: Strava weather condition code 2.0; temperature 55.4 F; wind 12.0794559771 mph; precipitation intensity 0 inches/hour. The upstream provider and station were not supplied by the export.,2026-04-24 20:57:18 - Night Inline Skate,18247178402,2026-04-24T20:57:18-07:00,2026-04-24T23:49:36-07:00,Strava export activity weather fields,Unavailable in Strava export,Unavailable in Strava export,activity_time_point_observation,,2026-04-24T20:00:00-07:00,2.0,1.0,0
2026-04-25,20:24:25 - Morning Inline Skate,https://handicapskater.com/common/maps/20260425-20_24_25-Morning Inline Skate-18266708986.html,False,False,,No precipitation at activity weather observation,Daily precipitation unavailable,,,,,54.32,54.32,54.32,Activity-time point observation,48.56,81,9.39513242663,9.39513242663,16.329634932,249,Activity-time point observation,12.4050544818,12.4050544818,Activity-time point observation,Cloud cover fraction 0.98,Strava weather condition code 3.0,2026-04-25T20:24:25-07:00,2026-04-25T22:36:45-07:00,True,1,,Unavailable in Strava export,,,,,,,Strava activity-time point weather observation,Activity-time Strava weather observation for 2026-04-25 20:24:25 - Morning Inline Skate: Strava weather condition code 3.0; temperature 54.32 F; wind 9.39513242663 mph; precipitation intensity 0 inches/hour. The upstream provider and station were not supplied by the export.,2026-04-25 20:24:25 - Morning Inline Skate,18266708986,2026-04-25T20:24:25-07:00,2026-04-25T22:36:45-07:00,Strava export activity weather fields,Unavailable in Strava export,Unavailable in Strava export,activity_time_point_observation,,2026-04-25T20:00:00-07:00,3.0,5.0,0
2026-05-01,20:49:18 - FNS,https://handicapskater.com/common/maps/20260501-20_49_18-FNS-18341437744.html,False,False,,No precipitation at activity weather observation,Daily precipitation unavailable,,,,,57.74,57.74,57.74,Activity-time point observation,50.9,78,12.9742304939,12.9742304939,21.2508947745,257,Activity-time point observation,11.0032410721,11.0032410721,Activity-time point observation,Cloud cover fraction 0.88,Strava weather condition code 3.0,2026-05-01T20:49:18-07:00,2026-05-01T23:49:02-07:00,True,1,,Unavailable in Strava export,,,,,,,Strava activity-time point weather observation,Activity-time Strava weather observation for 2026-05-01 20:49:18 - FNS: Strava weather condition code 3.0; temperature 57.74 F; wind 12.9742304939 mph; precipitation intensity 0 inches/hour. The upstream provider and station were not supplied by the export.,2026-05-01 20:49:18 - FNS,18341437744,2026-05-01T20:49:18-07:00,2026-05-01T23:49:02-07:00,Strava export activity weather fields,Unavailable in Strava export,Unavailable in Strava export,activity_time_point_observation,,2026-05-01T20:00:00-07:00,3.0,1.0,0
2026-05-02,20:36:00 - SNS,https://handicapskater.com/common/maps/20260502-20_36_00-SNS-18354487281.html,False,False,,No precipitation at activity weather observation,Daily precipitation unavailable,,,,,56.3,56.3,56.3,Activity-time point observation,49.82,79,10.5136005727,10.5136005727,17.6717967072,269,Activity-time point observation,12.3758500358,12.3758500358,Activity-time point observation,Cloud cover fraction 0.97,Strava weather condition code 3.0,2026-05-02T20:36:00-07:00,2026-05-02T23:26:28-07:00,True,1,,Unavailable in Strava export,,,,,,,Strava activity-time point weather observation,Activity-time Strava weather observation for 2026-05-02 20:36:00 - SNS: Strava weather condition code 3.0; temperature 56.3 F; wind 10.5136005727 mph; precipitation intensity 0 inches/hour. The upstream provider and station were not supplied by the export.,2026-05-02 20:36:00 - SNS,18354487281,2026-05-02T20:36:00-07:00,2026-05-02T23:26:28-07:00,Strava export activity weather fields,Unavailable in Strava export,Unavailable in Strava export,activity_time_point_observation,,2026-05-02T20:00:00-07:00,3.0,1.0,0
2026-05-08,20:49:54 - FNS,https://handicapskater.com/common/maps/20260508-20_49_54-FNS-18433730953.html,False,False,,No precipitation at activity weather observation,Daily precipitation unavailable,,,,,57.56,57.56,57.56,Activity-time point observation,50.9,78,9.84251968504,9.84251968504,17.6717967072,251,Activity-time point observation,12.389520202,12.389520202,Activity-time point observation,Cloud cover fraction 0.12,Strava weather condition code 1.0,2026-05-08T20:49:54-07:00,2026-05-08T23:51:42-07:00,True,1,,Unavailable in Strava export,,,,,,,Strava activity-time point weather observation,Activity-time Strava weather observation for 2026-05-08 20:49:54 - FNS: Strava weather condition code 1.0; temperature 57.56 F; wind 9.84251968504 mph; precipitation intensity 0 inches/hour. The upstream provider and station were not supplied by the export.,2026-05-08 20:49:54 - FNS,18433730953,2026-05-08T20:49:54-07:00,2026-05-08T23:51:42-07:00,Strava export activity weather fields,Unavailable in Strava export,Unavailable in Strava export,activity_time_point_observation,,2026-05-08T20:00:00-07:00,1.0,1.0,0
2026-05-09,20:38:23 - SNS,https://handicapskater.com/common/maps/20260509-20_38_23-SNS-18447200659.html,False,False,,No precipitation at activity weather observation,Daily precipitation unavailable,,,,,56.66,56.66,56.66,Activity-time point observation,52.52,86,10.7372942019,10.7372942019,21.0272011453,252,Activity-time point observation,10.1351855166,10.1351855166,Activity-time point observation,Cloud cover fraction 0.54,Strava weather condition code 2.0,2026-05-09T20:38:23-07:00,2026-05-09T23:31:31-07:00,True,1,,Unavailable in Strava export,,,,,,,Strava activity-time point weather observation,Activity-time Strava weather observation for 2026-05-09 20:38:23 - SNS: Strava weather condition code 2.0; temperature 56.66 F; wind 10.7372942019 mph; precipitation intensity 0 inches/hour. The upstream provider and station were not supplied by the export.,2026-05-09 20:38:23 - SNS,18447200659,2026-05-09T20:38:23-07:00,2026-05-09T23:31:31-07:00,Strava export activity weather fields,Unavailable in Strava export,Unavailable in Strava export,activity_time_point_observation,,2026-05-09T20:00:00-07:00,2.0,1.0,0
2026-05-15,20:50:26 - Evening Inline Skate,https://handicapskater.com/common/maps/20260515-20_50_26-Evening Inline Skate-18524663707.html,False,False,,No precipitation at activity weather observation,Daily precipitation unavailable,,,,,60.98,60.98,60.98,Activity-time point observation,49.1,65,10.7372942019,10.7372942019,19.4613457409,282,Activity-time point observation,17.1908554044,17.1908554044,Activity-time point observation,Cloud cover fraction 0.01,Strava weather condition code 1.0,2026-05-15T20:50:26-07:00,2026-05-15T23:49:40-07:00,True,1,,Unavailable in Strava export,,,,,,,Strava activity-time point weather observation,Activity-time Strava weather observation for 2026-05-15 20:50:26 - Evening Inline Skate: Strava weather condition code 1.0; temperature 60.98 F; wind 10.7372942019 mph; precipitation intensity 0 inches/hour. The upstream provider and station were not supplied by the export.,2026-05-15 20:50:26 - Evening Inline Skate,18524663707,2026-05-15T20:50:26-07:00,2026-05-15T23:49:40-07:00,Strava export activity weather fields,Unavailable in Strava export,Unavailable in Strava export,activity_time_point_observation,,2026-05-15T20:00:00-07:00,1.0,1.0,0
2026-05-16,20:44:02 - Evening Inline Skate,https://handicapskater.com/common/maps/20260516-20_44_02-Evening Inline Skate-18537736235.html,False,False,,No precipitation at activity weather observation,Daily precipitation unavailable,,,,,59.54,59.54,59.54,Activity-time point observation,47.48,64,6.71080887616,6.71080887616,12.7505368647,278,Activity-time point observation,17.1691074127,17.1691074127,Activity-time point observation,Cloud cover fraction 0.23,Strava weather condition code 1.0,2026-05-16T20:44:02-07:00,2026-05-16T23:30:58-07:00,True,1,,Unavailable in Strava export,,,,,,,Strava activity-time point weather observation,Activity-time Strava weather observation for 2026-05-16 20:44:02 - Evening Inline Skate: Strava weather condition code 1.0; temperature 59.54 F; wind 6.71080887616 mph; precipitation intensity 0 inches/hour. The upstream provider and station were not supplied by the export.,2026-05-16 20:44:02 - Evening Inline Skate,18537736235,2026-05-16T20:44:02-07:00,2026-05-16T23:30:58-07:00,Strava export activity weather fields,Unavailable in Strava export,Unavailable in Strava export,activity_time_point_observation,,2026-05-16T20:00:00-07:00,1.0,1.0,0
2026-05-22,20:49:38 - Evening Inline Skate,https://handicapskater.com/common/maps/20260522-20_49_38-Evening Inline Skate-18616633941.html,False,False,,No precipitation at activity weather observation,Daily precipitation unavailable,,,,,56.84,56.84,56.84,Activity-time point observation,51.98,84,10.5136005727,10.5136005727,17.6717967072,254,Activity-time point observation,7.67393422413,7.67393422413,Activity-time point observation,Cloud cover fraction 0.87,Strava weather condition code 3.0,2026-05-22T20:49:38-07:00,2026-05-22T23:50:45-07:00,True,1,,Unavailable in Strava export,,,,,,,Strava activity-time point weather observation,Activity-time Strava weather observation for 2026-05-22 20:49:38 - Evening Inline Skate: Strava weather condition code 3.0; temperature 56.84 F; wind 10.5136005727 mph; precipitation intensity 0 inches/hour. The upstream provider and station were not supplied by the export.,2026-05-22 20:49:38 - Evening Inline Skate,18616633941,2026-05-22T20:49:38-07:00,2026-05-22T23:50:45-07:00,Strava export activity weather fields,Unavailable in Strava export,Unavailable in Strava export,activity_time_point_observation,,2026-05-22T20:00:00-07:00,3.0,1.0,0
2026-05-23,22:43:50 - Night Inline Skate,https://handicapskater.com/common/maps/20260523-22_43_50-Night Inline Skate-18630272204.html,False,False,,No precipitation at activity weather observation,Daily precipitation unavailable,,,,,56.3,56.3,56.3,Activity-time point observation,51.44,84,10.7372942019,10.7372942019,21.6982820329,230,Activity-time point observation,10.3135190488,10.3135190488,Activity-time point observation,Cloud cover fraction 0.63,Strava weather condition code 3.0,2026-05-23T22:43:50-07:00,2026-05-24T00:27:27-07:00,True,1,,Unavailable in Strava export,,,,,,,Strava activity-time point weather observation,Activity-time Strava weather observation for 2026-05-23 22:43:50 - Night Inline Skate: Strava weather condition code 3.0; temperature 56.3 F; wind 10.7372942019 mph; precipitation intensity 0 inches/hour. The upstream provider and station were not supplied by the export.,2026-05-23 22:43:50 - Night Inline Skate,18630272204,2026-05-23T22:43:50-07:00,2026-05-24T00:27:27-07:00,Strava export activity weather fields,Unavailable in Strava export,Unavailable in Strava export,activity_time_point_observation,,2026-05-23T22:00:00-07:00,3.0,1.0,0
2026-05-29,20:51:08 - Night Inline Skate,https://handicapskater.com/common/maps/20260529-20_51_08-Night Inline Skate-18710575511.html,False,False,,No precipitation at activity weather observation,Daily precipitation unavailable,,,,,55.22,55.22,55.22,Activity-time point observation,52.34,90,11.6320687187,11.6320687187,18.3428775948,252,Activity-time point observation,10.7111966118,10.7111966118,Activity-time point observation,Cloud cover fraction 0.26,Strava weather condition code 1.0,2026-05-29T20:51:08-07:00,2026-05-29T23:47:26-07:00,True,1,,Unavailable in Strava export,,,,,,,Strava activity-time point weather observation,Activity-time Strava weather observation for 2026-05-29 20:51:08 - Night Inline Skate: Strava weather condition code 1.0; temperature 55.22 F; wind 11.6320687187 mph; precipitation intensity 0 inches/hour. The upstream provider and station were not supplied by the export.,2026-05-29 20:51:08 - Night Inline Skate,18710575511,2026-05-29T20:51:08-07:00,2026-05-29T23:47:26-07:00,Strava export activity weather fields,Unavailable in Strava export,Unavailable in Strava export,activity_time_point_observation,,2026-05-29T20:00:00-07:00,1.0,1.0,0
2026-05-30,20:32:52 - Evening Inline Skate,https://handicapskater.com/common/maps/20260530-20_32_52-Evening Inline Skate-18723649999.html,False,False,,No precipitation at activity weather observation,Daily precipitation unavailable,,,,,58.28,58.28,58.28,Activity-time point observation,50.54,75,9.61882605583,9.61882605583,15.4348604152,257,Activity-time point observation,12.7331384713,12.7331384713,Activity-time point observation,Cloud cover fraction 0.05,Strava weather condition code 1.0,2026-05-30T20:32:52-07:00,2026-05-30T23:07:59-07:00,True,1,,Unavailable in Strava export,,,,,,,Strava activity-time point weather observation,Activity-time Strava weather observation for 2026-05-30 20:32:52 - Evening Inline Skate: Strava weather condition code 1.0; temperature 58.28 F; wind 9.61882605583 mph; precipitation intensity 0 inches/hour. The upstream provider and station were not supplied by the export.,2026-05-30 20:32:52 - Evening Inline Skate,18723649999,2026-05-30T20:32:52-07:00,2026-05-30T23:07:59-07:00,Strava export activity weather fields,Unavailable in Strava export,Unavailable in Strava export,activity_time_point_observation,,2026-05-30T20:00:00-07:00,1.0,1.0,0
2026-06-05,20:48:07 - Evening Inline Skate,https://handicapskater.com/common/maps/20260605-20_48_07-Evening Inline Skate-18805188913.html,False,False,,No precipitation at activity weather observation,Daily precipitation unavailable,,,,,59.36,59.36,59.36,Activity-time point observation,49.46,70,10.9609878311,10.9609878311,16.329634932,249,Activity-time point observation,17.2629344627,17.2629344627,Activity-time point observation,Cloud cover fraction 0.05,Strava weather condition code 1.0,2026-06-05T20:48:07-07:00,2026-06-05T23:50:03-07:00,True,1,,Unavailable in Strava export,,,,,,,Strava activity-time point weather observation,Activity-time Strava weather observation for 2026-06-05 20:48:07 - Evening Inline Skate: Strava weather condition code 1.0; temperature 59.36 F; wind 10.9609878311 mph; precipitation intensity 0 inches/hour. The upstream provider and station were not supplied by the export.,2026-06-05 20:48:07 - Evening Inline Skate,18805188913,2026-06-05T20:48:07-07:00,2026-06-05T23:50:03-07:00,Strava export activity weather fields,Unavailable in Strava export,Unavailable in Strava export,activity_time_point_observation,,2026-06-05T20:00:00-07:00,1.0,1.0,0
2026-06-06,20:44:35 - Evening Inline Skate,https://handicapskater.com/common/maps/20260606-20_44_35-Evening Inline Skate-18818462856.html,False,False,,No precipitation at activity weather observation,Daily precipitation unavailable,,,,,58.28,58.28,58.28,Activity-time point observation,47.3,67,12.5268432355,12.5268432355,20.3561202577,269,Activity-time point observation,15.7063996262,15.7063996262,Activity-time point observation,Cloud cover fraction 0.0,Strava weather condition code 1.0,2026-06-06T20:44:35-07:00,2026-06-06T22:53:32-07:00,True,1,,Unavailable in Strava export,,,,,,,Strava activity-time point weather observation,Activity-time Strava weather observation for 2026-06-06 20:44:35 - Evening Inline Skate: Strava weather condition code 1.0; temperature 58.28 F; wind 12.5268432355 mph; precipitation intensity 0 inches/hour. The upstream provider and station were not supplied by the export.,2026-06-06 20:44:35 - Evening Inline Skate,18818462856,2026-06-06T20:44:35-07:00,2026-06-06T22:53:32-07:00,Strava export activity weather fields,Unavailable in Strava export,Unavailable in Strava export,activity_time_point_observation,,2026-06-06T20:00:00-07:00,1.0,1.0,0
2026-06-12,20:49:46 - Evening Inline Skate,https://handicapskater.com/common/maps/20260612-20_49_46-Evening Inline Skate-18898789913.html,False,False,,No precipitation at activity weather observation,Daily precipitation unavailable,,,,,58.46,58.46,58.46,Activity-time point observation,54.68,87,9.17143879742,9.17143879742,15.211166786,251,Activity-time point observation,7.94423069275,7.94423069275,Activity-time point observation,Cloud cover fraction 0.46,Strava weather condition code 2.0,2026-06-12T20:49:46-07:00,2026-06-12T23:55:28-07:00,True,1,,Unavailable in Strava export,,,,,,,Strava activity-time point weather observation,Activity-time Strava weather observation for 2026-06-12 20:49:46 - Evening Inline Skate: Strava weather condition code 2.0; temperature 58.46 F; wind 9.17143879742 mph; precipitation intensity 0 inches/hour. The upstream provider and station were not supplied by the export.,2026-06-12 20:49:46 - Evening Inline Skate,18898789913,2026-06-12T20:49:46-07:00,2026-06-12T23:55:28-07:00,Strava export activity weather fields,Unavailable in Strava export,Unavailable in Strava export,activity_time_point_observation,,2026-06-12T20:00:00-07:00,2.0,1.0,0
2026-06-13,20:44:25 - Evening Inline Skate,https://handicapskater.com/common/maps/20260613-20_44_25-Evening Inline Skate-18912132986.html,False,False,,No precipitation at activity weather observation,Daily precipitation unavailable,,,,,61.16,61.16,61.16,Activity-time point observation,55.58,82,7.82927702219,7.82927702219,15.8822476736,270,Activity-time point observation,10.3414807524,10.3414807524,Activity-time point observation,Cloud cover fraction 0.64,Strava weather condition code 3.0,2026-06-13T20:44:25-07:00,2026-06-13T23:41:18-07:00,True,1,,Unavailable in Strava export,,,,,,,Strava activity-time point weather observation,Activity-time Strava weather observation for 2026-06-13 20:44:25 - Evening Inline Skate: Strava weather condition code 3.0; temperature 61.16 F; wind 7.82927702219 mph; precipitation intensity 0 inches/hour. The upstream provider and station were not supplied by the export.,2026-06-13 20:44:25 - Evening Inline Skate,18912132986,2026-06-13T20:44:25-07:00,2026-06-13T23:41:18-07:00,Strava export activity weather fields,Unavailable in Strava export,Unavailable in Strava export,activity_time_point_observation,,2026-06-13T20:00:00-07:00,3.0,1.0,0
2026-06-19,20:48:20 - Evening Inline Skate,https://handicapskater.com/common/maps/20260619-20_48_20-Evening Inline Skate-18992326893.html,False,False,,No precipitation at activity weather observation,Daily precipitation unavailable,,,,,62.78,62.78,62.78,Activity-time point observation,55.76,78,9.17143879742,9.17143879742,15.6585540444,252,Activity-time point observation,12.7263033882,12.7263033882,Activity-time point observation,Cloud cover fraction 0.52,Strava weather condition code 2.0,2026-06-19T20:48:20-07:00,2026-06-19T23:48:40-07:00,True,1,,Unavailable in Strava export,,,,,,,Strava activity-time point weather observation,Activity-time Strava weather observation for 2026-06-19 20:48:20 - Evening Inline Skate: Strava weather condition code 2.0; temperature 62.78 F; wind 9.17143879742 mph; precipitation intensity 0 inches/hour. The upstream provider and station were not supplied by the export.,2026-06-19 20:48:20 - Evening Inline Skate,18992326893,2026-06-19T20:48:20-07:00,2026-06-19T23:48:40-07:00,Strava export activity weather fields,Unavailable in Strava export,Unavailable in Strava export,activity_time_point_observation,,2026-06-19T20:00:00-07:00,2.0,1.0,0
2026-06-20,21:26:06 - Night Inline Skate,https://handicapskater.com/common/maps/20260620-21_26_06-Night Inline Skate-19005519429.html,False,False,,No precipitation at activity weather observation,Daily precipitation unavailable,,,,,60.08,60.08,60.08,Activity-time point observation,54.32,81,8.50035790981,8.50035790981,15.4348604152,264,Activity-time point observation,12.1043108248,12.1043108248,Activity-time point observation,Cloud cover fraction 0.14,Strava weather condition code 1.0,2026-06-20T21:26:06-07:00,2026-06-20T23:55:24-07:00,True,1,,Unavailable in Strava export,,,,,,,Strava activity-time point weather observation,Activity-time Strava weather observation for 2026-06-20 21:26:06 - Night Inline Skate: Strava weather condition code 1.0; temperature 60.08 F; wind 8.50035790981 mph; precipitation intensity 0 inches/hour. The upstream provider and station were not supplied by the export.,2026-06-20 21:26:06 - Night Inline Skate,19005519429,2026-06-20T21:26:06-07:00,2026-06-20T23:55:24-07:00,Strava export activity weather fields,Unavailable in Strava export,Unavailable in Strava export,activity_time_point_observation,,2026-06-20T21:00:00-07:00,1.0,1.0,0
2026-06-26,20:48:47 - Night Inline Skate,https://handicapskater.com/common/maps/20260626-20_48_47-Night Inline Skate-19081548272.html,False,False,,No precipitation at activity weather observation,Daily precipitation unavailable,,,,,60.8,60.8,60.8,Activity-time point observation,57.2,88,9.84251968504,9.84251968504,17.2244094488,251,Activity-time point observation,9.24786745407,9.24786745407,Activity-time point observation,Cloud cover fraction 0.76,Strava weather condition code 3.0,2026-06-26T20:48:47-07:00,2026-06-26T23:58:18-07:00,True,1,,Unavailable in Strava export,,,,,,,Strava activity-time point weather observation,Activity-time Strava weather observation for 2026-06-26 20:48:47 - Night Inline Skate: Strava weather condition code 3.0; temperature 60.8 F; wind 9.84251968504 mph; precipitation intensity 0 inches/hour. The upstream provider and station were not supplied by the export.,2026-06-26 20:48:47 - Night Inline Skate,19081548272,2026-06-26T20:48:47-07:00,2026-06-26T23:58:18-07:00,Strava export activity weather fields,Unavailable in Strava export,Unavailable in Strava export,activity_time_point_observation,,2026-06-26T20:00:00-07:00,3.0,1.0,0
2026-06-27,20:38:59 - Night Inline Skate,https://handicapskater.com/common/maps/20260627-20_38_59-Night Inline Skate-19093568834.html,False,False,,No precipitation at activity weather observation,Daily precipitation unavailable,,,,,62.78,62.78,62.78,Activity-time point observation,51.62,67,10.0662133142,10.0662133142,16.5533285612,263,Activity-time point observation,15.5342798059,15.5342798059,Activity-time point observation,Cloud cover fraction 0.06,Strava weather condition code 1.0,2026-06-27T20:38:59-07:00,2026-06-27T22:47:30-07:00,True,1,,Unavailable in Strava export,,,,,,,Strava activity-time point weather observation,Activity-time Strava weather observation for 2026-06-27 20:38:59 - Night Inline Skate: Strava weather condition code 1.0; temperature 62.78 F; wind 10.0662133142 mph; precipitation intensity 0 inches/hour. The upstream provider and station were not supplied by the export.,2026-06-27 20:38:59 - Night Inline Skate,19093568834,2026-06-27T20:38:59-07:00,2026-06-27T22:47:30-07:00,Strava export activity weather fields,Unavailable in Strava export,Unavailable in Strava export,activity_time_point_observation,,2026-06-27T20:00:00-07:00,1.0,1.0,0
2026-07-04,20:43:50 - Night Inline Skate,https://handicapskater.com/common/maps/20260704-20_43_50-Night Inline Skate-19184493888.html,False,False,,No precipitation at activity weather observation,Daily precipitation unavailable,,,,,57.56,57.56,57.56,Activity-time point observation,53.42,86,7.60558339298,7.60558339298,14.0926986399,249,Activity-time point observation,9.4056957369,9.4056957369,Activity-time point observation,Cloud cover fraction 0.9,Strava weather condition code 3.0,2026-07-04T20:43:50-07:00,2026-07-04T23:43:00-07:00,True,1,,Unavailable in Strava export,,,,,,,Strava activity-time point weather observation,Activity-time Strava weather observation for 2026-07-04 20:43:50 - Night Inline Skate: Strava weather condition code 3.0; temperature 57.56 F; wind 7.60558339298 mph; precipitation intensity 0 inches/hour. The upstream provider and station were not supplied by the export.,2026-07-04 20:43:50 - Night Inline Skate,19184493888,2026-07-04T20:43:50-07:00,2026-07-04T23:43:00-07:00,Strava export activity weather fields,Unavailable in Strava export,Unavailable in Strava export,activity_time_point_observation,,2026-07-04T20:00:00-07:00,3.0,1.0,0
